-- phpMyAdmin SQL Dump
-- version 4.1.9
-- http://www.phpmyadmin.net
--
-- Client :  letronedeferjce.mysql.db
-- Généré le :  Jeu 23 Avril 2015 à 01:43
-- Version du serveur :  5.1.73-2+squeeze+build1+1-log
-- Version de PHP :  5.3.8

SET SQL_MODE = "NO_AUTO_VALUE_ON_ZERO";
SET time_zone = "+00:00";


/*!40101 SET @OLD_CHARACTER_SET_CLIENT=@@CHARACTER_SET_CLIENT */;
/*!40101 SET @OLD_CHARACTER_SET_RESULTS=@@CHARACTER_SET_RESULTS */;
/*!40101 SET @OLD_COLLATION_CONNECTION=@@COLLATION_CONNECTION */;
/*!40101 SET NAMES utf8 */;

--
-- Base de données :  `letronedeferjce`
--
CREATE DATABASE IF NOT EXISTS `letronedeferjce` DEFAULT CHARACTER SET utf8 COLLATE utf8_general_ci;
USE `letronedeferjce`;

-- --------------------------------------------------------

--
-- Structure de la table `article_article`
--

CREATE TABLE IF NOT EXISTS `article_article` (
  `ArticleID` int(11) NOT NULL AUTO_INCREMENT,
  `Nom` varchar(255) CHARACTER SET latin1 NOT NULL,
  `Contenu` text CHARACTER SET latin1 NOT NULL,
  `Extrait` text CHARACTER SET latin1 NOT NULL,
  `Online` int(11) NOT NULL,
  `Slug` varchar(255) CHARACTER SET latin1 NOT NULL,
  `Creation` datetime NOT NULL,
  `Modification` datetime NOT NULL,
  `Auteur` int(11) NOT NULL,
  `Categorie` int(11) NOT NULL,
  PRIMARY KEY (`ArticleID`),
  KEY `fk_auteur` (`Auteur`),
  KEY `fk_categorie` (`Categorie`)
) ENGINE=InnoDB  DEFAULT CHARSET=utf8 COLLATE=utf8_unicode_ci AUTO_INCREMENT=18 ;

--
-- Contenu de la table `article_article`
--

INSERT INTO `article_article` (`ArticleID`, `Nom`, `Contenu`, `Extrait`, `Online`, `Slug`, `Creation`, `Modification`, `Auteur`, `Categorie`) VALUES
(15, ' [Joute] Les cartes indispensables à acheter en Lannister', '<div>Salut les lions !<br /><br />Histoire de compl&eacute;ter un peu le topic des conseils d''achat pour jouer Lannister (<a class="postlink" href="http://letronedeferjce.forumactif.com/t1098-quoi-acheter-pour-jouer-lannister">visible ici-m&ecirc;me</a>), voici un petit topic qui liste sommairement les cartes auto-include dans la maison Lannister, c''est-&agrave;-dire les cartes qu''on retrouvera dans une grosse majorit&eacute; des decks quelle que soit la th&eacute;matique. Ces cartes sont donc en g&eacute;n&eacute;ral celles que les d&eacute;butants Lannister doivent acheter en priorit&eacute; car elles ont leur place quasiment partout ; et ce sujet permettra donc de les aider pour savoir o&ugrave; commencer pour jouer notre belle et fi&egrave;re maison de Castral Roc <img src="http://r12.imgfast.net/users/1211/19/27/76/smiles/617630097.png" alt="" longdesc="45" /><br /><br />Attention, cette liste ne veut pas dire que tout deck ne contenant pas ces cartes est automatiquement consid&eacute;r&eacute; comme mauvais <img src="http://illiweb.com/fa/i/smiles/icon_wink.gif" alt="Wink" longdesc="15" /> &nbsp;Certains d''entre elles, notamment les &eacute;v&eacute;nements, sont d''autant plus fortes dans un deck un particulier, alors que d''autres th&eacute;matiques demanderont d''autres cartes plus sp&eacute;cifiques ; il s''agit juste ici d''une base de cartes intrins&egrave;quement fortes. <br />Et n''oubliez pas que pour progresser, il faut parfois savoir s''affranchir des normes.<br /><br />Pour que les n&eacute;ophytes s''y retrouvent plus facilement j''ai mis dans cette liste les liens vers les images AGOTCards des cartes, et entre parenth&egrave;ses les noms fran&ccedil;ais des chapitres dans lesquels se trouvent ces cartes.<br /><br /><br />- <strong>Complot</strong> :<br /><br />\r\n<ul>\r\n<li><a class="postlink" href="http://www.agotcards.org/card/nset/89/4616" target="_blank" rel="nofollow">Le Plan de Cersei</a> (Les Pirates de Lys) : &Ecirc;tre premier joueur, passer ses 3 d&eacute;fis, incliner 3 personnages adverses. Autre chose ?</li>\r\n</ul>\r\n<br /><br />- <strong>Personnages</strong> :<br /><br />\r\n<ul>\r\n<li><a class="postlink" href="http://www.agotcards.org/card/v/405" target="_blank" rel="nofollow">R&eacute;fugi&eacute; des Montagnes</a> (R&eacute;fugi&eacute;s de Guerre) : 2 de FOR pour 0, de bonnes ic&ocirc;nes, am&eacute;liore les setups et la force en d&eacute;fi.</li>\r\n<li><a class="postlink" href="http://www.agotcards.org/card/v/426" target="_blank" rel="nofollow">Tommen Baratheon</a> (Arm&eacute;es Dispers&eacute;es) : L''unique <em>Roi</em> qui compte, et en plus, il pioche.</li>\r\n<li><a class="postlink" href="http://www.agotcards.org/card/v/62" target="_blank" rel="nofollow">Armurier de Port-Lannis</a> / <a class="postlink" href="http://www.agotcards.org/card/v/4414" target="_blank" rel="nofollow">Usurier de Port-Lannis</a> / <a class="postlink" href="http://www.agotcards.org/card/v/663" target="_blank" rel="nofollow">Conseiller de Port-Lannis</a> (Core Set / Lions du Roc / Retour des Autres) : Toute la richesse du Roc &agrave; port&eacute;e de main.</li>\r\n<li><a class="postlink" href="http://www.agotcards.org/card/v/4794" target="_blank" rel="nofollow">Janos Slynt</a> (Le Cor de l''Eveil) : Toujours de la pioche, et celle-l&agrave; fait plusieurs d&eacute;fis.</li>\r\n<li><a class="postlink" href="http://www.agotcards.org/card/v/523" target="_blank" rel="nofollow">Qyburn</a> (Secrets d''Espions) : L''homme qui peut changer &agrave; lui tout seul une phase de d&eacute;fis.</li>\r\n<li><a class="postlink" href="http://www.agotcards.org/card/v/4650" target="_blank" rel="nofollow">Margaery Tyrell</a> (Le Vent Tourne) : Une <em>Reine</em> qui fait de l''inclinaison agressive, c''est &eacute;n&ocirc;rmeuh !</li>\r\n<li><a class="postlink" href="http://www.agotcards.org/card/v/696" target="_blank" rel="nofollow">Ser Arys du Rouvre</a> (Princes du Soleil) : Un de nos rares <em>Renom</em>, et un effet bien impactant sur la table.</li>\r\n<li><a class="postlink" href="http://www.agotcards.org/card/v/4398" target="_blank" rel="nofollow">Cersei Lannister</a> (Lions du Roc) : Immense en Pouvoir Derri&egrave;re le Tr&ocirc;ne, tr&egrave;s forte ailleurs, rendons hommage &agrave; la Vraie Reine !</li>\r\n<li><a class="postlink" href="http://www.agotcards.org/card/v/4772" target="_blank" rel="nofollow">Tywin Lannister</a> (La Garde Royale) : Certains disent qu''il gagne tout seul... Peut-&ecirc;tre le meilleur perso &agrave; 4 or du jeu.</li>\r\n<li><a class="postlink" href="http://www.agotcards.org/card/v/4634" target="_blank" rel="nofollow">Brigands de la Maison Clegane</a> (Le Vent Tourne) : Si vous n''avez pas d''agenda, cette carte m&eacute;rite sans nul doute d''&ecirc;tre jou&eacute;e en x3 sans r&eacute;fl&eacute;chir.</li>\r\n</ul>\r\n<br /><br />- <strong>Lieux</strong> :<br /><br />\r\n<ul>\r\n<li><a class="postlink" href="http://www.agotcards.org/card/v/66" target="_blank" rel="nofollow">Mines de la Dent d''Or</a> (Core Set) : Cette carte est l''essence m&ecirc;me de la maison Lannister : la pioooooche !</li>\r\n<li><a class="postlink" href="http://www.agotcards.org/card/v/4423" target="_blank" rel="nofollow">Le Tr&ocirc;ne de Fer</a> (Lions du Roc) : Annuler c''est fort ; incliner ensuite c''est encore mieux. A noter qu''il annule aussi les sauvegardes par doublon <img src="http://illiweb.com/fa/i/smiles/icon_wink.gif" alt="Wink" longdesc="15" /></li>\r\n</ul>\r\n<br /><br />- <strong>&Eacute;v&eacute;nements</strong> :<br /><br />\r\n<ul>\r\n<li><a class="postlink" href="http://www.agotcards.org/card/v/4815" target="_blank" rel="nofollow">Harc&egrave;lement du Conflans</a> (Confr&eacute;rie Oubli&eacute;e) : Cet event est une star internationale depuis le retour des R&eacute;fugi&eacute;s. Il brille &eacute;videmment dans les decks orient&eacute;s inclinaison</li>\r\n<li><a class="postlink" href="http://www.agotcards.org/card/v/4434" target="_blank" rel="nofollow">Appel au Meurtre</a> (Lions du Roc) : Concr&eacute;tise notre domination en intrigue par l''&eacute;crasement inconditionnel de la table adverse. Un must pour les decks agressifs</li>\r\n<li><a class="postlink" href="http://www.agotcards.org/card/v/158" target="_blank" rel="nofollow">Je suis votre R&eacute;plique, P&egrave;re</a> (Core Set) : Le petit kill surprise qui va bien, avec un bonus de force. Combinaison inf&acirc;me avec Margaery Tyrell</li>\r\n<li><a class="postlink" href="http://www.agotcards.org/card/v/4337" target="_blank" rel="nofollow">Une Maison Divis&eacute;e</a> (O&ugrave; M&egrave;ne la Loyaut&eacute;) : Contr&ocirc;le radical de personnages adverses, pas toujours facile &agrave; placer mais g&egrave;re admirablement les gros persos et les Cannot be Killed par exemple</li>\r\n<li><a class="postlink" href="http://www.agotcards.org/card/v/4433" target="_blank" rel="nofollow">Unique Jeu qui Compte</a> (Lions du Roc) : Oui, je triche un peu, c''est pas un event Lannister... mais il est tellement surpuissant et taill&eacute; pour la maison que je ne peux pas ne pas l''&eacute;voquer</li>\r\n</ul>\r\n<br /><br />- <strong>Attachements</strong> :<br /><br />\r\n<ul>\r\n<li><a class="postlink" href="http://www.agotcards.org/card/v/4393" target="_blank" rel="nofollow">Pleurs-de-Veuve</a> (Lions du Roc) : &Ccedil;a se voit qu''on aime la pioche non ? Carte fabuleuse, encore plus int&eacute;ressante sur les personnages multi-d&eacute;fis comme les Brigands, Cersei ou Tywin.</li>\r\n<li><a class="postlink" href="http://www.agotcards.org/card/v/4540" target="_blank" rel="nofollow">Encha&icirc;n&eacute;</a> (La Maison du Noir et du Blanc) : Une superbe arme qui cr&eacute;e un gros diff&eacute;rentiel &agrave; la table. Nos persos sont un peu mous parfois, jouons avec ceux des autres !</li>\r\n</ul>\r\n<br /><br /><br />Petit apart&eacute; pour finir sur les cartes restreintes de joute dans la maison Lannister. Toutes extr&ecirc;mement puissantes dans leur genre, chacune convient &agrave; un style de jeu diff&eacute;rent.<br /><br />- <strong>Les cartes restreintes</strong> :<br /><br />\r\n<ul>\r\n<li><a class="postlink" href="http://www.agotcards.org/card/v/293" target="_blank" rel="nofollow">Intendant du Roc</a> (Bataille du Gu&eacute; aux Rubis) : Ce personnage solide g&egrave;re un personnage adverse par tour, et est la pierre angulaire des decks inclinaison. Attention toutefois &agrave; la R&eacute;ponse Limit&eacute;e...</li>\r\n<li><a class="postlink" href="http://www.agotcards.org/card/v/213" target="_blank" rel="nofollow">Cache du Pyromant</a> (Guerre des Cinq Rois) : La meilleure carte de pioche du jeu. Imm&eacute;diatement rentabilis&eacute;e, d&eacute;cupl&eacute;e par nos divers Rois/Reines, elle est souvent vue dans les decks agressifs.</li>\r\n<li><a class="postlink" href="http://www.agotcards.org/card/v/4517" target="_blank" rel="nofollow">Manoir Pentoshi</a> (Une Ma&icirc;tresse Exigeante) : Arme fatale de contr&ocirc;le de d&eacute;fis, le Manoir compl&egrave;te parfaitement l''inclinaison des Lannister. Malheureusement impossible &agrave; jouer avec l''Intendant, ce qui la cantonne g&eacute;n&eacute;ralement hors des decks comp&eacute;titifs.</li>\r\n</ul>\r\n</div>', 'Histoire de compléter un peu le topic des conseils d''achat pour jouer Lannister , voici un petit topic qui liste sommairement les cartes auto-include dans la maison Lannister, c''est-à-dire les cartes qu''on retrouvera dans une grosse majorité des decks quelle que soit la thématique. Ces cartes sont donc en général celles que les débutants Lannister doivent acheter en priorité car elles ont leur place quasiment partout ; et ce sujet permettra donc de les aider pour savoir où commencer pour jouer notre', 1, '', '2014-07-04 08:43:15', '0000-00-00 00:00:00', 3, 1),
(17, 'Cycle 11 / Chapitre 2 – La Bourse du Champion', '<section class="entry-content clearfix">\r\n<blockquote>\r\n<p><span style="color: #000000;">Salut les fans de la Montagne ! (et les autres) &nbsp;</span><br style="color: #000000;" /><br style="color: #000000;" /><span style="color: #000000;">Avec beaucoup d&rsquo;avance (sisi), voici enfin la critique du chapitre 2 du cycle Conquest and Defiance ! A quelques jours du CF, n&rsquo;h&eacute;sitez pas &agrave; consulter les pertinentes analyses de notre grande team d&rsquo;experts, et &agrave; r&eacute;agir sur ce qui vous pla&icirc;t ou non.</span><br style="color: #000000;" /><br style="color: #000000;" /><span style="color: #000000;">Merci une nouvelle fois &agrave; Dunk et Vince, ainsi qu&rsquo;&agrave; la team de critiques, en perp&eacute;tuelle &eacute;volution comme vous le constaterez.</span><br style="color: #000000;" /><span style="color: #000000;">D&rsquo;ailleurs, si jamais toi, lecteur de cette critique, tu es motiv&eacute; pour participer &agrave; cette formidable (fooooormidableuh !) aventure, manifeste toi ici-m&ecirc;me ou par MP. De nouvelles t&ecirc;tes sont toujours bienvenues, et on a besoin de monde que ce soit pour la critique du chapitre 3 ou les suivantes !</span><br style="color: #000000;" /><br style="color: #000000;" /><span style="color: #000000;">En un mot comme en cent, bonne lecture &agrave; tous !&nbsp;</span><br style="color: #000000;" /><br style="color: #000000;" /><br style="color: #000000;" /></p>\r\n</blockquote>\r\n<div style="color: #000000;" align="center">\r\n<p><a class="postlink cb-lightbox" style="color: #5493b4;" href="http://www.hostingpics.net/viewer.php?id=221458Diapositive1.jpg" target="_blank" rel="nofollow"><img src="http://img4.hostingpics.net/pics/221458Diapositive1.jpg" alt="" border="0" /></a></p>\r\n<p><a class="postlink cb-lightbox" style="color: #5493b4;" href="http://www.hostingpics.net/viewer.php?id=500090Diapositive2.jpg" target="_blank" rel="nofollow"><img src="http://img4.hostingpics.net/pics/500090Diapositive2.jpg" alt="" border="0" /></a></p>\r\n<p>&nbsp;</p>\r\n<hr />\r\n<p><a class="postlink cb-lightbox" style="color: #5493b4;" href="http://www.hostingpics.net/viewer.php?id=771587Diapositive3.jpg" target="_blank" rel="nofollow"><img src="http://img4.hostingpics.net/pics/771587Diapositive3.jpg" alt="" border="0" /></a></p>\r\n<p><a class="postlink cb-lightbox" style="color: #5493b4;" href="http://www.hostingpics.net/viewer.php?id=959290Diapositive4.jpg" target="_blank" rel="nofollow"><img src="http://img4.hostingpics.net/pics/959290Diapositive4.jpg" alt="" border="0" /></a></p>\r\n<p>&nbsp;</p>\r\n<hr />\r\n<p><a class="postlink cb-lightbox" style="color: #5493b4;" href="http://www.hostingpics.net/viewer.php?id=915185Diapositive5.jpg" target="_blank" rel="nofollow"><img src="http://img4.hostingpics.net/pics/915185Diapositive5.jpg" alt="" border="0" /></a></p>\r\n<p><a class="postlink cb-lightbox" style="color: #5493b4;" href="http://www.hostingpics.net/viewer.php?id=897637Diapositive6.jpg" target="_blank" rel="nofollow"><img src="http://img4.hostingpics.net/pics/897637Diapositive6.jpg" alt="" border="0" /></a></p>\r\n<p>&nbsp;</p>\r\n<hr />\r\n<p><a class="postlink cb-lightbox" style="color: #5493b4;" href="http://www.hostingpics.net/viewer.php?id=459123Diapositive7.jpg" target="_blank" rel="nofollow"><img src="http://img4.hostingpics.net/pics/459123Diapositive7.jpg" alt="" border="0" /></a></p>\r\n<p><a class="postlink cb-lightbox" style="color: #5493b4;" href="http://www.hostingpics.net/viewer.php?id=966533Diapositive8.jpg" target="_blank" rel="nofollow"><img src="http://img4.hostingpics.net/pics/966533Diapositive8.jpg" alt="" border="0" /></a></p>\r\n<p>&nbsp;</p>\r\n<hr />\r\n<p><a class="postlink cb-lightbox" style="color: #5493b4;" href="http://www.hostingpics.net/viewer.php?id=233564Diapositive9.jpg" target="_blank" rel="nofollow"><img src="http://img4.hostingpics.net/pics/233564Diapositive9.jpg" alt="" border="0" /></a></p>\r\n<p><a class="postlink cb-lightbox" style="color: #5493b4;" href="http://www.hostingpics.net/viewer.php?id=561766Diapositive10.jpg" target="_blank" rel="nofollow"><img src="http://img4.hostingpics.net/pics/561766Diapositive10.jpg" alt="" border="0" /></a></p>\r\n<p>&nbsp;</p>\r\n<hr />\r\n<p><a class="postlink cb-lightbox" style="color: #5493b4;" href="http://www.hostingpics.net/viewer.php?id=926520Diapositive11.jpg" target="_blank" rel="nofollow"><img src="http://img4.hostingpics.net/pics/926520Diapositive11.jpg" alt="" border="0" /></a></p>\r\n<p><a class="postlink cb-lightbox" style="color: #5493b4;" href="http://www.hostingpics.net/viewer.php?id=942458Diapositive12.jpg" target="_blank" rel="nofollow"><img src="http://img4.hostingpics.net/pics/942458Diapositive12.jpg" alt="" border="0" /></a></p>\r\n<p>&nbsp;</p>\r\n<hr />\r\n<p><a class="postlink cb-lightbox" style="color: #5493b4;" href="http://www.hostingpics.net/viewer.php?id=859633Diapositive13.jpg" target="_blank" rel="nofollow"><img src="http://img4.hostingpics.net/pics/859633Diapositive13.jpg" alt="" border="0" /></a></p>\r\n<p><a class="postlink cb-lightbox" style="color: #5493b4;" href="http://www.hostingpics.net/viewer.php?id=137813Diapositive14.jpg" target="_blank" rel="nofollow"><img src="http://img4.hostingpics.net/pics/137813Diapositive14.jpg" alt="" border="0" /></a></p>\r\n<p>&nbsp;</p>\r\n<hr />\r\n<p><a class="postlink cb-lightbox" style="color: #5493b4;" href="http://www.hostingpics.net/viewer.php?id=705136Diapositive15.jpg" target="_blank" rel="nofollow"><img src="http://img4.hostingpics.net/pics/705136Diapositive15.jpg" alt="" border="0" /></a></p>\r\n<p><a class="postlink cb-lightbox" style="color: #5493b4;" href="http://www.hostingpics.net/viewer.php?id=997482Diapositive16.jpg" target="_blank" rel="nofollow"><img src="http://img4.hostingpics.net/pics/997482Diapositive16.jpg" alt="" border="0" /></a></p>\r\n<p>&nbsp;</p>\r\n<hr />\r\n<p><a class="postlink cb-lightbox" style="color: #5493b4;" href="http://www.hostingpics.net/viewer.php?id=942068Diapositive17.jpg" target="_blank" rel="nofollow"><img src="http://img4.hostingpics.net/pics/942068Diapositive17.jpg" alt="" border="0" /></a></p>\r\n<p><a class="postlink cb-lightbox" style="color: #5493b4;" href="http://www.hostingpics.net/viewer.php?id=687620Diapositive18.jpg" target="_blank" rel="nofollow"><img src="http://img4.hostingpics.net/pics/687620Diapositive18.jpg" alt="" border="0" /></a></p>\r\n<p>&nbsp;</p>\r\n<hr />\r\n<p><a class="postlink cb-lightbox" style="color: #5493b4;" href="http://www.hostingpics.net/viewer.php?id=677782Diapositive19.jpg" target="_blank" rel="nofollow"><img src="http://img4.hostingpics.net/pics/677782Diapositive19.jpg" alt="" border="0" /></a></p>\r\n<p><a class="postlink cb-lightbox" style="color: #5493b4;" href="http://www.hostingpics.net/viewer.php?id=540467Diapositive20.jpg" target="_blank" rel="nofollow"><img src="http://img4.hostingpics.net/pics/540467Diapositive20.jpg" alt="" border="0" /></a></p>\r\n<p>&nbsp;</p>\r\n<hr />\r\n<p><a class="postlink cb-lightbox" style="color: #5493b4;" href="http://www.hostingpics.net/viewer.php?id=571258Diapositive21.jpg" target="_blank" rel="nofollow"><img src="http://img4.hostingpics.net/pics/571258Diapositive21.jpg" alt="" border="0" /></a></p>\r\n<p><a class="postlink cb-lightbox" style="color: #5493b4;" href="http://www.hostingpics.net/viewer.php?id=967671Diapositive22.jpg" target="_blank" rel="nofollow"><img src="http://img4.hostingpics.net/pics/967671Diapositive22.jpg" alt="" border="0" /></a></p>\r\n<p>&nbsp;</p>\r\n<hr />\r\n<p><a class="postlink cb-lightbox" style="color: #5493b4;" href="http://www.hostingpics.net/viewer.php?id=494933Diapositive23.jpg" target="_blank" rel="nofollow"><img src="http://img4.hostingpics.net/pics/494933Diapositive23.jpg" alt="" border="0" /></a></p>\r\n<p><a class="postlink cb-lightbox" style="color: #5493b4;" href="http://www.hostingpics.net/viewer.php?id=377050Diapositive24.jpg" target="_blank" rel="nofollow"><img src="http://img4.hostingpics.net/pics/377050Diapositive24.jpg" alt="" border="0" /></a></p>\r\n<p>&nbsp;</p>\r\n<hr />\r\n<p><a class="postlink cb-lightbox" style="color: #5493b4;" href="http://www.hostingpics.net/viewer.php?id=924725Diapositive25.jpg" target="_blank" rel="nofollow"><img src="http://img4.hostingpics.net/pics/924725Diapositive25.jpg" alt="" border="0" /></a></p>\r\n<p><a class="postlink cb-lightbox" style="color: #5493b4;" href="http://www.hostingpics.net/viewer.php?id=433262Diapositive26.jpg" target="_blank" rel="nofollow"><img src="http://img4.hostingpics.net/pics/433262Diapositive26.jpg" alt="" border="0" /></a></p>\r\n<p>&nbsp;</p>\r\n<hr />\r\n<p><a class="postlink cb-lightbox" style="color: #5493b4;" href="http://www.hostingpics.net/viewer.php?id=425070Diapositive27.jpg" target="_blank" rel="nofollow"><img src="http://img4.hostingpics.net/pics/425070Diapositive27.jpg" alt="" border="0" /></a></p>\r\n<p><a class="postlink cb-lightbox" style="color: #5493b4;" href="http://www.hostingpics.net/viewer.php?id=522852Diapositive28.jpg" target="_blank" rel="nofollow"><img src="http://img4.hostingpics.net/pics/522852Diapositive28.jpg" alt="" border="0" /></a></p>\r\n<p>&nbsp;</p>\r\n<hr />\r\n<p><a class="postlink cb-lightbox" style="color: #5493b4;" href="http://www.hostingpics.net/viewer.php?id=918205Diapositive29.jpg" target="_blank" rel="nofollow"><img src="http://img4.hostingpics.net/pics/918205Diapositive29.jpg" alt="" border="0" /></a></p>\r\n<p><a class="postlink cb-lightbox" style="color: #5493b4;" href="http://www.hostingpics.net/viewer.php?id=570704Diapositive30.jpg" target="_blank" rel="nofollow"><img src="http://img4.hostingpics.net/pics/570704Diapositive30.jpg" alt="" border="0" /></a></p>\r\n<p>&nbsp;</p>\r\n<hr />\r\n<p><a class="postlink cb-lightbox" style="color: #5493b4;" href="http://www.hostingpics.net/viewer.php?id=427897Diapositive31.jpg" target="_blank" rel="nofollow"><img src="http://img4.hostingpics.net/pics/427897Diapositive31.jpg" alt="" border="0" /></a></p>\r\n<p><a class="postlink cb-lightbox" style="color: #5493b4;" href="http://www.hostingpics.net/viewer.php?id=139664Diapositive32.jpg" target="_blank" rel="nofollow"><img src="http://img4.hostingpics.net/pics/139664Diapositive32.jpg" alt="" border="0" /></a></p>\r\n<p>&nbsp;</p>\r\n<hr />\r\n<p><a class="postlink cb-lightbox" style="color: #5493b4;" href="http://www.hostingpics.net/viewer.php?id=959683Diapositive33.jpg" target="_blank" rel="nofollow"><img src="http://img4.hostingpics.net/pics/959683Diapositive33.jpg" alt="" border="0" /></a></p>\r\n<p><a class="postlink cb-lightbox" style="color: #5493b4;" href="http://www.hostingpics.net/viewer.php?id=199485Diapositive34.jpg" target="_blank" rel="nofollow"><img src="http://img4.hostingpics.net/pics/199485Diapositive34.jpg" alt="" border="0" /></a></p>\r\n<p>&nbsp;</p>\r\n<hr />\r\n<p><a class="postlink cb-lightbox" style="color: #5493b4;" href="http://www.hostingpics.net/viewer.php?id=987843Diapositive35.jpg" target="_blank" rel="nofollow"><img src="http://img4.hostingpics.net/pics/987843Diapositive35.jpg" alt="" border="0" /></a></p>\r\n<p><a class="postlink cb-lightbox" style="color: #5493b4;" href="http://www.hostingpics.net/viewer.php?id=874868Diapositive36.jpg" target="_blank" rel="nofollow"><img src="http://img4.hostingpics.net/pics/874868Diapositive36.jpg" alt="" border="0" /></a></p>\r\n<p>&nbsp;</p>\r\n<hr />\r\n<p><a class="postlink cb-lightbox" style="color: #5493b4;" href="http://www.hostingpics.net/viewer.php?id=986011Diapositive37.jpg" target="_blank" rel="nofollow"><img src="http://img4.hostingpics.net/pics/986011Diapositive37.jpg" alt="" border="0" /></a></p>\r\n<p><a class="postlink cb-lightbox" style="color: #5493b4;" href="http://www.hostingpics.net/viewer.php?id=446966Diapositive38.jpg" target="_blank" rel="nofollow"><img src="http://img4.hostingpics.net/pics/446966Diapositive38.jpg" alt="" border="0" /></a></p>\r\n<p>&mdash;&mdash;&mdash;&mdash;&mdash;&mdash;&mdash;&mdash;&mdash;&mdash;&mdash;&mdash;&mdash;&mdash;&mdash;&mdash;&mdash;&mdash;&mdash;&mdash;&mdash;&mdash;&mdash;&mdash;&mdash;&mdash;-</p>\r\n<p><a class="postlink cb-lightbox" style="color: #5493b4;" href="http://www.hostingpics.net/viewer.php?id=841402Diapositive39.jpg" target="_blank" rel="nofollow"><img src="http://img4.hostingpics.net/pics/841402Diapositive39.jpg" alt="" border="0" /></a></p>\r\n<p><a class="postlink cb-lightbox" style="color: #5493b4;" href="http://www.hostingpics.net/viewer.php?id=219575Diapositive40.jpg" target="_blank" rel="nofollow"><img src="http://img4.hostingpics.net/pics/219575Diapositive40.jpg" alt="" border="0" /></a></p>\r\n<p>&nbsp;</p>\r\n<hr />\r\n<p><a class="postlink cb-lightbox" style="color: #5493b4;" href="http://www.hostingpics.net/viewer.php?id=684266Diapositive41.jpg" target="_blank" rel="nofollow"><img src="http://img4.hostingpics.net/pics/684266Diapositive41.jpg" alt="" border="0" /></a></p>\r\n<p><a class="postlink cb-lightbox" style="color: #5493b4;" href="http://www.hostingpics.net/viewer.php?id=595556Diapositive42.jpg" target="_blank" rel="nofollow"><img src="http://img4.hostingpics.net/pics/595556Diapositive42.jpg" alt="" border="0" /></a></p>\r\n</div>\r\n<!-- Easy AdSense Unfiltered [count: 0 is not less than 0] --></section>', 'Salut les fans de la Montagne ! (et les autres)  \r\n\r\nAvec beaucoup d’avance (sisi), voici enfin la critique du chapitre 2 du cycle Conquest and Defiance ! A quelques jours du CF, n’hésitez pas à consulter les pertinentes analyses de notre grande team d’experts, et à réagir sur ce qui vous plaît ou non.Cycle 11 / Chapitre 2 – La Bourse du Champion', 1, '', '2014-06-05 09:39:01', '0000-00-00 00:00:00', 3, 18);

-- --------------------------------------------------------

--
-- Structure de la table `article_categorie`
--

CREATE TABLE IF NOT EXISTS `article_categorie` (
  `CategorieID` int(11) NOT NULL AUTO_INCREMENT,
  `Nom` varchar(30) CHARACTER SET utf8 NOT NULL,
  PRIMARY KEY (`CategorieID`)
) ENGINE=InnoDB  DEFAULT CHARSET=utf8 COLLATE=utf8_unicode_ci AUTO_INCREMENT=19 ;

--
-- Contenu de la table `article_categorie`
--

INSERT INTO `article_categorie` (`CategorieID`, `Nom`) VALUES
(1, 'Actualités'),
(2, 'News'),
(3, 'Tournoi'),
(11, 'Série TV'),
(17, 'Interview'),
(18, 'Analyses');

-- --------------------------------------------------------

--
-- Structure de la table `article_commentaire`
--

CREATE TABLE IF NOT EXISTS `article_commentaire` (
  `CommentaireID` int(11) NOT NULL,
  `Auteur` int(11) NOT NULL,
  `Texte` longtext NOT NULL,
  `Date` timestamp NOT NULL DEFAULT CURRENT_TIMESTAMP ON UPDATE CURRENT_TIMESTAMP,
  `Ressources` varchar(255) NOT NULL,
  `CarteID` int(11) NOT NULL,
  `ArticleID` int(11) NOT NULL,
  PRIMARY KEY (`CommentaireID`)
) ENGINE=MyISAM DEFAULT CHARSET=utf8;

-- --------------------------------------------------------

--
-- Structure de la table `article_images`
--

CREATE TABLE IF NOT EXISTS `article_images` (
  `id` int(11) NOT NULL AUTO_INCREMENT,
  `Nom` varchar(255) NOT NULL,
  `ArticleID` int(11) NOT NULL,
  PRIMARY KEY (`id`)
) ENGINE=MyISAM  DEFAULT CHARSET=utf8 AUTO_INCREMENT=10 ;

--
-- Contenu de la table `article_images`
--

INSERT INTO `article_images` (`id`, `Nom`, `ArticleID`) VALUES
(8, '15.jpg', 15),
(9, '17.jpg', 17);

-- --------------------------------------------------------

--
-- Structure de la table `carte_adouber`
--

CREATE TABLE IF NOT EXISTS `carte_adouber` (
  `CarteID` int(11) NOT NULL,
  `TraitID` int(11) NOT NULL,
  PRIMARY KEY (`CarteID`,`TraitID`),
  KEY `TraitID` (`TraitID`)
) ENGINE=InnoDB DEFAULT CHARSET=utf8;

--
-- Contenu de la table `carte_adouber`
--

INSERT INTO `carte_adouber` (`CarteID`, `TraitID`) VALUES
(3, 4),
(131, 4),
(194, 4),
(196, 4),
(198, 4),
(199, 4),
(200, 4),
(202, 4),
(243, 4),
(264, 4),
(294, 4),
(307, 4),
(310, 4),
(340, 4),
(343, 4),
(372, 4),
(405, 4),
(436, 4),
(440, 4),
(443, 4),
(446, 4),
(449, 4),
(452, 4),
(496, 4),
(502, 4),
(505, 4),
(506, 4),
(510, 4),
(516, 4),
(517, 4),
(522, 4),
(527, 4),
(528, 4),
(538, 4),
(567, 4),
(570, 4),
(595, 4),
(618, 4),
(628, 4),
(640, 4),
(649, 4),
(653, 4),
(669, 4),
(681, 4),
(726, 4),
(753, 4),
(775, 4),
(784, 4),
(788, 4),
(791, 4),
(816, 4),
(821, 4),
(841, 4),
(855, 4),
(856, 4),
(858, 4),
(938, 4),
(939, 4),
(1018, 4),
(1024, 4),
(1026, 4),
(1055, 4),
(1068, 4),
(1072, 4),
(1073, 4),
(1075, 4),
(1078, 4),
(1082, 4),
(1107, 4),
(1108, 4),
(1119, 4),
(1125, 4),
(1144, 4),
(1176, 4),
(1235, 4),
(1259, 4),
(1272, 4),
(1273, 4),
(1305, 4),
(1355, 4),
(1358, 4),
(1359, 4),
(1360, 4),
(1361, 4),
(1362, 4),
(1363, 4),
(1364, 4),
(1392, 4),
(1406, 4),
(1432, 4),
(1451, 4),
(1456, 4),
(1485, 4),
(1491, 4),
(1570, 4),
(1584, 4),
(1600, 4),
(1605, 4),
(1611, 4),
(1628, 4),
(1647, 4),
(1648, 4),
(1657, 4),
(1669, 4),
(4, 5),
(27, 5),
(28, 5),
(29, 5),
(33, 5),
(34, 5),
(140, 5),
(160, 5),
(181, 5),
(884, 5),
(885, 5),
(886, 5),
(1240, 5),
(1339, 5),
(1340, 5),
(1341, 5),
(1, 6),
(32, 6),
(339, 6),
(346, 6),
(407, 6),
(485, 6),
(562, 6),
(881, 6),
(961, 6),
(1442, 6),
(1495, 6),
(1, 7),
(32, 7),
(177, 7),
(201, 7),
(297, 7),
(339, 7),
(346, 7),
(437, 7),
(438, 7),
(482, 7),
(485, 7),
(492, 7),
(495, 7),
(508, 7),
(557, 7),
(562, 7),
(564, 7),
(594, 7),
(599, 7),
(600, 7),
(715, 7),
(786, 7),
(823, 7),
(824, 7),
(826, 7),
(850, 7),
(854, 7),
(856, 7),
(881, 7),
(961, 7),
(965, 7),
(1016, 7),
(1021, 7),
(1066, 7),
(1077, 7),
(1151, 7),
(1270, 7),
(1316, 7),
(1328, 7),
(1349, 7),
(1352, 7),
(1442, 7),
(1447, 7),
(1495, 7),
(1512, 7),
(1525, 7),
(1629, 7),
(1686, 7),
(2, 8),
(31, 8),
(81, 8),
(157, 8),
(193, 8),
(194, 8),
(195, 8),
(197, 8),
(200, 8),
(202, 8),
(250, 8),
(277, 8),
(282, 8),
(293, 8),
(294, 8),
(295, 8),
(296, 8),
(298, 8),
(300, 8),
(310, 8),
(382, 8),
(418, 8),
(443, 8),
(447, 8),
(462, 8),
(464, 8),
(466, 8),
(493, 8),
(500, 8),
(501, 8),
(507, 8),
(519, 8),
(540, 8),
(555, 8),
(580, 8),
(592, 8),
(597, 8),
(618, 8),
(627, 8),
(630, 8),
(640, 8),
(652, 8),
(653, 8),
(655, 8),
(658, 8),
(668, 8),
(743, 8),
(753, 8),
(783, 8),
(784, 8),
(785, 8),
(787, 8),
(811, 8),
(822, 8),
(825, 8),
(827, 8),
(851, 8),
(852, 8),
(853, 8),
(855, 8),
(882, 8),
(883, 8),
(935, 8),
(936, 8),
(959, 8),
(960, 8),
(962, 8),
(964, 8),
(966, 8),
(967, 8),
(968, 8),
(969, 8),
(978, 8),
(995, 8),
(1004, 8),
(1015, 8),
(1017, 8),
(1022, 8),
(1043, 8),
(1067, 8),
(1075, 8),
(1120, 8),
(1121, 8),
(1122, 8),
(1131, 8),
(1193, 8),
(1227, 8),
(1245, 8),
(1254, 8),
(1256, 8),
(1266, 8),
(1267, 8),
(1274, 8),
(1276, 8),
(1293, 8),
(1295, 8),
(1309, 8),
(1334, 8),
(1343, 8),
(1345, 8),
(1353, 8),
(1369, 8),
(1377, 8),
(1385, 8),
(1392, 8),
(1406, 8),
(1417, 8),
(1419, 8),
(1451, 8),
(1479, 8),
(1483, 8),
(1485, 8),
(1493, 8),
(1514, 8),
(1536, 8),
(1551, 8),
(1566, 8),
(1605, 8),
(1610, 8),
(1614, 8),
(1626, 8),
(1628, 8),
(1630, 8),
(1631, 8),
(1633, 8),
(1647, 8),
(1648, 8),
(1657, 8),
(2, 9),
(157, 9),
(186, 9),
(193, 9),
(298, 9),
(371, 9),
(382, 9),
(418, 9),
(464, 9),
(466, 9),
(658, 9),
(743, 9),
(959, 9),
(960, 9),
(962, 9),
(964, 9),
(995, 9),
(1120, 9),
(1121, 9),
(1122, 9),
(1266, 9),
(1293, 9),
(6, 10),
(16, 10),
(22, 10),
(23, 10),
(26, 10),
(71, 10),
(75, 10),
(77, 10),
(87, 10),
(91, 10),
(95, 10),
(99, 10),
(101, 10),
(111, 10),
(115, 10),
(136, 10),
(144, 10),
(151, 10),
(171, 10),
(196, 10),
(199, 10),
(226, 10),
(228, 10),
(229, 10),
(230, 10),
(231, 10),
(237, 10),
(242, 10),
(243, 10),
(250, 10),
(274, 10),
(323, 10),
(352, 10),
(358, 10),
(359, 10),
(363, 10),
(369, 10),
(377, 10),
(385, 10),
(400, 10),
(414, 10),
(415, 10),
(416, 10),
(425, 10),
(456, 10),
(510, 10),
(513, 10),
(516, 10),
(517, 10),
(522, 10),
(527, 10),
(546, 10),
(548, 10),
(558, 10),
(563, 10),
(574, 10),
(576, 10),
(582, 10),
(609, 10),
(614, 10),
(615, 10),
(622, 10),
(627, 10),
(630, 10),
(634, 10),
(637, 10),
(650, 10),
(657, 10),
(659, 10),
(662, 10),
(663, 10),
(665, 10),
(684, 10),
(687, 10),
(689, 10),
(710, 10),
(711, 10),
(732, 10),
(736, 10),
(747, 10),
(774, 10),
(777, 10),
(778, 10),
(780, 10),
(781, 10),
(788, 10),
(789, 10),
(810, 10),
(818, 10),
(819, 10),
(846, 10),
(848, 10),
(860, 10),
(874, 10),
(875, 10),
(880, 10),
(888, 10),
(890, 10),
(935, 10),
(936, 10),
(937, 10),
(941, 10),
(971, 10),
(973, 10),
(980, 10),
(1003, 10),
(1005, 10),
(1006, 10),
(1019, 10),
(1022, 10),
(1023, 10),
(1025, 10),
(1028, 10),
(1054, 10),
(1070, 10),
(1074, 10),
(1079, 10),
(1107, 10),
(1123, 10),
(1124, 10),
(1126, 10),
(1135, 10),
(1139, 10),
(1146, 10),
(1152, 10),
(1172, 10),
(1180, 10),
(1184, 10),
(1189, 10),
(1195, 10),
(1207, 10),
(1211, 10),
(1222, 10),
(1223, 10),
(1239, 10),
(1269, 10),
(1284, 10),
(1288, 10),
(1290, 10),
(1323, 10),
(1330, 10),
(1343, 10),
(1365, 10),
(1371, 10),
(1378, 10),
(1383, 10),
(1388, 10),
(1394, 10),
(1401, 10),
(1408, 10),
(1449, 10),
(1450, 10),
(1466, 10),
(1489, 10),
(1493, 10),
(1516, 10),
(1519, 10),
(1528, 10),
(1544, 10),
(1551, 10),
(1564, 10),
(1572, 10),
(1574, 10),
(1584, 10),
(1592, 10),
(1594, 10),
(1598, 10),
(1599, 10),
(1607, 10),
(1610, 10),
(1614, 10),
(1623, 10),
(1624, 10),
(1630, 10),
(1644, 10),
(1645, 10),
(1646, 10),
(1656, 10),
(1661, 10),
(1667, 10),
(1679, 10),
(1707, 10),
(17, 11),
(117, 11),
(138, 11),
(301, 11),
(323, 11),
(351, 11),
(385, 11),
(511, 11),
(528, 11),
(574, 11),
(603, 11),
(636, 11),
(637, 11),
(643, 11),
(645, 11),
(673, 11),
(687, 11),
(725, 11),
(744, 11),
(791, 11),
(874, 11),
(878, 11),
(888, 11),
(892, 11),
(1168, 11),
(1205, 11),
(1306, 11),
(1351, 11),
(1374, 11),
(1380, 11),
(1479, 11),
(1668, 11),
(1673, 11),
(1697, 11),
(1698, 11),
(1706, 11),
(1721, 11),
(7, 12),
(17, 12),
(18, 12),
(20, 12),
(21, 12),
(106, 12),
(126, 12),
(145, 12),
(155, 12),
(159, 12),
(162, 12),
(165, 12),
(174, 12),
(225, 12),
(227, 12),
(229, 12),
(230, 12),
(237, 12),
(251, 12),
(253, 12),
(256, 12),
(257, 12),
(259, 12),
(260, 12),
(261, 12),
(263, 12),
(268, 12),
(276, 12),
(305, 12),
(306, 12),
(309, 12),
(322, 12),
(343, 12),
(351, 12),
(417, 12),
(419, 12),
(420, 12),
(421, 12),
(422, 12),
(423, 12),
(426, 12),
(427, 12),
(429, 12),
(469, 12),
(502, 12),
(503, 12),
(563, 12),
(603, 12),
(636, 12),
(643, 12),
(645, 12),
(673, 12),
(699, 12),
(712, 12),
(725, 12),
(737, 12),
(782, 12),
(814, 12),
(815, 12),
(842, 12),
(843, 12),
(845, 12),
(849, 12),
(873, 12),
(876, 12),
(972, 12),
(979, 12),
(1029, 12),
(1030, 12),
(1082, 12),
(1083, 12),
(1127, 12),
(1133, 12),
(1138, 12),
(1147, 12),
(1167, 12),
(1187, 12),
(1228, 12),
(1237, 12),
(1265, 12),
(1296, 12),
(1367, 12),
(1368, 12),
(1370, 12),
(1374, 12),
(1376, 12),
(1380, 12),
(1425, 12),
(1427, 12),
(1429, 12),
(1432, 12),
(1435, 12),
(1439, 12),
(1506, 12),
(1508, 12),
(1568, 12),
(1588, 12),
(1649, 12),
(1653, 12),
(1668, 12),
(1673, 12),
(1697, 12),
(1698, 12),
(1704, 12),
(1714, 12),
(1721, 12),
(5, 13),
(225, 13),
(228, 13),
(229, 13),
(397, 13),
(790, 13),
(1127, 13),
(1166, 13),
(1167, 13),
(1168, 13),
(1185, 13),
(1205, 13),
(1225, 13),
(1506, 13),
(3, 14),
(131, 14),
(372, 14),
(436, 14),
(497, 14),
(567, 14),
(570, 14),
(586, 14),
(628, 14),
(649, 14),
(669, 14),
(726, 14),
(938, 14),
(939, 14),
(1108, 14),
(1346, 14),
(1358, 14),
(1359, 14),
(1360, 14),
(1361, 14),
(1362, 14),
(1363, 14),
(1364, 14),
(1456, 14),
(1600, 14),
(4, 15),
(27, 15),
(28, 15),
(29, 15),
(30, 15),
(33, 15),
(34, 15),
(73, 15),
(132, 15),
(140, 15),
(160, 15),
(181, 15),
(286, 15),
(287, 15),
(299, 15),
(304, 15),
(355, 15),
(356, 15),
(373, 15),
(375, 15),
(403, 15),
(473, 15),
(537, 15),
(539, 15),
(541, 15),
(544, 15),
(547, 15),
(550, 15),
(661, 15),
(694, 15),
(809, 15),
(812, 15),
(813, 15),
(817, 15),
(839, 15),
(840, 15),
(884, 15),
(885, 15),
(886, 15),
(934, 15),
(1002, 15),
(1240, 15),
(1339, 15),
(1340, 15),
(1341, 15),
(1478, 15),
(1546, 15),
(1558, 15),
(1705, 15),
(8, 16),
(216, 16),
(218, 16),
(219, 16),
(378, 16),
(793, 16),
(796, 16),
(799, 16),
(9, 17),
(94, 17),
(314, 17),
(315, 17),
(316, 17),
(317, 17),
(318, 17),
(319, 17),
(380, 17),
(758, 17),
(828, 17),
(829, 17),
(830, 17),
(831, 17),
(832, 17),
(10, 18),
(62, 18),
(69, 18),
(78, 18),
(119, 18),
(133, 18),
(152, 18),
(220, 18),
(222, 18),
(245, 18),
(311, 18),
(312, 18),
(324, 18),
(336, 18),
(348, 18),
(367, 18),
(392, 18),
(455, 18),
(515, 18),
(552, 18),
(642, 18),
(674, 18),
(713, 18),
(721, 18),
(795, 18),
(798, 18),
(862, 18),
(942, 18),
(944, 18),
(945, 18),
(956, 18),
(957, 18),
(958, 18),
(1011, 18),
(1069, 18),
(1071, 18),
(1088, 18),
(1090, 18),
(1091, 18),
(1110, 18),
(1111, 18),
(1117, 18),
(1148, 18),
(1169, 18),
(1192, 18),
(1203, 18),
(1226, 18),
(1243, 18),
(1280, 18),
(1348, 18),
(1484, 18),
(1486, 18),
(1488, 18),
(1521, 18),
(1527, 18),
(1567, 18),
(1591, 18),
(12, 19),
(67, 19),
(571, 19),
(572, 19),
(13, 20),
(50, 20),
(51, 20),
(74, 20),
(89, 20),
(169, 20),
(182, 20),
(212, 20),
(285, 20),
(330, 20),
(331, 20),
(332, 20),
(333, 20),
(334, 20),
(335, 20),
(336, 20),
(374, 20),
(394, 20),
(398, 20),
(401, 20),
(448, 20),
(454, 20),
(494, 20),
(568, 20),
(584, 20),
(596, 20),
(647, 20),
(746, 20),
(838, 20),
(870, 20),
(902, 20),
(905, 20),
(1064, 20),
(1065, 20),
(1097, 20),
(1099, 20),
(1142, 20),
(1158, 20),
(1177, 20),
(1179, 20),
(1198, 20),
(1220, 20),
(1232, 20),
(1244, 20),
(1258, 20),
(1492, 20),
(1502, 20),
(1503, 20),
(1523, 20),
(1524, 20),
(1529, 20),
(1542, 20),
(1543, 20),
(1562, 20),
(1563, 20),
(1582, 20),
(1583, 20),
(1602, 20),
(1603, 20),
(1675, 20),
(13, 21),
(49, 21),
(96, 21),
(129, 21),
(212, 21),
(254, 21),
(258, 21),
(394, 21),
(401, 21),
(448, 21),
(454, 21),
(465, 21),
(542, 21),
(617, 21),
(635, 21),
(639, 21),
(739, 21),
(741, 21),
(838, 21),
(870, 21),
(903, 21),
(1010, 21),
(1064, 21),
(1065, 21),
(1142, 21),
(1158, 21),
(1190, 21),
(1220, 21),
(1232, 21),
(1244, 21),
(1247, 21),
(1356, 21),
(1684, 21),
(1689, 21),
(1716, 21),
(16, 22),
(40, 22),
(42, 22),
(43, 22),
(718, 22),
(727, 22),
(893, 22),
(894, 22),
(896, 22),
(897, 22),
(898, 22),
(1620, 22),
(1641, 22),
(1642, 22),
(1662, 22),
(1681, 22),
(1682, 22),
(18, 23),
(19, 23),
(20, 23),
(121, 23),
(876, 23),
(21, 24),
(24, 24),
(25, 24),
(31, 24),
(81, 24),
(408, 24),
(427, 24),
(469, 24),
(873, 24),
(882, 24),
(891, 24),
(1137, 24),
(1138, 24),
(1139, 24),
(1157, 24),
(1180, 24),
(1199, 24),
(1219, 24),
(1239, 24),
(1276, 24),
(1277, 24),
(1438, 24),
(1439, 24),
(1574, 24),
(22, 25),
(23, 25),
(26, 25),
(877, 25),
(889, 25),
(35, 26),
(36, 26),
(37, 26),
(38, 26),
(39, 26),
(41, 26),
(102, 26),
(386, 26),
(428, 26),
(488, 26),
(708, 26),
(895, 26),
(1140, 26),
(1200, 26),
(1278, 26),
(1440, 26),
(1555, 26),
(1643, 26),
(1663, 26),
(1664, 26),
(1674, 26),
(1683, 26),
(1687, 26),
(1690, 26),
(1691, 26),
(1692, 26),
(1715, 26),
(11, 27),
(47, 27),
(48, 27),
(70, 27),
(139, 27),
(154, 27),
(158, 27),
(172, 27),
(205, 27),
(213, 27),
(214, 27),
(241, 27),
(272, 27),
(280, 27),
(283, 27),
(288, 27),
(338, 27),
(365, 27),
(458, 27),
(461, 27),
(484, 27),
(521, 27),
(532, 27),
(549, 27),
(553, 27),
(554, 27),
(593, 27),
(605, 27),
(688, 27),
(733, 27),
(742, 27),
(868, 27),
(869, 27),
(871, 27),
(901, 27),
(904, 27),
(954, 27),
(955, 27),
(993, 27),
(994, 27),
(1045, 27),
(1061, 27),
(1130, 27),
(1134, 27),
(1154, 27),
(1173, 27),
(1177, 27),
(1214, 27),
(1236, 27),
(1437, 27),
(1492, 27),
(1494, 27),
(1509, 27),
(1513, 27),
(1515, 27),
(1569, 27),
(1585, 27),
(1609, 27),
(1616, 27),
(1622, 27),
(1685, 27),
(1694, 27),
(1696, 27),
(1702, 27),
(1709, 27),
(1713, 27),
(51, 28),
(285, 28),
(1099, 28),
(1179, 28),
(53, 29),
(232, 29),
(233, 29),
(236, 29),
(491, 29),
(672, 29),
(677, 29),
(998, 29),
(999, 29),
(1048, 29),
(1101, 29),
(1423, 29),
(54, 30),
(530, 30),
(680, 30),
(686, 30),
(1000, 30),
(1001, 30),
(1050, 30),
(1106, 30),
(1441, 30),
(55, 31),
(471, 31),
(675, 31),
(682, 31),
(996, 31),
(997, 31),
(1047, 31),
(1103, 31),
(1422, 31),
(60, 32),
(61, 32),
(95, 32),
(175, 32),
(203, 32),
(255, 32),
(342, 32),
(360, 32),
(377, 32),
(402, 32),
(612, 32),
(792, 32),
(857, 32),
(940, 32),
(970, 32),
(1076, 32),
(1325, 32),
(1333, 32),
(1498, 32),
(1505, 32),
(1507, 32),
(1510, 32),
(1520, 32),
(1530, 32),
(1533, 32),
(1539, 32),
(1540, 32),
(1548, 32),
(1554, 32),
(1578, 32),
(1586, 32),
(1613, 32),
(1655, 32),
(1666, 32),
(52, 33),
(63, 33),
(78, 33),
(119, 33),
(221, 33),
(223, 33),
(239, 33),
(325, 33),
(337, 33),
(338, 33),
(339, 33),
(391, 33),
(474, 33),
(556, 33),
(559, 33),
(579, 33),
(587, 33),
(601, 33),
(604, 33),
(607, 33),
(610, 33),
(619, 33),
(624, 33),
(629, 33),
(632, 33),
(646, 33),
(654, 33),
(656, 33),
(660, 33),
(666, 33),
(740, 33),
(794, 33),
(797, 33),
(863, 33),
(943, 33),
(1086, 33),
(1112, 33),
(1434, 33),
(1444, 33),
(1680, 33),
(71, 34),
(84, 34),
(85, 34),
(93, 34),
(104, 34),
(105, 34),
(113, 34),
(124, 34),
(143, 34),
(144, 34),
(162, 34),
(163, 34),
(184, 34),
(185, 34),
(203, 34),
(321, 34),
(358, 34),
(389, 34),
(452, 34),
(514, 34),
(524, 34),
(932, 34),
(933, 34),
(940, 34),
(1052, 34),
(1284, 34),
(1285, 34),
(1287, 34),
(1288, 34),
(1302, 34),
(72, 35),
(353, 35),
(807, 35),
(994, 35),
(1063, 35),
(1171, 35),
(1537, 35),
(1545, 35),
(73, 36),
(132, 36),
(286, 36),
(287, 36),
(299, 36),
(304, 36),
(694, 36),
(809, 36),
(812, 36),
(813, 36),
(817, 36),
(839, 36),
(840, 36),
(934, 36),
(1546, 36),
(79, 37),
(99, 37),
(138, 37),
(159, 37),
(179, 37),
(260, 37),
(261, 37),
(276, 37),
(406, 37),
(466, 37),
(507, 37),
(508, 37),
(524, 37),
(545, 37),
(580, 37),
(602, 37),
(620, 37),
(683, 37),
(702, 37),
(708, 37),
(964, 37),
(965, 37),
(966, 37),
(967, 37),
(968, 37),
(969, 37),
(971, 37),
(972, 37),
(974, 37),
(975, 37),
(976, 37),
(977, 37),
(978, 37),
(979, 37),
(1067, 37),
(1193, 37),
(1274, 37),
(1289, 37),
(1316, 37),
(1375, 37),
(1377, 37),
(1397, 37),
(1398, 37),
(1417, 37),
(1474, 37),
(1493, 37),
(1514, 37),
(1552, 37),
(1572, 37),
(1592, 37),
(1612, 37),
(1631, 37),
(1650, 37),
(1652, 37),
(82, 38),
(158, 38),
(248, 38),
(746, 38),
(1044, 38),
(1098, 38),
(1186, 38),
(85, 39),
(238, 39),
(302, 39),
(565, 39),
(754, 39),
(86, 40),
(87, 40),
(105, 40),
(106, 40),
(113, 40),
(125, 40),
(126, 40),
(145, 40),
(146, 40),
(153, 40),
(164, 40),
(165, 40),
(186, 40),
(187, 40),
(322, 40),
(371, 40),
(412, 40),
(453, 40),
(1053, 40),
(1287, 40),
(1303, 40),
(1646, 40),
(1660, 40),
(88, 41),
(90, 41),
(107, 41),
(108, 41),
(110, 41),
(130, 41),
(133, 41),
(137, 41),
(147, 41),
(148, 41),
(170, 41),
(183, 41),
(188, 41),
(190, 41),
(207, 41),
(313, 41),
(361, 41),
(364, 41),
(439, 41),
(477, 41),
(676, 41),
(1279, 41),
(1304, 41),
(1409, 41),
(1436, 41),
(1443, 41),
(1448, 41),
(1670, 41),
(1693, 41),
(92, 42),
(96, 43),
(808, 43),
(97, 44),
(136, 44),
(177, 44),
(345, 44),
(352, 44),
(472, 44),
(623, 44),
(699, 44),
(763, 44),
(769, 44),
(844, 44),
(845, 44),
(854, 44),
(878, 44),
(1079, 44),
(1080, 44),
(1081, 44),
(1151, 44),
(1152, 44),
(1153, 44),
(1215, 44),
(1352, 44),
(1516, 44),
(1594, 44),
(1632, 44),
(1649, 44),
(1669, 44),
(100, 45),
(384, 45),
(486, 45),
(525, 45),
(685, 45),
(981, 45),
(982, 45),
(983, 45),
(984, 45),
(985, 45),
(1317, 45),
(1593, 45),
(115, 46),
(134, 46),
(175, 46),
(257, 46),
(341, 46),
(343, 46),
(372, 46),
(440, 46),
(1018, 46),
(1024, 46),
(1026, 46),
(1027, 46),
(1030, 46),
(1131, 46),
(1149, 46),
(1251, 46),
(1252, 46),
(1291, 46),
(1350, 46),
(1469, 46),
(1568, 46),
(116, 47),
(344, 47),
(381, 47),
(463, 47),
(480, 47),
(481, 47),
(520, 47),
(738, 47),
(1031, 47),
(1032, 47),
(1033, 47),
(1034, 47),
(1035, 47),
(1036, 47),
(1037, 47),
(1212, 47),
(1292, 47),
(1411, 47),
(1431, 47),
(1549, 47),
(118, 48),
(243, 48),
(404, 48),
(443, 48),
(444, 48),
(599, 48),
(600, 48),
(618, 48),
(712, 48),
(776, 48),
(843, 48),
(848, 48),
(1273, 48),
(1334, 48),
(1373, 48),
(1432, 48),
(1442, 48),
(1472, 48),
(1530, 48),
(1610, 48),
(120, 49),
(244, 49),
(262, 49),
(368, 49),
(529, 49),
(566, 49),
(575, 49),
(641, 49),
(986, 49),
(987, 49),
(1085, 49),
(1132, 49),
(1156, 49),
(1196, 49),
(1218, 49),
(1275, 49),
(1337, 49),
(1354, 49),
(1386, 49),
(1387, 49),
(1390, 49),
(1393, 49),
(1396, 49),
(1399, 49),
(1402, 49),
(1410, 49),
(1420, 49),
(1430, 49),
(1455, 49),
(1460, 49),
(1465, 49),
(1472, 49),
(1473, 49),
(1475, 49),
(1476, 49),
(1534, 49),
(1553, 49),
(1654, 49),
(1671, 49),
(1672, 49),
(1695, 49),
(125, 50),
(164, 50),
(1267, 50),
(151, 51),
(273, 51),
(349, 51),
(350, 51),
(357, 51),
(379, 51),
(409, 51),
(414, 51),
(415, 51),
(416, 51),
(424, 51),
(511, 51),
(1068, 51),
(1369, 51),
(1413, 51),
(1419, 51),
(1427, 51),
(1479, 51),
(1604, 51),
(1660, 51),
(1679, 51),
(1721, 51),
(198, 52),
(227, 52),
(496, 52),
(497, 52),
(536, 52),
(779, 52),
(1425, 52),
(216, 53),
(314, 53),
(318, 53),
(455, 53),
(758, 53),
(829, 53),
(831, 53),
(1246, 53),
(1249, 53),
(1252, 53),
(1255, 53),
(1257, 53),
(1260, 53),
(1268, 53),
(1292, 53),
(1317, 53),
(1320, 53),
(1348, 53),
(252, 54),
(258, 54),
(269, 54),
(633, 54),
(679, 54),
(723, 54),
(739, 54),
(742, 54),
(760, 54),
(1247, 54),
(1250, 54),
(1253, 54),
(1258, 54),
(1263, 54),
(1264, 54),
(266, 55),
(459, 55),
(500, 55),
(737, 55),
(1248, 55),
(1586, 55),
(267, 56),
(268, 56),
(506, 56),
(543, 56),
(850, 56),
(1125, 56),
(1313, 56),
(277, 57),
(282, 58),
(293, 59),
(294, 59),
(297, 59),
(302, 59),
(303, 59),
(307, 59),
(308, 59),
(309, 59),
(310, 59),
(312, 59),
(360, 59),
(816, 59),
(819, 59),
(820, 59),
(823, 59),
(1467, 59),
(1487, 59),
(1508, 59),
(1587, 59),
(295, 60),
(438, 60),
(301, 61),
(1526, 61),
(305, 62),
(676, 62),
(715, 62),
(1665, 62),
(341, 63),
(519, 63),
(757, 63),
(761, 63),
(764, 63),
(766, 63),
(770, 63),
(1245, 63),
(1248, 63),
(1251, 63),
(1254, 63),
(1256, 63),
(1259, 63),
(1269, 63),
(1272, 63),
(1277, 63),
(1295, 63),
(1305, 63),
(1313, 63),
(1336, 63),
(1347, 63),
(1350, 63),
(1353, 63),
(355, 64),
(356, 64),
(373, 64),
(375, 64),
(388, 64),
(473, 64),
(1145, 64),
(1558, 64),
(362, 65),
(441, 65),
(479, 65),
(606, 65),
(717, 65),
(847, 65),
(859, 65),
(874, 65),
(933, 65),
(1020, 65),
(1124, 65),
(1129, 65),
(1195, 65),
(1209, 65),
(1210, 65),
(1211, 65),
(1233, 65),
(1270, 65),
(1287, 65),
(1310, 65),
(1323, 65),
(1330, 65),
(1551, 65),
(1590, 65),
(1611, 65),
(1640, 65),
(362, 66),
(441, 66),
(479, 66),
(1020, 66),
(1209, 66),
(1210, 66),
(1211, 66),
(1233, 66),
(1310, 66),
(1330, 66),
(366, 67),
(879, 67),
(383, 68),
(523, 68),
(861, 68),
(864, 68),
(865, 68),
(1087, 68),
(1089, 68),
(1571, 68),
(391, 69),
(729, 69),
(730, 69),
(731, 69),
(1007, 69),
(1012, 69),
(1013, 69),
(1084, 69),
(1620, 69),
(1641, 69),
(1642, 69),
(1662, 69),
(1681, 69),
(1682, 69),
(397, 70),
(399, 70),
(402, 70),
(404, 70),
(406, 70),
(408, 70),
(411, 70),
(412, 70),
(453, 70),
(1174, 70),
(1656, 70),
(399, 71),
(460, 71),
(1129, 71),
(1130, 71),
(1147, 71),
(1172, 71),
(1173, 71),
(1187, 71),
(1188, 71),
(1207, 71),
(1208, 71),
(1227, 71),
(1228, 71),
(1229, 71),
(1230, 71),
(1231, 71),
(1232, 71),
(1625, 71),
(1704, 71),
(407, 72),
(446, 72),
(1398, 72),
(430, 73),
(431, 73),
(432, 73),
(433, 73),
(434, 73),
(435, 73),
(445, 74),
(1320, 74),
(447, 75),
(466, 75),
(545, 75),
(1135, 75),
(1155, 75),
(1178, 75),
(1191, 75),
(1193, 75),
(1194, 75),
(1195, 75),
(1217, 75),
(1237, 75),
(1397, 75),
(1435, 75),
(1454, 75),
(1474, 75),
(1572, 75),
(1652, 75),
(1653, 75),
(449, 76),
(887, 76),
(891, 76),
(1137, 76),
(1157, 76),
(1219, 76),
(1355, 76),
(1358, 76),
(1634, 76),
(468, 77),
(531, 77),
(953, 77),
(1062, 77),
(1115, 77),
(1206, 77),
(472, 78),
(513, 78),
(1109, 78),
(1131, 78),
(1133, 78),
(1144, 78),
(1160, 78),
(1161, 78),
(1183, 78),
(1184, 78),
(1202, 78),
(1222, 78),
(1223, 78),
(1235, 78),
(1242, 78),
(1308, 78),
(1323, 78),
(1324, 78),
(1521, 78),
(476, 79),
(478, 80),
(501, 81),
(1427, 81),
(505, 82),
(1374, 82),
(1383, 82),
(1394, 82),
(1395, 82),
(1413, 82),
(1452, 82),
(1453, 82),
(537, 83),
(539, 83),
(541, 83),
(544, 83),
(547, 83),
(550, 83),
(661, 83),
(553, 84),
(554, 84),
(1061, 84),
(561, 85),
(709, 85),
(583, 86),
(588, 86),
(590, 86),
(591, 86),
(664, 86),
(691, 86),
(751, 86),
(806, 86),
(835, 86),
(1426, 86),
(1464, 86),
(1708, 86),
(569, 87),
(585, 87),
(608, 87),
(626, 87),
(648, 87),
(667, 87),
(1422, 87),
(1423, 87),
(1441, 87),
(1497, 87),
(1658, 87),
(1659, 87),
(577, 88),
(578, 89),
(595, 89),
(1604, 89),
(1623, 89),
(584, 90),
(651, 91),
(714, 91),
(716, 91),
(719, 91),
(722, 91),
(724, 91),
(728, 91),
(749, 91),
(1404, 91),
(668, 92),
(678, 93),
(720, 93),
(756, 93),
(767, 93),
(880, 93),
(1371, 93),
(1377, 93),
(1379, 93),
(1385, 93),
(1389, 93),
(1395, 93),
(1408, 93),
(1413, 93),
(1433, 93),
(1453, 93),
(1483, 93),
(692, 94),
(695, 94),
(697, 94),
(700, 94),
(703, 94),
(705, 94),
(748, 94),
(713, 95),
(1366, 95),
(721, 96),
(734, 97),
(745, 98),
(767, 99),
(928, 100),
(1004, 101),
(1072, 102),
(1073, 102),
(1119, 102),
(1531, 103),
(1250, 104),
(1263, 104),
(1264, 104),
(1282, 105),
(1283, 105),
(1294, 106),
(1299, 106),
(1312, 106),
(1321, 106),
(1327, 106),
(1329, 106),
(1338, 106),
(1301, 107),
(1322, 107),
(1382, 107),
(1617, 107),
(1618, 107),
(1619, 107),
(1636, 107),
(1637, 107),
(1638, 107),
(1639, 107),
(1344, 108),
(1501, 108),
(1522, 108),
(1541, 108),
(1561, 108),
(1579, 108),
(1580, 108),
(1581, 108),
(1601, 108),
(1367, 109),
(1385, 109),
(1445, 109),
(1368, 110),
(1369, 110),
(1388, 110),
(1389, 110),
(1447, 110),
(1466, 110),
(1408, 111),
(1414, 112),
(1471, 112),
(1429, 113),
(1459, 114),
(1461, 115),
(1462, 115),
(1463, 115),
(1480, 115),
(1481, 115),
(1482, 115),
(1498, 116),
(1499, 116),
(1500, 117),
(1559, 117),
(1502, 118),
(1503, 118),
(1523, 118),
(1524, 118),
(1542, 118),
(1543, 118),
(1562, 118),
(1563, 118),
(1582, 118),
(1583, 118),
(1602, 118),
(1603, 118),
(1533, 119),
(1540, 120),
(1552, 121),
(1564, 122),
(1577, 123),
(1627, 124),
(1651, 125);

-- --------------------------------------------------------

--
-- Structure de la table `carte_affiliation`
--

CREATE TABLE IF NOT EXISTS `carte_affiliation` (
  `AffiliationID` int(11) NOT NULL AUTO_INCREMENT,
  `AffiliationAdresse` varchar(255) NOT NULL,
  PRIMARY KEY (`AffiliationID`)
) ENGINE=InnoDB  DEFAULT CHARSET=utf8 AUTO_INCREMENT=8 ;

--
-- Contenu de la table `carte_affiliation`
--

INSERT INTO `carte_affiliation` (`AffiliationID`, `AffiliationAdresse`) VALUES
(1, 'Neutre'),
(2, 'Lannister'),
(3, 'Stark'),
(4, 'Baratheon'),
(5, 'Martell'),
(6, 'Greyjoy'),
(7, 'Targaryen');

-- --------------------------------------------------------

--
-- Structure de la table `carte_appartenir`
--

CREATE TABLE IF NOT EXISTS `carte_appartenir` (
  `CarteID` int(11) NOT NULL,
  `AffiliationID` int(11) NOT NULL,
  PRIMARY KEY (`CarteID`,`AffiliationID`),
  KEY `AffiliationID` (`AffiliationID`)
) ENGINE=InnoDB DEFAULT CHARSET=utf8;

--
-- Contenu de la table `carte_appartenir`
--

INSERT INTO `carte_appartenir` (`CarteID`, `AffiliationID`) VALUES
(5, 1),
(10, 1),
(12, 1),
(15, 1),
(53, 1),
(54, 1),
(55, 1),
(56, 1),
(57, 1),
(58, 1),
(59, 1),
(60, 1),
(61, 1),
(62, 1),
(63, 1),
(64, 1),
(65, 1),
(66, 1),
(67, 1),
(68, 1),
(83, 1),
(84, 1),
(85, 1),
(86, 1),
(87, 1),
(88, 1),
(89, 1),
(90, 1),
(103, 1),
(104, 1),
(105, 1),
(106, 1),
(107, 1),
(108, 1),
(109, 1),
(110, 1),
(123, 1),
(124, 1),
(125, 1),
(126, 1),
(127, 1),
(128, 1),
(129, 1),
(130, 1),
(142, 1),
(143, 1),
(144, 1),
(145, 1),
(146, 1),
(147, 1),
(148, 1),
(149, 1),
(150, 1),
(161, 1),
(162, 1),
(163, 1),
(164, 1),
(165, 1),
(166, 1),
(167, 1),
(168, 1),
(169, 1),
(170, 1),
(183, 1),
(184, 1),
(185, 1),
(186, 1),
(187, 1),
(188, 1),
(189, 1),
(190, 1),
(206, 1),
(207, 1),
(232, 1),
(233, 1),
(234, 1),
(235, 1),
(236, 1),
(237, 1),
(238, 1),
(239, 1),
(240, 1),
(241, 1),
(270, 1),
(281, 1),
(282, 1),
(283, 1),
(320, 1),
(321, 1),
(322, 1),
(323, 1),
(324, 1),
(325, 1),
(326, 1),
(327, 1),
(328, 1),
(329, 1),
(330, 1),
(331, 1),
(332, 1),
(333, 1),
(334, 1),
(335, 1),
(347, 1),
(354, 1),
(355, 1),
(356, 1),
(370, 1),
(371, 1),
(372, 1),
(373, 1),
(374, 1),
(375, 1),
(376, 1),
(387, 1),
(388, 1),
(389, 1),
(390, 1),
(391, 1),
(392, 1),
(393, 1),
(394, 1),
(395, 1),
(396, 1),
(410, 1),
(411, 1),
(412, 1),
(413, 1),
(429, 1),
(430, 1),
(431, 1),
(432, 1),
(433, 1),
(434, 1),
(435, 1),
(451, 1),
(452, 1),
(453, 1),
(454, 1),
(471, 1),
(472, 1),
(473, 1),
(474, 1),
(475, 1),
(490, 1),
(491, 1),
(492, 1),
(493, 1),
(494, 1),
(512, 1),
(513, 1),
(514, 1),
(515, 1),
(530, 1),
(531, 1),
(532, 1),
(551, 1),
(552, 1),
(553, 1),
(554, 1),
(569, 1),
(570, 1),
(571, 1),
(572, 1),
(573, 1),
(585, 1),
(586, 1),
(587, 1),
(588, 1),
(591, 1),
(608, 1),
(609, 1),
(610, 1),
(611, 1),
(626, 1),
(627, 1),
(628, 1),
(629, 1),
(631, 1),
(648, 1),
(649, 1),
(650, 1),
(651, 1),
(667, 1),
(668, 1),
(669, 1),
(670, 1),
(671, 1),
(689, 1),
(690, 1),
(691, 1),
(707, 1),
(729, 1),
(730, 1),
(731, 1),
(747, 1),
(748, 1),
(749, 1),
(750, 1),
(751, 1),
(752, 1),
(772, 1),
(906, 1),
(907, 1),
(908, 1),
(909, 1),
(910, 1),
(911, 1),
(912, 1),
(913, 1),
(914, 1),
(915, 1),
(916, 1),
(917, 1),
(918, 1),
(919, 1),
(920, 1),
(921, 1),
(922, 1),
(923, 1),
(924, 1),
(925, 1),
(926, 1),
(927, 1),
(928, 1),
(929, 1),
(930, 1),
(931, 1),
(932, 1),
(933, 1),
(934, 1),
(935, 1),
(936, 1),
(937, 1),
(938, 1),
(939, 1),
(940, 1),
(941, 1),
(942, 1),
(943, 1),
(944, 1),
(945, 1),
(946, 1),
(947, 1),
(948, 1),
(949, 1),
(950, 1),
(951, 1),
(952, 1),
(953, 1),
(954, 1),
(955, 1),
(996, 1),
(997, 1),
(998, 1),
(999, 1),
(1000, 1),
(1001, 1),
(1002, 1),
(1003, 1),
(1004, 1),
(1005, 1),
(1006, 1),
(1007, 1),
(1008, 1),
(1009, 1),
(1010, 1),
(1046, 1),
(1047, 1),
(1048, 1),
(1049, 1),
(1050, 1),
(1051, 1),
(1052, 1),
(1053, 1),
(1054, 1),
(1055, 1),
(1056, 1),
(1057, 1),
(1058, 1),
(1059, 1),
(1060, 1),
(1061, 1),
(1062, 1),
(1063, 1),
(1064, 1),
(1065, 1),
(1100, 1),
(1101, 1),
(1102, 1),
(1103, 1),
(1104, 1),
(1105, 1),
(1106, 1),
(1107, 1),
(1108, 1),
(1109, 1),
(1110, 1),
(1111, 1),
(1112, 1),
(1113, 1),
(1114, 1),
(1115, 1),
(1116, 1),
(1143, 1),
(1144, 1),
(1145, 1),
(1159, 1),
(1160, 1),
(1161, 1),
(1162, 1),
(1163, 1),
(1164, 1),
(1182, 1),
(1183, 1),
(1184, 1),
(1201, 1),
(1202, 1),
(1203, 1),
(1204, 1),
(1221, 1),
(1222, 1),
(1223, 1),
(1224, 1),
(1241, 1),
(1242, 1),
(1243, 1),
(1244, 1),
(1262, 1),
(1263, 1),
(1279, 1),
(1280, 1),
(1281, 1),
(1282, 1),
(1283, 1),
(1300, 1),
(1301, 1),
(1302, 1),
(1303, 1),
(1304, 1),
(1322, 1),
(1323, 1),
(1324, 1),
(1342, 1),
(1343, 1),
(1344, 1),
(1357, 1),
(1358, 1),
(1359, 1),
(1360, 1),
(1361, 1),
(1362, 1),
(1363, 1),
(1364, 1),
(1381, 1),
(1382, 1),
(1383, 1),
(1384, 1),
(1403, 1),
(1404, 1),
(1422, 1),
(1423, 1),
(1424, 1),
(1441, 1),
(1459, 1),
(1460, 1),
(1461, 1),
(1462, 1),
(1463, 1),
(1464, 1),
(1479, 1),
(1480, 1),
(1481, 1),
(1482, 1),
(1497, 1),
(1498, 1),
(1499, 1),
(1500, 1),
(1501, 1),
(1502, 1),
(1503, 1),
(1504, 1),
(1518, 1),
(1519, 1),
(1520, 1),
(1521, 1),
(1522, 1),
(1523, 1),
(1524, 1),
(1538, 1),
(1539, 1),
(1540, 1),
(1541, 1),
(1542, 1),
(1543, 1),
(1557, 1),
(1558, 1),
(1559, 1),
(1560, 1),
(1561, 1),
(1562, 1),
(1563, 1),
(1576, 1),
(1577, 1),
(1578, 1),
(1579, 1),
(1580, 1),
(1581, 1),
(1582, 1),
(1583, 1),
(1596, 1),
(1597, 1),
(1598, 1),
(1599, 1),
(1600, 1),
(1601, 1),
(1602, 1),
(1603, 1),
(1617, 1),
(1618, 1),
(1619, 1),
(1636, 1),
(1637, 1),
(1638, 1),
(1639, 1),
(1658, 1),
(1659, 1),
(1676, 1),
(1677, 1),
(1678, 1),
(1699, 1),
(1700, 1),
(1701, 1),
(1717, 1),
(1718, 1),
(1719, 1),
(1720, 1),
(1, 2),
(3, 2),
(8, 2),
(71, 2),
(72, 2),
(91, 2),
(92, 2),
(111, 2),
(112, 2),
(131, 2),
(151, 2),
(152, 2),
(171, 2),
(172, 2),
(191, 2),
(192, 2),
(193, 2),
(194, 2),
(195, 2),
(196, 2),
(197, 2),
(198, 2),
(199, 2),
(200, 2),
(201, 2),
(202, 2),
(205, 2),
(209, 2),
(210, 2),
(211, 2),
(212, 2),
(213, 2),
(214, 2),
(215, 2),
(216, 2),
(217, 2),
(218, 2),
(219, 2),
(220, 2),
(221, 2),
(222, 2),
(223, 2),
(224, 2),
(225, 2),
(226, 2),
(227, 2),
(228, 2),
(229, 2),
(230, 2),
(231, 2),
(242, 2),
(243, 2),
(244, 2),
(245, 2),
(246, 2),
(247, 2),
(248, 2),
(250, 2),
(251, 2),
(252, 2),
(265, 2),
(337, 2),
(338, 2),
(357, 2),
(358, 2),
(377, 2),
(378, 2),
(397, 2),
(398, 2),
(415, 2),
(417, 2),
(418, 2),
(436, 2),
(455, 2),
(456, 2),
(457, 2),
(458, 2),
(476, 2),
(495, 2),
(496, 2),
(497, 2),
(498, 2),
(499, 2),
(516, 2),
(534, 2),
(536, 2),
(537, 2),
(555, 2),
(556, 2),
(562, 2),
(574, 2),
(575, 2),
(589, 2),
(592, 2),
(593, 2),
(612, 2),
(613, 2),
(630, 2),
(632, 2),
(633, 2),
(652, 2),
(653, 2),
(654, 2),
(672, 2),
(673, 2),
(674, 2),
(692, 2),
(693, 2),
(709, 2),
(710, 2),
(712, 2),
(713, 2),
(714, 2),
(732, 2),
(733, 2),
(735, 2),
(753, 2),
(754, 2),
(755, 2),
(773, 2),
(774, 2),
(775, 2),
(776, 2),
(777, 2),
(778, 2),
(779, 2),
(780, 2),
(781, 2),
(782, 2),
(783, 2),
(784, 2),
(785, 2),
(786, 2),
(787, 2),
(788, 2),
(789, 2),
(790, 2),
(791, 2),
(792, 2),
(793, 2),
(794, 2),
(795, 2),
(796, 2),
(797, 2),
(798, 2),
(799, 2),
(800, 2),
(801, 2),
(802, 2),
(803, 2),
(804, 2),
(805, 2),
(806, 2),
(807, 2),
(808, 2),
(957, 2),
(959, 2),
(961, 2),
(1011, 2),
(1012, 2),
(1013, 2),
(1043, 2),
(1070, 2),
(1127, 2),
(1128, 2),
(1146, 2),
(1166, 2),
(1167, 2),
(1168, 2),
(1169, 2),
(1170, 2),
(1171, 2),
(1185, 2),
(1186, 2),
(1205, 2),
(1206, 2),
(1225, 2),
(1226, 2),
(1245, 2),
(1246, 2),
(1247, 2),
(1265, 2),
(1266, 2),
(1284, 2),
(1285, 2),
(1286, 2),
(1305, 2),
(1306, 2),
(1307, 2),
(1325, 2),
(1326, 2),
(1327, 2),
(1345, 2),
(1346, 2),
(1365, 2),
(1366, 2),
(1367, 2),
(1385, 2),
(1386, 2),
(1387, 2),
(1405, 2),
(1406, 2),
(1407, 2),
(1425, 2),
(1426, 2),
(1442, 2),
(1444, 2),
(1445, 2),
(1465, 2),
(1483, 2),
(1485, 2),
(1486, 2),
(1505, 2),
(1506, 2),
(1525, 2),
(1544, 2),
(1545, 2),
(1564, 2),
(1565, 2),
(1584, 2),
(1585, 2),
(1604, 2),
(1605, 2),
(1606, 2),
(1620, 2),
(1623, 2),
(1624, 2),
(1641, 2),
(1642, 2),
(1643, 2),
(1644, 2),
(1661, 2),
(1662, 2),
(1663, 2),
(1664, 2),
(1681, 2),
(1682, 2),
(1683, 2),
(1684, 2),
(1685, 2),
(1703, 2),
(1721, 2),
(7, 3),
(9, 3),
(73, 3),
(74, 3),
(93, 3),
(94, 3),
(113, 3),
(114, 3),
(132, 3),
(133, 3),
(153, 3),
(154, 3),
(173, 3),
(174, 3),
(208, 3),
(247, 3),
(253, 3),
(254, 3),
(266, 3),
(271, 3),
(272, 3),
(284, 3),
(285, 3),
(286, 3),
(287, 3),
(288, 3),
(289, 3),
(290, 3),
(291, 3),
(292, 3),
(293, 3),
(294, 3),
(295, 3),
(296, 3),
(297, 3),
(298, 3),
(299, 3),
(300, 3),
(301, 3),
(302, 3),
(303, 3),
(304, 3),
(305, 3),
(306, 3),
(307, 3),
(308, 3),
(309, 3),
(310, 3),
(311, 3),
(312, 3),
(313, 3),
(314, 3),
(315, 3),
(316, 3),
(317, 3),
(318, 3),
(319, 3),
(336, 3),
(339, 3),
(359, 3),
(360, 3),
(361, 3),
(379, 3),
(380, 3),
(399, 3),
(400, 3),
(401, 3),
(414, 3),
(419, 3),
(420, 3),
(421, 3),
(437, 3),
(438, 3),
(439, 3),
(459, 3),
(460, 3),
(461, 3),
(477, 3),
(478, 3),
(500, 3),
(501, 3),
(517, 3),
(518, 3),
(533, 3),
(538, 3),
(539, 3),
(557, 3),
(558, 3),
(559, 3),
(560, 3),
(564, 3),
(565, 3),
(566, 3),
(594, 3),
(595, 3),
(596, 3),
(614, 3),
(630, 3),
(634, 3),
(635, 3),
(655, 3),
(656, 3),
(675, 3),
(676, 3),
(694, 3),
(695, 3),
(696, 3),
(710, 3),
(711, 3),
(715, 3),
(716, 3),
(734, 3),
(736, 3),
(737, 3),
(756, 3),
(757, 3),
(758, 3),
(759, 3),
(760, 3),
(809, 3),
(810, 3),
(811, 3),
(812, 3),
(813, 3),
(814, 3),
(815, 3),
(816, 3),
(817, 3),
(818, 3),
(819, 3),
(820, 3),
(821, 3),
(822, 3),
(823, 3),
(824, 3),
(825, 3),
(826, 3),
(827, 3),
(828, 3),
(829, 3),
(830, 3),
(831, 3),
(832, 3),
(833, 3),
(834, 3),
(835, 3),
(836, 3),
(837, 3),
(838, 3),
(839, 3),
(840, 3),
(958, 3),
(960, 3),
(1012, 3),
(1013, 3),
(1066, 3),
(1067, 3),
(1068, 3),
(1070, 3),
(1117, 3),
(1118, 3),
(1129, 3),
(1130, 3),
(1147, 3),
(1148, 3),
(1172, 3),
(1173, 3),
(1187, 3),
(1188, 3),
(1207, 3),
(1208, 3),
(1227, 3),
(1228, 3),
(1229, 3),
(1230, 3),
(1231, 3),
(1232, 3),
(1248, 3),
(1249, 3),
(1250, 3),
(1267, 3),
(1268, 3),
(1287, 3),
(1288, 3),
(1308, 3),
(1309, 3),
(1328, 3),
(1329, 3),
(1347, 3),
(1348, 3),
(1368, 3),
(1369, 3),
(1388, 3),
(1389, 3),
(1390, 3),
(1408, 3),
(1409, 3),
(1410, 3),
(1427, 3),
(1428, 3),
(1443, 3),
(1446, 3),
(1447, 3),
(1448, 3),
(1466, 3),
(1467, 3),
(1468, 3),
(1487, 3),
(1488, 3),
(1507, 3),
(1508, 3),
(1509, 3),
(1526, 3),
(1527, 3),
(1546, 3),
(1547, 3),
(1566, 3),
(1567, 3),
(1586, 3),
(1587, 3),
(1607, 3),
(1620, 3),
(1621, 3),
(1622, 3),
(1625, 3),
(1626, 3),
(1627, 3),
(1641, 3),
(1642, 3),
(1645, 3),
(1646, 3),
(1660, 3),
(1662, 3),
(1665, 3),
(1679, 3),
(1680, 3),
(1681, 3),
(1682, 3),
(1686, 3),
(1687, 3),
(1688, 3),
(1689, 3),
(1704, 3),
(1705, 3),
(1722, 3),
(2, 4),
(13, 4),
(52, 4),
(77, 4),
(78, 4),
(97, 4),
(98, 4),
(117, 4),
(118, 4),
(119, 4),
(136, 4),
(137, 4),
(157, 4),
(158, 4),
(177, 4),
(178, 4),
(243, 4),
(246, 4),
(259, 4),
(267, 4),
(268, 4),
(274, 4),
(275, 4),
(336, 4),
(340, 4),
(345, 4),
(346, 4),
(348, 4),
(364, 4),
(365, 4),
(382, 4),
(383, 4),
(404, 4),
(405, 4),
(415, 4),
(423, 4),
(424, 4),
(443, 4),
(444, 4),
(445, 4),
(455, 4),
(464, 4),
(465, 4),
(482, 4),
(483, 4),
(484, 4),
(505, 4),
(506, 4),
(522, 4),
(523, 4),
(533, 4),
(543, 4),
(544, 4),
(563, 4),
(578, 4),
(579, 4),
(599, 4),
(600, 4),
(601, 4),
(618, 4),
(619, 4),
(640, 4),
(641, 4),
(642, 4),
(658, 4),
(659, 4),
(660, 4),
(661, 4),
(680, 4),
(681, 4),
(699, 4),
(700, 4),
(701, 4),
(710, 4),
(711, 4),
(720, 4),
(721, 4),
(722, 4),
(740, 4),
(741, 4),
(742, 4),
(763, 4),
(764, 4),
(765, 4),
(841, 4),
(842, 4),
(843, 4),
(844, 4),
(845, 4),
(846, 4),
(847, 4),
(848, 4),
(849, 4),
(850, 4),
(851, 4),
(852, 4),
(853, 4),
(854, 4),
(855, 4),
(856, 4),
(857, 4),
(858, 4),
(859, 4),
(860, 4),
(861, 4),
(862, 4),
(863, 4),
(864, 4),
(865, 4),
(866, 4),
(867, 4),
(868, 4),
(869, 4),
(870, 4),
(871, 4),
(958, 4),
(962, 4),
(1012, 4),
(1013, 4),
(1043, 4),
(1066, 4),
(1072, 4),
(1073, 4),
(1074, 4),
(1075, 4),
(1076, 4),
(1077, 4),
(1078, 4),
(1079, 4),
(1080, 4),
(1081, 4),
(1082, 4),
(1083, 4),
(1084, 4),
(1085, 4),
(1086, 4),
(1087, 4),
(1088, 4),
(1089, 4),
(1090, 4),
(1091, 4),
(1092, 4),
(1093, 4),
(1094, 4),
(1095, 4),
(1096, 4),
(1097, 4),
(1098, 4),
(1099, 4),
(1117, 4),
(1118, 4),
(1119, 4),
(1120, 4),
(1121, 4),
(1122, 4),
(1123, 4),
(1124, 4),
(1125, 4),
(1126, 4),
(1133, 4),
(1134, 4),
(1151, 4),
(1152, 4),
(1153, 4),
(1154, 4),
(1165, 4),
(1176, 4),
(1177, 4),
(1191, 4),
(1192, 4),
(1215, 4),
(1216, 4),
(1235, 4),
(1236, 4),
(1254, 4),
(1255, 4),
(1264, 4),
(1272, 4),
(1273, 4),
(1293, 4),
(1294, 4),
(1313, 4),
(1314, 4),
(1315, 4),
(1333, 4),
(1334, 4),
(1335, 4),
(1351, 4),
(1352, 4),
(1372, 4),
(1373, 4),
(1374, 4),
(1394, 4),
(1395, 4),
(1396, 4),
(1413, 4),
(1414, 4),
(1415, 4),
(1432, 4),
(1433, 4),
(1434, 4),
(1442, 4),
(1452, 4),
(1453, 4),
(1471, 4),
(1472, 4),
(1473, 4),
(1483, 4),
(1484, 4),
(1491, 4),
(1492, 4),
(1512, 4),
(1513, 4),
(1530, 4),
(1531, 4),
(1532, 4),
(1551, 4),
(1570, 4),
(1571, 4),
(1590, 4),
(1591, 4),
(1610, 4),
(1611, 4),
(1620, 4),
(1629, 4),
(1630, 4),
(1640, 4),
(1641, 4),
(1642, 4),
(1649, 4),
(1660, 4),
(1662, 4),
(1669, 4),
(1670, 4),
(1679, 4),
(1681, 4),
(1693, 4),
(1694, 4),
(1702, 4),
(1710, 4),
(1711, 4),
(3, 5),
(14, 5),
(69, 5),
(70, 5),
(75, 5),
(76, 5),
(95, 5),
(96, 5),
(115, 5),
(116, 5),
(134, 5),
(135, 5),
(155, 5),
(156, 5),
(175, 5),
(176, 5),
(204, 5),
(242, 5),
(255, 5),
(256, 5),
(257, 5),
(258, 5),
(273, 5),
(341, 5),
(342, 5),
(343, 5),
(344, 5),
(362, 5),
(363, 5),
(381, 5),
(402, 5),
(403, 5),
(416, 5),
(422, 5),
(440, 5),
(441, 5),
(442, 5),
(462, 5),
(463, 5),
(479, 5),
(480, 5),
(481, 5),
(495, 5),
(502, 5),
(503, 5),
(504, 5),
(519, 5),
(520, 5),
(521, 5),
(535, 5),
(540, 5),
(541, 5),
(542, 5),
(561, 5),
(576, 5),
(577, 5),
(590, 5),
(597, 5),
(598, 5),
(615, 5),
(616, 5),
(617, 5),
(636, 5),
(637, 5),
(638, 5),
(639, 5),
(657, 5),
(677, 5),
(678, 5),
(679, 5),
(697, 5),
(698, 5),
(709, 5),
(710, 5),
(717, 5),
(718, 5),
(719, 5),
(738, 5),
(739, 5),
(761, 5),
(762, 5),
(956, 5),
(1012, 5),
(1013, 5),
(1014, 5),
(1015, 5),
(1016, 5),
(1017, 5),
(1018, 5),
(1019, 5),
(1020, 5),
(1021, 5),
(1022, 5),
(1023, 5),
(1024, 5),
(1025, 5),
(1026, 5),
(1027, 5),
(1028, 5),
(1029, 5),
(1030, 5),
(1031, 5),
(1032, 5),
(1033, 5),
(1034, 5),
(1035, 5),
(1036, 5),
(1037, 5),
(1038, 5),
(1039, 5),
(1040, 5),
(1041, 5),
(1042, 5),
(1044, 5),
(1045, 5),
(1069, 5),
(1071, 5),
(1131, 5),
(1132, 5),
(1149, 5),
(1150, 5),
(1174, 5),
(1175, 5),
(1189, 5),
(1190, 5),
(1209, 5),
(1210, 5),
(1211, 5),
(1212, 5),
(1213, 5),
(1214, 5),
(1233, 5),
(1234, 5),
(1251, 5),
(1252, 5),
(1253, 5),
(1269, 5),
(1270, 5),
(1271, 5),
(1290, 5),
(1291, 5),
(1292, 5),
(1310, 5),
(1311, 5),
(1312, 5),
(1330, 5),
(1331, 5),
(1332, 5),
(1349, 5),
(1350, 5),
(1370, 5),
(1371, 5),
(1391, 5),
(1392, 5),
(1393, 5),
(1411, 5),
(1412, 5),
(1429, 5),
(1430, 5),
(1431, 5),
(1449, 5),
(1450, 5),
(1451, 5),
(1469, 5),
(1470, 5),
(1484, 5),
(1489, 5),
(1490, 5),
(1510, 5),
(1511, 5),
(1528, 5),
(1529, 5),
(1548, 5),
(1549, 5),
(1550, 5),
(1568, 5),
(1569, 5),
(1588, 5),
(1589, 5),
(1608, 5),
(1609, 5),
(1620, 5),
(1628, 5),
(1640, 5),
(1641, 5),
(1642, 5),
(1647, 5),
(1648, 5),
(1661, 5),
(1662, 5),
(1666, 5),
(1667, 5),
(1668, 5),
(1681, 5),
(1682, 5),
(1690, 5),
(1691, 5),
(1692, 5),
(1706, 5),
(1707, 5),
(1708, 5),
(1709, 5),
(6, 6),
(11, 6),
(30, 6),
(79, 6),
(80, 6),
(99, 6),
(100, 6),
(120, 6),
(138, 6),
(139, 6),
(159, 6),
(179, 6),
(180, 6),
(244, 6),
(245, 6),
(260, 6),
(261, 6),
(262, 6),
(276, 6),
(277, 6),
(278, 6),
(349, 6),
(350, 6),
(366, 6),
(367, 6),
(368, 6),
(384, 6),
(406, 6),
(407, 6),
(414, 6),
(425, 6),
(426, 6),
(446, 6),
(447, 6),
(448, 6),
(466, 6),
(467, 6),
(468, 6),
(485, 6),
(486, 6),
(487, 6),
(507, 6),
(508, 6),
(509, 6),
(524, 6),
(525, 6),
(526, 6),
(534, 6),
(545, 6),
(546, 6),
(547, 6),
(580, 6),
(581, 6),
(602, 6),
(603, 6),
(604, 6),
(605, 6),
(620, 6),
(621, 6),
(643, 6),
(644, 6),
(662, 6),
(663, 6),
(664, 6),
(682, 6),
(683, 6),
(684, 6),
(685, 6),
(702, 6),
(703, 6),
(704, 6),
(708, 6),
(710, 6),
(723, 6),
(724, 6),
(766, 6),
(767, 6),
(768, 6),
(957, 6),
(963, 6),
(964, 6),
(965, 6),
(966, 6),
(967, 6),
(968, 6),
(969, 6),
(970, 6),
(971, 6),
(972, 6),
(973, 6),
(974, 6),
(975, 6),
(976, 6),
(977, 6),
(978, 6),
(979, 6),
(980, 6),
(981, 6),
(982, 6),
(983, 6),
(984, 6),
(985, 6),
(986, 6),
(987, 6),
(988, 6),
(989, 6),
(990, 6),
(991, 6),
(992, 6),
(993, 6),
(994, 6),
(1011, 6),
(1012, 6),
(1013, 6),
(1067, 6),
(1135, 6),
(1136, 6),
(1155, 6),
(1156, 6),
(1178, 6),
(1179, 6),
(1193, 6),
(1194, 6),
(1195, 6),
(1196, 6),
(1197, 6),
(1198, 6),
(1217, 6),
(1218, 6),
(1237, 6),
(1238, 6),
(1256, 6),
(1257, 6),
(1258, 6),
(1264, 6),
(1274, 6),
(1275, 6),
(1289, 6),
(1295, 6),
(1296, 6),
(1297, 6),
(1316, 6),
(1317, 6),
(1318, 6),
(1319, 6),
(1336, 6),
(1337, 6),
(1338, 6),
(1353, 6),
(1354, 6),
(1375, 6),
(1376, 6),
(1377, 6),
(1397, 6),
(1398, 6),
(1399, 6),
(1416, 6),
(1417, 6),
(1418, 6),
(1435, 6),
(1436, 6),
(1437, 6),
(1443, 6),
(1454, 6),
(1455, 6),
(1474, 6),
(1475, 6),
(1476, 6),
(1477, 6),
(1493, 6),
(1494, 6),
(1514, 6),
(1515, 6),
(1533, 6),
(1534, 6),
(1535, 6),
(1552, 6),
(1553, 6),
(1572, 6),
(1573, 6),
(1592, 6),
(1593, 6),
(1612, 6),
(1613, 6),
(1620, 6),
(1622, 6),
(1631, 6),
(1632, 6),
(1641, 6),
(1642, 6),
(1650, 6),
(1651, 6),
(1652, 6),
(1653, 6),
(1654, 6),
(1662, 6),
(1671, 6),
(1672, 6),
(1681, 6),
(1682, 6),
(1695, 6),
(1696, 6),
(1712, 6),
(1713, 6),
(1722, 6),
(4, 7),
(16, 7),
(17, 7),
(18, 7),
(19, 7),
(20, 7),
(21, 7),
(22, 7),
(23, 7),
(24, 7),
(25, 7),
(26, 7),
(27, 7),
(28, 7),
(29, 7),
(31, 7),
(32, 7),
(33, 7),
(34, 7),
(35, 7),
(36, 7),
(37, 7),
(38, 7),
(39, 7),
(40, 7),
(41, 7),
(42, 7),
(43, 7),
(44, 7),
(45, 7),
(46, 7),
(47, 7),
(48, 7),
(49, 7),
(50, 7),
(51, 7),
(69, 7),
(70, 7),
(81, 7),
(82, 7),
(101, 7),
(102, 7),
(121, 7),
(122, 7),
(140, 7),
(141, 7),
(160, 7),
(181, 7),
(182, 7),
(203, 7),
(248, 7),
(263, 7),
(264, 7),
(269, 7),
(279, 7),
(280, 7),
(351, 7),
(352, 7),
(353, 7),
(369, 7),
(385, 7),
(386, 7),
(408, 7),
(409, 7),
(416, 7),
(427, 7),
(428, 7),
(449, 7),
(450, 7),
(469, 7),
(470, 7),
(488, 7),
(489, 7),
(510, 7),
(511, 7),
(527, 7),
(528, 7),
(529, 7),
(535, 7),
(548, 7),
(549, 7),
(550, 7),
(567, 7),
(568, 7),
(582, 7),
(583, 7),
(584, 7),
(606, 7),
(607, 7),
(622, 7),
(623, 7),
(624, 7),
(625, 7),
(645, 7),
(646, 7),
(647, 7),
(665, 7),
(666, 7),
(686, 7),
(687, 7),
(688, 7),
(705, 7),
(706, 7),
(708, 7),
(710, 7),
(725, 7),
(726, 7),
(727, 7),
(728, 7),
(743, 7),
(744, 7),
(745, 7),
(746, 7),
(769, 7),
(770, 7),
(771, 7),
(872, 7),
(873, 7),
(874, 7),
(875, 7),
(876, 7),
(877, 7),
(878, 7),
(879, 7),
(880, 7),
(881, 7),
(882, 7),
(883, 7),
(884, 7),
(885, 7),
(886, 7),
(887, 7),
(888, 7),
(889, 7),
(890, 7),
(891, 7),
(892, 7),
(893, 7),
(894, 7),
(895, 7),
(896, 7),
(897, 7),
(898, 7),
(899, 7),
(900, 7),
(901, 7),
(902, 7),
(903, 7),
(904, 7),
(905, 7),
(956, 7),
(995, 7),
(1012, 7),
(1013, 7),
(1068, 7),
(1069, 7),
(1137, 7),
(1138, 7),
(1139, 7),
(1140, 7),
(1141, 7),
(1142, 7),
(1157, 7),
(1158, 7),
(1180, 7),
(1181, 7),
(1199, 7),
(1200, 7),
(1219, 7),
(1220, 7),
(1239, 7),
(1240, 7),
(1259, 7),
(1260, 7),
(1261, 7),
(1276, 7),
(1277, 7),
(1278, 7),
(1298, 7),
(1299, 7),
(1320, 7),
(1321, 7),
(1339, 7),
(1340, 7),
(1341, 7),
(1355, 7),
(1356, 7),
(1378, 7),
(1379, 7),
(1380, 7),
(1400, 7),
(1401, 7),
(1402, 7),
(1419, 7),
(1420, 7),
(1421, 7),
(1438, 7),
(1439, 7),
(1440, 7),
(1444, 7),
(1456, 7),
(1457, 7),
(1458, 7),
(1478, 7),
(1495, 7),
(1496, 7),
(1516, 7),
(1517, 7),
(1536, 7),
(1537, 7),
(1554, 7),
(1555, 7),
(1556, 7),
(1574, 7),
(1575, 7),
(1594, 7),
(1595, 7),
(1614, 7),
(1615, 7),
(1616, 7),
(1620, 7),
(1621, 7),
(1633, 7),
(1634, 7),
(1635, 7),
(1641, 7),
(1642, 7),
(1655, 7),
(1656, 7),
(1657, 7),
(1662, 7),
(1673, 7),
(1674, 7),
(1675, 7),
(1680, 7),
(1681, 7),
(1682, 7),
(1697, 7),
(1698, 7),
(1702, 7),
(1714, 7),
(1715, 7),
(1716, 7),
(1721, 7);

-- --------------------------------------------------------

--
-- Structure de la table `carte_carte`
--

CREATE TABLE IF NOT EXISTS `carte_carte` (
  `CarteID` int(11) NOT NULL AUTO_INCREMENT,
  `Nom` varchar(100) NOT NULL,
  `Extension` int(11) NOT NULL,
  `Type` int(11) NOT NULL,
  `Cout` int(11) DEFAULT NULL,
  `Texte` text NOT NULL,
  `Gold` int(11) DEFAULT NULL,
  `Influence` int(11) DEFAULT NULL,
  `Initiative` int(11) DEFAULT NULL,
  `Force` int(11) DEFAULT NULL,
  `Prise` int(11) DEFAULT NULL,
  `Image` varchar(255) NOT NULL,
  PRIMARY KEY (`CarteID`),
  KEY `fk_extension` (`Extension`),
  KEY `fk_type` (`Type`)
) ENGINE=InnoDB  DEFAULT CHARSET=utf8 AUTO_INCREMENT=1723 ;

--
-- Contenu de la table `carte_carte`
--

INSERT INTO `carte_carte` (`CarteID`, `Nom`, `Extension`, `Type`, `Cout`, `Texte`, `Gold`, `Influence`, `Initiative`, `Force`, `Prise`, `Image`) VALUES
(1, 'Cersei Lannister', 7, 1, 4, 'Cersei Lannister does not kneel to attack during intrigue challenges. Response: After you win an intrigue challenge, Cersei Lannister claims 1 power. Then, Cersei Lannister gains your choice of stealth or deadly until the end of the phase.', NULL, NULL, NULL, 3, NULL, 'lions6.jpg'),
(2, 'Stannis Baratheon', 50, 1, 4, 'Immune to location abilities. While Stannis Baratheon is the only King character in play, he gains vigilant, renown, and stealth.', NULL, NULL, NULL, 3, NULL, 'narrow7.jpg'),
(3, 'Ser Arys Oakheart', 3, 1, 3, 'Renown. No attachments except weapon. Response: After Ser Arys Oakheart comes into play,choose and discard 1 Ally or Mercenary character from play.', NULL, NULL, NULL, 3, NULL, 'pots9.jpg'),
(4, 'Rhaegal', 6, 1, 4, 'Targaryen only. No attachments. Ambush. Stealth. Response: After you win a challenge in which Rhaegal participated and all of your participating characters have the Dragon trait, each participating character you control claims 1 power. (Limit once per phase)', NULL, NULL, NULL, 4, NULL, 'dragon24.jpg'),
(5, 'Feuding Clanswoman', 7, 1, 2, 'No attachments. Stealth. Initiative +2', NULL, NULL, 2, 1, NULL, 'lions38.jpg'),
(6, 'Drowned Crewman', 49, 1, 2, 'If you have more than 1 opponent Drowned Crewman gains: ''Marshalling: Kneel Drowned Crewman to choose an opponent with more cards in his or her discard pile than you. Move 1 gold token from that player''s gold pool to your own.', NULL, NULL, NULL, 2, NULL, 'champions108.jpg'),
(7, 'Winterfell Reserves', 1, 1, 3, 'Response : after Winterfell Reserves is declared as a defender, pay one gold to put the top card of a player''s discard pile on top of his or her deck.', NULL, NULL, NULL, 3, NULL, 'coreset35.jpg'),
(8, 'Lannisport Treasury', 7, 2, 2, 'Limited.', 2, NULL, NULL, NULL, NULL, 'lions30.jpg'),
(9, 'Northern Fiefdoms', 1, 2, 1, 'Limited. Marshalling: Kneel Northern Fiefdoms to lower the cost of the next Stark card you play this phase by 1.', NULL, 1, NULL, NULL, NULL, 'coreset38.jpg'),
(10, 'Kingsroad Fiefdom', 6, 2, 2, '', NULL, 2, 2, NULL, NULL, 'dragon42.jpg'),
(11, 'Kraken Tattoo', 20, 4, 0, 'Attached character gains the Ironborn trait. Response : after a card is discarded from a player''s deck, attached character gets +1 STR and Intimidate until the end of the phase.', NULL, NULL, NULL, NULL, NULL, 'landing10.jpg'),
(12, 'Treaty with the North', 4, 3, NULL, 'Ignore the out of House gold penalty on all Stark cards. Each opponent without a Treaty agenda needs 5 fewer power (to a minimum of 10) to win the game.', NULL, NULL, NULL, NULL, NULL, 'low39.jpg'),
(13, 'Burning Sword', 16, 4, 2, 'Unique character only. If it is Winter,Burning Sword gains: ''any Phase: Kneel Burning Sword to give attached character +2 STR and ''immune to card effects'' until the end of the phase.''', NULL, NULL, NULL, NULL, NULL, 'raven43.jpg'),
(14, 'Red Vengeance', 3, 5, NULL, 'Martell only.Response: After you lose a challenge as the defender,kneel 2 influence to cancel the claim effect of that challenge. Then,choose an opponent to satisfy the claim of that challenge as if he or she had lost the challenge as the defender.', NULL, NULL, NULL, NULL, NULL, 'pots25.jpg'),
(15, 'Knights of the Hollow Hill', 34, 3, NULL, 'You cannot place cards during the setup phase. Other cards you control do not provide a gold bonus. Your House card gains: +2 gold, +2 influence, +2 initiative', 2, 2, 2, NULL, NULL, 'brotherhood59.jpg'),
(16, 'True-Queen''s Harbinger', 6, 1, 0, 'Any phase: Kneel True-Queen''s Harbinger to lower the cost of the next Dothraki or Dragon you play or put into play using Ambush this phase by 1.', NULL, NULL, NULL, 1, NULL, 'dragon7.jpg'),
(17, 'Hired Swords', 6, 1, 2, '', NULL, NULL, NULL, 3, NULL, 'dragon8.jpg'),
(18, 'Pike Phalanx', 6, 1, 3, 'Limited Response: After you declare Pike Phalanx as an attacker with at least one other character with a war crest, raise the claim on your revealed plot card by 1 until the end of the phase. (Limit 1 Limited Response per phase)', NULL, NULL, NULL, 2, NULL, 'dragon9.jpg'),
(19, 'Grey Worm', 6, 1, 4, 'Response: after you win a challenge in which Grey Worm participated, take 1 gold token from the treasury and place it on Grey Worm. Challenges: During a challenge, discard 1 gold token from Grey Worm to choose 1 character. That character gets either -2 or +2 until the end of the challenge.', NULL, NULL, NULL, 3, NULL, 'dragon10.jpg'),
(20, 'Jorah''s Cohorts', 6, 1, 4, 'No attachments. Response: After you win a power challenge, choose and discard an attachment from play.', NULL, NULL, NULL, 4, NULL, 'dragon11.jpg'),
(21, 'Thundering Calvary', 6, 1, 7, 'No attachments. Renown. After Thundering Cavalry enters play, discard from play all characters with STR 1 or lower.', NULL, NULL, NULL, 6, NULL, 'dragon12.jpg'),
(22, 'Blue-Lipped Warlock', 6, 1, 2, 'Blue-Lipped Warlock does not kneel to attack. Dominance: Return Blue-Lipped Warlock from your dead pile to your hand. Use this ability only if there are at least 3 characters in your dead-pile.', NULL, NULL, NULL, 1, NULL, 'dragon13.jpg'),
(23, 'Warlock of Qarth', 6, 1, 1, 'House targaryen only. Deadly. Response: After Warlock of Qarth comes out of Shadows, choose 1 location with a printed cost equal to or lower than the number of cards in Shadows. Return that location to its owner''s hand.', NULL, NULL, NULL, 2, NULL, 'dragon14.jpg'),
(24, 'Horseback Archers', 6, 1, 2, 'Targaryen only. Challenges: During a military challenge, kneel 1 influence to put Horseback Archers into play from your hand, knelt, as an attacker or defender. Then, at the end of that phase, if Horseback Archers is in play, return it to it''s owner''s hand.', NULL, NULL, NULL, 3, NULL, 'dragon15.jpg'),
(25, 'Killer of the Wounded', 6, 1, 2, 'Response: after a character''s STR is lowered, stand Killer of the Wounded.', NULL, NULL, NULL, 2, NULL, 'dragon16.jpg'),
(26, 'Pyat Pree', 6, 1, 3, 'If you win a challenge in which Pyat Pree attacked alone, instead of the normal claim effects, choose and kill 1 character controlled by the losing opponent.', NULL, NULL, NULL, 3, NULL, 'dragon17.jpg'),
(27, 'Black Hatchling', 6, 1, 0, 'Targaryen only. No attachments. Deadly. If you control Drogon, attach Black Hatchling and all of its duplicates to Drogon as duplicate.', NULL, NULL, NULL, 1, NULL, 'dragon18.jpg'),
(28, 'Green Hatchling', 6, 1, 0, 'Targaryen only. No attachments. If you control Rhaegal, attach Green Hatchling and all of its duplicates to Rhaegal as duplicates.', NULL, NULL, NULL, 2, NULL, 'dragon19.jpg'),
(29, 'White Hatchling', 6, 1, 0, 'Targaryen only. No attachments. Stealth. If you control Viserion, attach White Hatchling and all of its duplicates to Viserion as duplicates.', NULL, NULL, NULL, 1, NULL, 'dragon20.jpg'),
(30, 'Wharf Rats', 20, 1, 1, 'Greyjoy only. No attachments. Wharf Rats cannot be killed. After Wharf Rats'' controller wins a challenge, discard the top card of its controller''s deck. Response : after Wharf Rats comes out of Shadows, choose an opponent. That opponent takes control of Wharf Rats.', NULL, NULL, NULL, 2, NULL, 'landing9.jpg'),
(31, 'Khal Drogo', 6, 1, 4, 'Deadly. Response: After Khal Drogo is killed, search your deck for X Dothraki characters, reveal them, and put them into your hand. Then, shuffle your deck. X is Khal Drogo''s STR.', NULL, NULL, NULL, 3, NULL, 'dragon21.jpg'),
(32, 'Daenerys Targaryen', 6, 1, 4, 'Renown. Dragon characters you control do not kneel to attack.', NULL, NULL, NULL, 3, NULL, 'dragon22.jpg'),
(33, 'Drogon', 6, 1, 4, 'Targaryen only. No attachments. Ambush. Stealth. Response: After you win a challenge in which Drogon participated and all of your participating characters have the Dragon trait, choose and kill 1 character whose STR is equal to or less than the number of participating characters you control. (Limit once per phase)', NULL, NULL, NULL, 4, NULL, 'dragon23.jpg'),
(34, 'Viserion', 6, 1, 4, 'Targaryen only. No attachments. Ambush. Stealth. Response: After you win a challenge in which Viserion participated and all of your participating characters have the Dragon trait, choose and discard 1 location with a cost less than the number of participating characters you control. (Limit once per phase)', NULL, NULL, NULL, 4, NULL, 'dragon25.jpg'),
(35, 'Qarth', 6, 2, 1, 'Challenges: Kneel Qarth to choose 1 Dragon character you control. For the duration of the phase, that character gains an intrigue icon and Deadly.', NULL, NULL, NULL, NULL, NULL, 'dragon26.jpg'),
(36, 'Yunkai', 6, 2, 1, 'Challenges: Kneel Yunkai to choose 1 Dragon character you control. Until the end of the phase, that character gains Renown', NULL, NULL, NULL, NULL, NULL, 'dragon27.jpg'),
(37, 'Astapor', 6, 2, 1, 'Challenges: Kneel Astapor to choose 1 participating Dragon character you control. Until the end of the phase, that character gets +2 STR. If you win the challenge, stand that character.', NULL, NULL, NULL, NULL, NULL, 'dragon28.jpg'),
(38, 'Meereen', 6, 2, 1, 'Challenges: Kneel Mereen to choose 1 participating Dragon character you control. Until the end of the phase, that character gains ''Immune to opponents'' trigggered effects.'' If you win the challenge draw 1 card for each participating Dragon character you control.', NULL, NULL, NULL, NULL, NULL, 'dragon29.jpg'),
(39, 'Plaza of Pride', 6, 2, 2, 'Targaryen only. Challenges: Kneel Plaza of Pride to give an attacking Targaryen Army character you control either Stealth or Deadly until the end of the phase.', NULL, NULL, NULL, NULL, NULL, 'dragon30.jpg'),
(40, 'Myrish Villa', 6, 2, 1, 'Any Phase: Kneel 1 influence to put Myrish Villa into play from your hand. Marshalling: Kneel Myrish Villa to lower the cost of the next Targaryen card you play this phase by 1 (by 2 instead if it is Summer).', NULL, NULL, NULL, NULL, NULL, 'dragon31.jpg'),
(41, 'Khal Drogo''s Tent', 6, 2, 1, 'You may choose to play Khal Drogo''s Tent as an attachment on your House card.', 1, 1, NULL, NULL, NULL, 'dragon33.jpg'),
(42, 'Eastern Fiefdoms', 6, 2, 1, 'Limited. Marshalling: Kneel Eastern Fiefdoms to lower the cost of the next Targaryen card you play this phase by 1.', NULL, 1, NULL, NULL, NULL, 'dragon34.jpg'),
(43, 'Great Pyramid', 6, 2, 2, 'Limited. Marhalling: Kneel to lower the cost of the next Targaryen character you play this phase by 2.', NULL, NULL, NULL, NULL, NULL, 'dragon35.jpg'),
(44, 'Ambush from the Plains', 6, 5, NULL, 'Challenges: Put a Targaryen character into play from your hand or discard pile with printed cost lower than your total initiative. At the end of the phase, if that character is still in play, return that character to its owner''s hand.', NULL, NULL, NULL, NULL, NULL, 'dragon36.jpg'),
(45, 'Field of Fire', 6, 5, NULL, 'Targaryen only. Challenges: If it is Summer, kneel 2 influence to choose all participating, non-Dragon characters. Until the end of the phase, each of those characters gets -2 STR and is killed if its STR is 0', NULL, NULL, NULL, NULL, NULL, 'dragon37.jpg'),
(46, 'Maegi''s Promise', 6, 5, NULL, 'Kneel 1 influence to return a Targaryen character from your dead pile to your hand.', NULL, NULL, NULL, NULL, NULL, 'dragon38.jpg'),
(47, 'Unburnt', 6, 4, 0, 'Response: Save attached character from being killed, then return it to its owner''s hand.', NULL, NULL, NULL, NULL, NULL, 'dragon1.jpg'),
(48, 'Dragon Fear', 6, 4, 0, 'If there is at least 1 Dragon character in play, attached character must be chosen for military claim if able.', NULL, NULL, NULL, NULL, NULL, 'dragon2.jpg'),
(49, 'Bloodrider''s Arakh', 6, 4, 1, 'Attached character gets +1 STR and war. While attached character is attacking, defending characters are killed if their STR is 0.', NULL, NULL, NULL, NULL, NULL, 'dragon3.jpg'),
(50, 'Shade of the Evening', 6, 4, 2, 'Targaryen only. Attached character gains a military, intrigue and power icon. Response: After you win a challenge in which attached character participated, look at the top 3 cards of your deck (5 if it is Summer), put 1 into your hand, then return the others to the top of your deck, in any order.', NULL, NULL, NULL, NULL, NULL, 'dragon4.jpg'),
(51, 'Crown of Meereen', 6, 4, 2, 'Unique Targaryen character only. If a White Raven card is not in play it is Summer. Response: After you win a challenge in which attached character participated, choose an attachment. Take control of that attachment, and attach it to an eligible card of your choice.', NULL, NULL, NULL, NULL, NULL, 'dragon6.jpg'),
(52, 'Kingswood Trail', 20, 2, 1, 'Baratheon only. Response : after you declare attackers during a power challenge, put Kingswood Trail into Shadows to choose and kneel a character with a power icon controlled by the defending player.', NULL, NULL, NULL, NULL, NULL, 'landing8.jpg'),
(53, 'Burning Bridges', 6, 6, NULL, 'Players cannot trigger abilities on character, location, and attachment cards in play.', 5, NULL, 0, NULL, 1, 'dragon49.jpg'),
(54, 'Waste Their Time', 6, 6, NULL, 'When revealed, look at each opponent''s hand. Then choose 1 card from each of those hands and shuffle it into its owner''s deck.', 2, NULL, 1, NULL, 1, 'dragon50.jpg'),
(55, 'Focused Offense', 6, 6, NULL, 'You cannot declare more than 1 challenge. You cannot declare defenders. This plot''s text cannot be blanked.', 4, NULL, 4, NULL, 3, 'dragon51.jpg'),
(56, 'Spending the Winter Stores', 6, 6, NULL, 'When revealed, choose an opponent. Then you and that opponent each search your decks for an in-House attachment card, reveal it, and put it into your hands. Then shuffle your decks.', 4, NULL, 0, NULL, 1, 'dragon52.jpg'),
(57, 'Loyalty Money Can Buy', 6, 6, NULL, 'The claim value on each opponents'' revealed plot card is lowered by 1 while that opponent is attacking you.', 4, NULL, 3, NULL, 1, 'dragon53.jpg'),
(58, 'Muster the Realm', 6, 6, NULL, 'Players cannot initiate military challenges unless they control an Army character.', 5, NULL, 2, NULL, 1, 'dragon54.jpg'),
(59, 'Threat from the East', 6, 6, NULL, 'When revealed, you choose one: 1- Each player draws 3 cards and then discard 3 random cards from hand. 2- Each player discards 3 random cards from hand and then draws 3 cards.', 4, NULL, 6, NULL, 1, 'dragon55.jpg'),
(60, 'Advisor to the Crown', 6, 1, 3, '', NULL, 2, NULL, 3, NULL, 'dragon39.jpg'),
(61, 'Initiate of the Citadel', 6, 1, 2, 'Dominance: Kneel Initiate of the Citadel to choose a character. Return any number of attachments on that character to their owner''s hands', NULL, NULL, NULL, 1, NULL, 'dragon40.jpg'),
(62, 'High Ground', 6, 2, 2, 'Challenges: Kneel High Ground to choose and stand an in-house Army character.', NULL, NULL, NULL, NULL, NULL, 'dragon41.jpg'),
(63, 'River Row', 6, 2, 0, 'Limit 1 per deck. River Row comes into play knelt. Marshalling: Kneel River Row to lower the cost of the next character you play this phase by 1.', NULL, NULL, NULL, NULL, NULL, 'dragon43.jpg'),
(64, 'Dissension', 6, 5, NULL, 'Marshalling: Choose and discard from play 1 Ally or Mercenary character, or up to 2 Refugee characters.', NULL, NULL, NULL, NULL, NULL, 'dragon44.jpg'),
(65, 'Favorable Ground', 6, 5, NULL, 'Dominance: kneel 3 influence to discard all non-Limited locations from play.', NULL, NULL, NULL, NULL, NULL, 'dragon45.jpg'),
(66, 'Paper Shield', 6, 5, NULL, 'Response: Cancel the effects of an event card just played that does not have a gold or an influence cost.', NULL, NULL, NULL, NULL, NULL, 'dragon46.jpg'),
(67, 'Alliance', 6, 3, NULL, 'Before drawing your setup hand, name a House. Ignore the out-of-House gold penalty to play cards from that House. The House card of each opponent without a Treaty agenda gains: ''Marshalling: Kneel this card to (choose 1): draw 1 card or take 2 gold from the treasury to your gold pool.''', NULL, NULL, NULL, NULL, NULL, 'dragon47.jpg'),
(68, 'Heir to the Iron Throne', 6, 3, NULL, 'Before drawing your setup hand, name military or intrigue challenge. You cannot initiate challenges of that type. You may initiate 2 power challenges each challenge phase.', NULL, NULL, NULL, NULL, NULL, 'dragon48.jpg'),
(69, 'Summer Sea', 6, 2, 0, 'Marshalling: Discard Summer Sea from play to reduce the cost of the next Martell or Targaryen character you play this phase by 2.', NULL, 1, NULL, NULL, NULL, 'dragon48.jpg'),
(70, 'Sun Stroke', 6, 4, 1, 'Attached character cannot be saved. Response: After you lose a challenge by 4 or more total STR, until the end of the phase, attached character gets -4 STR and is killed if its STR is 0.', NULL, NULL, NULL, NULL, NULL, 'dragon5.jpg'),
(71, 'Janos Slynt', 26, 1, 3, 'Any Phase: Pay 1 gold to choose 1 Night''s Watch character. Until the end of the phase,that character gains stealth.', NULL, NULL, NULL, 2, NULL, 'defender3.jpg'),
(72, 'Pickpocket', 26, 4, 0, 'Response: After you win an intrigue challenge in which attached character participated,you may choose to take 1 gold from the defending player or the treasury and add it to your gold pool.', NULL, NULL, NULL, NULL, NULL, 'defender4.jpg'),
(73, 'Wolves of the North', 26, 1, 6, 'Deadly. No attachments. Reduce the cost to play Wolves of the North by 1 for each The North agenda you are running.', NULL, NULL, NULL, 6, NULL, 'defender1.jpg'),
(74, 'Winter Cache', 26, 4, 0, 'Attached character gets +1 STR. After attached character leaves play,you may attach Winter Cache to another character instead of placing it in your discard pile.', NULL, NULL, NULL, NULL, NULL, 'defender2.jpg'),
(75, 'Palace Spy', 26, 1, 3, 'Response: After you play Palace Spy from your hand,search your deck for 1 influence-providing location,reveal that card,and add it to your hand. Then,shuffle your deck.', NULL, NULL, NULL, 2, NULL, 'defender11.jpg'),
(76, 'A Gentle Prison', 26, 5, NULL, 'Martell only.Challenges: Kneel 2 influence to stand a participating character,and remove it from the current challenge. That character cannot be killed this phase.', NULL, NULL, NULL, NULL, NULL, 'defender12.jpg'),
(77, 'Loyal Guard', 26, 1, 2, 'Baratheon only.Loyal Guard can be played from your hand as a duplicate on a noble character.', NULL, NULL, NULL, 1, NULL, 'defender5.jpg'),
(78, 'Seat of Power', 26, 2, 0, 'Limited. Marshalling: Discard Seat of Power from play to reduce the cost of the next Baratheon card you play this phase by 3.', NULL, NULL, NULL, NULL, NULL, 'defender6.jpg'),
(79, 'Drowned Fanatic', 26, 1, 3, 'Response: After you win initiative,discard the top 2 cards of each opponent''s deck.', NULL, NULL, NULL, 2, NULL, 'defender7.jpg'),
(80, 'Ahead of the Tide', 26, 5, NULL, 'Greyjoy only.Response: If an opponent would win initiative,cancel the initiative count. You win initiative instead.', NULL, NULL, NULL, NULL, NULL, 'defender8.jpg'),
(81, 'Khal Drogo', 26, 1, 4, ' Renown. Response: After you win a power challenge in which Khal Drogo is participating,choose and kill 1 character with lower STR than Khal Drogo.', NULL, NULL, NULL, 3, NULL, 'defender9.jpg'),
(82, 'The Dragon''s Blood', 26, 4, 1, 'Targaryen only. Attached character gains the noble crest and a power icon', NULL, NULL, NULL, NULL, NULL, 'defender10.jpg'),
(83, 'Winter Festival', 26, 6, NULL, 'When revealed,claim 1 power for your House. (Claim 2 power instead if it is Winter.)', 4, NULL, 5, NULL, 1, 'defender20.jpg'),
(84, 'Ranger of the Watch', 26, 1, 1, 'No attachments except weapon. During military challenges, Ranger of the Watch gains stealth.', NULL, NULL, NULL, 2, NULL, 'defender13.jpg'),
(85, 'Septon Cellador', 26, 1, 2, 'No attachments. Any Phase: Kneel Septon Cellador to shuffle any player''s deck.', NULL, NULL, NULL, 2, NULL, 'defender14.jpg'),
(86, 'Skinchanger', 26, 1, 3, 'Challenges: Skinchanger gains an icon of your choice until the end of the phase. (Limit once per phase.)', NULL, NULL, NULL, 3, NULL, 'defender16.jpg'),
(87, 'Craster', 26, 1, 2, 'If you lose a challenge in which Craster participated,the winning opponent draws 2 cards.', NULL, NULL, NULL, 5, NULL, 'defender17.jpg'),
(88, 'Castle Black', 26, 2, 2, 'Response: After you play a Night''s Watch character from your hand,reduce the cost of the next Night''s Watch character you play this phase by 1.', NULL, NULL, NULL, NULL, NULL, 'defender15.jpg'),
(89, 'Wildling Mead', 26, 4, 2, 'Wildling character only. Any Phase: Kneel Wildling Mead to stand attached character.', NULL, NULL, NULL, NULL, NULL, 'defender18.jpg'),
(90, 'The Rangers', 26, 3, NULL, 'You may run any number of The North agendas. You need 2 additional power to win the game.Night''s Watch characters you control gain a military icon.', NULL, NULL, NULL, NULL, NULL, 'defender19.jpg'),
(91, 'Lord Tywin''s Man', 27, 1, 2, 'While Lord Tywin''s Man is attacking, Lannister characters cannot defend.', NULL, NULL, NULL, 2, NULL, 'defender23.jpg'),
(92, 'Cersei''s Wheelhouse', 27, 2, 2, 'Reduce the initiative value on each player''s revealed plot card to 0.', NULL, NULL, NULL, NULL, NULL, 'defender24.jpg'),
(93, 'Benjen Stark', 27, 1, 3, 'Stealth. No attachments except weapon. Response: After Benjen Stark comes into play,choose and stand 1 Night''s Watch character or choose and kneel 1 Wildling character.', NULL, NULL, NULL, 3, NULL, 'defender21.jpg'),
(94, 'Frozen Moat', 27, 2, 1, 'Challenges: Kneel Frozen Moat to choose 1 attacking character. Until the end of the challenge,treat that character as if its printed text box were blank.', NULL, NULL, NULL, NULL, NULL, 'defender22.jpg'),
(95, 'Maester of Lemonwood', 27, 1, 2, 'Response: After you play Maester of Lemonwood from your hand,choose and discard any number of Condition attachments from play.', NULL, NULL, NULL, 2, NULL, 'defender31.jpg'),
(96, 'Bronze Shield', 27, 4, 1, 'Attach to a Martell character you control. Response: After an opponent plays an event card,kill attached character to cancel the effects of that event. Then,if it is Summer,draw a card.', NULL, NULL, NULL, NULL, NULL, 'defender32.jpg'),
(97, 'Zealot of the Light', 27, 1, 3, 'After you win dominance,kneel Zealot of the Light to discard 1 card at random from any 1 opponent''s hand.', NULL, NULL, NULL, 3, NULL, 'defender25.jpg'),
(98, 'Compelled by the King', 27, 5, NULL, 'Baratheon only.Response: If an opponent would win dominance,cancel the dominance count. You automatically win dominance this phase.', NULL, NULL, NULL, NULL, NULL, 'defender26.jpg'),
(99, 'Nute the Barber', 27, 1, 3, 'Intimidate. Any Phase: Discard 1 card from your hand to give Nute the Barber +1 STR until the end of the phase.', NULL, NULL, NULL, 3, NULL, 'defender27.jpg'),
(100, 'The Seastone Chair', 27, 2, 3, 'Response: After you win a challenge in which at least 1 noble character participated, choose 1 of the following: claim 1 power for your House,add 2 gold from the treasury to your gold pool,or draw 1 card. (You may select each option once per round.)', NULL, NULL, NULL, NULL, NULL, 'defender28.jpg'),
(101, 'Maegi Crone', 27, 1, 3, 'Response: After a character''s STR is reduced to 0, draw 1 card.', NULL, NULL, NULL, 1, NULL, 'defender29.jpg'),
(102, 'Meereenese Brothel', 27, 2, 1, 'Response: After a character''s STR is lowered by a card effect,kneel Meereenese Brothel to choose and discard an attachment from play.', NULL, NULL, NULL, NULL, NULL, 'defender30.jpg'),
(103, 'Fear of Winter', 27, 6, NULL, 'Each player cannot play or put into play more than 1 card from his or her hand until you reveal a new plot card.', 2, NULL, 4, NULL, 2, 'defender40.jpg'),
(104, 'Stonesnake', 27, 1, 2, 'Stealth. No attachments. Stonesnake can declare stealth on characters with stealth.', NULL, NULL, NULL, 2, NULL, 'defender33.jpg'),
(105, 'Traitorous Crow', 27, 1, 1, 'No attachments. After Traitorous Crow comes out of Shadows,choose and discard 1 Night''s Watch or 1 Wildling character from play.', NULL, NULL, NULL, 3, NULL, 'defender34.jpg'),
(106, 'Mammoth Riders', 27, 1, 3, 'No attachments. At the end of the challenge phase,return Mammoth Riders to your hand if it is still in play. After you play Mammoth Riders,you cannot play any further cards from your hand this round.', NULL, NULL, NULL, 8, NULL, 'defender36.jpg'),
(107, 'Craster''s Keep', 27, 2, 2, 'Response: After you play a Wildling character from your hand,reduce the cost of the next Wildling you play this phase by 1.', NULL, NULL, NULL, NULL, NULL, 'defender37.jpg'),
(108, 'Beyond the Wall', 27, 2, 3, 'Wildling characters you control do not kneel to attack,and cannot defend.', NULL, NULL, NULL, NULL, NULL, 'defender38.jpg'),
(109, 'Yoren''s Task', 27, 5, NULL, 'Any Phase: Discard 1 Night''s Watch character from play to search your deck for 1 different Night''s Watch character,reveal it,and add it to your hand. Then,shuffle your deck.', NULL, NULL, NULL, NULL, NULL, 'defender35.jpg'),
(110, 'The Free Folk', 27, 3, NULL, 'You may run any number of The North agendas. You need 2 additional power to win the game. Wildling characters you control gain stealth.', NULL, NULL, NULL, NULL, NULL, 'defender39.jpg'),
(111, 'Greedy Councilor', 28, 1, 3, 'Any Phase: Pay 2 gold to put Greedy Councilor into play from your discard pile.', NULL, NULL, NULL, 3, NULL, 'defender43.jpg'),
(112, 'Favors from on High', 28, 5, NULL, 'Lannister only. Any Phase: Discard X power from your House or from cards you control to take X gold from the treasury and add it to your gold pool.', NULL, NULL, NULL, NULL, NULL, 'defender44.jpg'),
(113, 'Jon Snow', 28, 1, 3, 'Any Phase: Kneel 1 Night''s Watch or 1 Wildling character to choose another Night''s Watch or Wildling character. Until the end of the phase,that character gains a war crest.', NULL, NULL, NULL, 3, NULL, 'defender41.jpg'),
(114, 'Feigned Retreat', 28, 5, NULL, 'Stark only. Response: If an opponent would win a military challenge against you, kneel 2 influence to cancel the determination of challenge winner. You automatically win the challenge.', NULL, NULL, NULL, NULL, NULL, 'defender42.jpg'),
(115, 'House Dayne Squire', 28, 1, 1, 'Any Phase: Kneel House Dayne Squire to reduce the cost of the next House Dayne character you play this phase by 1.', NULL, NULL, NULL, 0, NULL, 'defender51.jpg'),
(116, 'Starfall', 28, 2, 2, 'House Dayne characters get +1 STR for each gold token on them. Response: After you win a challenge in which a House Dayne character participated,place 1 gold token from the treasury on that character.', NULL, NULL, NULL, NULL, NULL, 'defender52.jpg'),
(117, 'Salladhor''s Crew', 28, 1, 4, 'Response: After you play Salladhor''s Crew from your hand,reduce the gold cost of the next Baratheon card you play this phase by 3.', NULL, NULL, NULL, 3, NULL, 'defender45.jpg'),
(118, 'Margaery Tyrell', 28, 1, 3, 'Any Phase: Kneel Margaery Tyrell to choose an opponent. That opponent must choose and reveal a new plot card. (Limit once per round.)', NULL, NULL, NULL, 3, NULL, 'defender47.jpg'),
(119, 'The Iron Throne', 28, 2, 3, 'If you are the only player to control The Iron Throne,you automatically win dominance (cannot be canceled).', NULL, NULL, NULL, NULL, NULL, 'defender46.jpg'),
(120, 'Naval Escort', 28, 2, 1, 'If you do not control at least 1 Greyjoy character, discard Naval Escort from play. Any Phase: Kneel X Warship locations to choose X characters. Until the end of the phase,those characters get +X STR.', NULL, NULL, NULL, NULL, NULL, 'defender48.jpg'),
(121, 'Stalwart Shield', 28, 1, 4, 'N characters you control cannot lose icons,have their STR reduced,or be knelt by card effects.', NULL, NULL, NULL, 4, NULL, 'defender49.jpg'),
(122, 'The Hatchling''s Feast', 28, 5, NULL, 'Targaryen only. Any Phase: Kneel 3 influence to choose 3 characters without any attachments. Until the end of the phase, one of those characters gets -1 STR,the second gets -2 STR,and the third gets -3 STR.', NULL, NULL, NULL, NULL, NULL, 'defender50.jpg'),
(123, 'At the Wall', 28, 6, NULL, 'You are considered to be running one additional The North agenda.', 4, NULL, 2, NULL, 1, 'defender60.jpg'),
(124, 'Builder of the Watch', 28, 1, 2, 'No attachments. Any Phase: Kneel Builder of the Watch to return the top 2 cards of your discard pile to the bottom of your deck. Then, your opponent may shuffle your deck.', NULL, NULL, NULL, 2, NULL, 'defender53.jpg'),
(125, 'Orell the Eagle', 28, 1, 3, 'While Orell the Eagle is attacking,opponents must declare at least 2 defenders in order to defend the challenge.', NULL, NULL, NULL, 3, NULL, 'defender56.jpg'),
(126, 'Crow Killers', 28, 1, 2, 'If you win an unopposed challenge in which Crow Killers participated,discard them from play.', NULL, NULL, NULL, 3, NULL, 'defender57.jpg'),
(127, 'The Sword in the Darkness', 28, 5, NULL, 'Response: After you win a military challenge in which at least 1 Night''s Watch character participated,draw 2 cards.', NULL, NULL, NULL, NULL, NULL, 'defender54.jpg'),
(128, 'Over the Wall', 28, 5, NULL, 'Response: After a Wildling character comes into play under your control,choose and take control of 1 opponent''s location. At the end of the phase,return that location to its owner''s hand if it is still in play.', NULL, NULL, NULL, NULL, NULL, 'defender58.jpg'),
(129, 'Longclaw', 28, 4, 1, 'Attached character gains renown. If attached character is Jon Snow,he also gets +2 STR. After attached character leaves play,you may attach Longclaw to a Night''s Watch character instead of placing it in your discard pile.', NULL, NULL, NULL, NULL, NULL, 'defender55.jpg'),
(130, 'The Builders', 28, 3, NULL, 'You may run any number of The North agendas. You need 2 additional power to win the game. Night''s Watch characters you control gain a power icon.', NULL, NULL, NULL, NULL, NULL, 'defender59.jpg'),
(131, 'Ser Balon Swann', 29, 1, 3, 'No attachments except weapon. You may declare Ser Balon Swann as the defender of an intrigue challenge against you even if he is already kneeling.', NULL, NULL, NULL, 3, NULL, 'defender63.jpg'),
(132, 'Ghost', 29, 1, 3, 'Stealth. No attachments. Any Phase: Return Ghost to his owner''s hand.', NULL, NULL, NULL, 3, NULL, 'defender61.jpg'),
(133, 'Borderland Keep', 29, 2, 1, 'Stark only. Response: Discard Borderland Keep from play (cannot be saved) to cancel 1 effect triggered during a military challenge.', NULL, NULL, NULL, NULL, NULL, 'defender62.jpg'),
(134, 'Starfall Advisor', 29, 1, 3, 'Starfall Advisor comes into play with 2 gold tokens from the treasury on him. Response: Discard 1 gold token from Starfall Advisor to cancel 1 event card or character ability that chooses a House Dayne character as a target.', NULL, NULL, NULL, 2, NULL, 'defender71.jpg'),
(135, 'Scorpions Underfoot', 29, 5, NULL, 'Martell only. Any Phase: Kneel 3 influence to choose 3 characters. Until the end of the phase, one of those characters loses a military icon, the second loses an intrigue icon, and the third loses a power icon.', NULL, NULL, NULL, NULL, NULL, 'defender72.jpg'),
(136, 'Acolyte of the Flame', 29, 1, 2, 'Acolyte of the Flame gets +1 STR while it is standing.', NULL, NULL, NULL, 2, NULL, 'defender65.jpg'),
(137, 'Eastwatch-by-the-Sea', 29, 2, 1, 'Response: After an opponent reveals a plot card,move 1 power from a character in play to its controller''s House card.', NULL, NULL, NULL, NULL, NULL, 'defender66.jpg'),
(138, 'Mercenaries from Pyke', 29, 1, 2, 'Stealth. At the beginning of the dominance phase,pay 2 gold or discard Mercenaries from Pyke from play.', NULL, NULL, NULL, 4, NULL, 'defender67.jpg'),
(139, 'Pulled Under', 29, 4, 3, 'At the end of the dominance phase,return Pulled Under and attached character to the bottom of their owners'' decks.', NULL, NULL, NULL, NULL, NULL, 'defender68.jpg'),
(140, 'Green Hatchling', 29, 1, 1, 'No attachments. Discard Green Hatchling from play any time you control Rhaegal. Green Hatchling gains an intrigue icon during intrigue challenges initiated against you.', NULL, NULL, NULL, 2, NULL, 'defender69.jpg'),
(141, 'The Dragon''s Fire', 29, 5, NULL, 'Targaryen only. Challenges: Choose 1 Dragon character. Until the end of the phase,that character gains: ''While this character is attacking,defending characters get -1 STR and are killed if their STR is 0.''', NULL, NULL, NULL, NULL, NULL, 'defender70.jpg'),
(142, 'Valar Dohaeris', 29, 6, NULL, 'At the end of the dominance phase,discard all standing characters from play (cannot be saved).', 3, NULL, 0, NULL, 1, 'defender80.jpg'),
(143, 'Dolorous Edd', 29, 1, 3, 'No attachments. Increase your draw cap by 1 for each The North agenda you are running.', NULL, NULL, NULL, 1, NULL, 'defender73.jpg'),
(144, 'Recruiter for the Watch', 29, 1, 2, 'No attachments. Any Phase: Kneel Recruiter for the Watch to choose a character. Until the end of the phase,that character gains the Night''s Watch trait.', NULL, NULL, NULL, 1, NULL, 'defender74.jpg'),
(145, 'The Wildling Horde', 29, 1, 7, 'Deadly. No attachments. Reduce the cost to play The Wildling Horde by 1 for each The North agenda you are running.', NULL, NULL, NULL, 8, NULL, 'defender76.jpg'),
(146, 'Wildling Wisewoman', 29, 1, 3, 'Response: Kneel Wildling Wisewoman to cancel 1 card effect that would allow an opponent to draw 1 or more cards.', NULL, NULL, NULL, 2, NULL, 'defender77.jpg'),
(147, 'The Shadow Tower', 29, 2, 3, 'Challenges: Kneel The Shadow Tower to add 2 to your total STR during any challenge in which you control at least 1 participating Night''s Watch character.', NULL, NULL, NULL, NULL, NULL, 'defender75.jpg'),
(148, 'Frostfang Peaks', 29, 2, 1, 'Response: After you reveal a plot card,discard the top card of each opponent''s deck. (Discard the top 2 cards instead if it is Winter.)', NULL, NULL, NULL, NULL, NULL, 'defender78.jpg'),
(149, 'Misinformation', 29, 5, NULL, 'Lannister only. Response: If an opponent would win an intrigue challenge against you, cancel the determination of challenge winner. You automatically win the challenge.', NULL, NULL, NULL, NULL, NULL, 'defender64.jpg'),
(150, 'The Last Giants', 29, 3, NULL, 'You may run any number of The North agendas. You need 2 additional power to win the game. Wildling characters you control get +1 STR.', NULL, NULL, NULL, NULL, NULL, 'defender79.jpg'),
(151, 'Treacherous Watchman', 30, 1, 1, 'After you play Treacherous Watchman from your hand,choose and discard 1 Lannister character from play.', NULL, NULL, NULL, 1, NULL, 'defender83.jpg'),
(152, 'Golden Tooth Vaults', 30, 2, 1, 'Any Phase: Kneel Golden Tooth Vaults and discard up to 2 cards from your hand to take an equal amount of gold from the treasury and add it to your gold pool.', NULL, NULL, NULL, NULL, NULL, 'defender84.jpg'),
(153, 'Osha', 30, 1, 2, 'Challenges: Stand Osha to remove her from the current challenge.', NULL, NULL, NULL, 2, NULL, 'defender81.jpg'),
(154, 'Deep Freeze', 30, 4, 1, 'Attach to a player''s House card. The controller of attached House card needs 2 additional power to win the game. (3 additional power instead if it is Winter.)', NULL, NULL, NULL, NULL, NULL, 'defender82.jpg'),
(155, 'Formal Escort', 30, 1, 3, 'No attachments. Noble characters you control are immune to opponent''s events.', NULL, NULL, NULL, 3, NULL, 'defender91.jpg'),
(156, 'Serve. Obey. Protect.', 30, 5, NULL, 'Martell only.Any Phase: Kneel 3 influence to choose 3 characters. Until the end of the phase,one of those characters gains a military icon, the second gains an intrigue icon, and the third gains a power icon.', NULL, NULL, NULL, NULL, NULL, 'defender92.jpg'),
(157, 'Stannis Baratheon', 30, 1, 4, 'Renown. Night''s Watch characters you control get +1 STR.', NULL, NULL, NULL, 3, NULL, 'defender85.jpg'),
(158, 'R''hllor''s Blessing', 30, 4, 1, 'After you play R''hllor''s Blessing,draw 1 card. Attached character gets +2 STR.', NULL, NULL, NULL, NULL, NULL, 'defender86.jpg'),
(159, 'Raiding Fleet', 30, 1, 8, 'No attachments. Response: After you play Raiding Fleet from your hand, discard the top 8 cards of each opponent''s deck.', NULL, NULL, NULL, 8, NULL, 'defender87.jpg'),
(160, 'White Hatchling', 30, 1, 1, 'Stealth. No attachments. Discard White Hatchling from play any time you control Viserion. White Hatchling gains a power icon during power challenges initiated against you.', NULL, NULL, NULL, 1, NULL, 'defender89.jpg'),
(161, 'The Songs of Bael the Bard', 30, 6, NULL, 'When revealed,choose 1 non-noble character. That character gains 1 Trait of your choice until you reveal a new plot card.', 3, NULL, 3, NULL, 1, 'defender100.jpg'),
(162, 'Defenders of the North', 30, 1, 7, 'Deadly. No attachments except weapon. Reduce the cost to play Defenders of the North by 1 for each The North agenda you are running.', NULL, NULL, NULL, 8, NULL, 'defender93.jpg'),
(163, 'Steward of the Watch', 30, 1, 2, 'No attachments. Response: After you play Steward of the Watch from your hand,each opponent must choose and discard 1 card from his or her hand.', NULL, NULL, NULL, 2, NULL, 'defender94.jpg'),
(164, 'Varamyr Sixskins', 30, 1, 2, 'Any Phase: Put 1 Creature character into play from your hand to return Varamyr Sixskins to your hand. At the end of the phase,if that Creature is still in play,discard it from play (cannot be saved).', NULL, NULL, NULL, 2, NULL, 'defender96.jpg'),
(165, 'Rattleshirt''s Raiders', 30, 1, 3, 'Discard Rattleshirt''s Raiders from play at the end of any challenge phase in which they did not attack.', NULL, NULL, NULL, 4, NULL, 'defender97.jpg'),
(166, 'Return of the Kraken', 30, 5, NULL, 'Save 1 Greyjoy location from being discarded from play. Then, if that location is unique, attach Return of the Kraken to it as a duplicate.', NULL, NULL, NULL, NULL, NULL, 'defender88.jpg'),
(167, 'True Power', 30, 5, NULL, 'Targaryen only. Response: If an opponent would win a power challenge against you, cancel the determination of challenge winner. You automatically win the challenge.', NULL, NULL, NULL, NULL, NULL, 'defender90.jpg'),
(168, 'The Feast of the Crows', 30, 5, NULL, 'Any Phase: Kneel 3 influence to choose 3 Night''s Watch characters. Until the end of the phase,one of those characters gains stealth,the second gains deadly,and the third gains renown.', NULL, NULL, NULL, NULL, NULL, 'defender95.jpg'),
(169, 'Climbing Spikes', 30, 4, 1, 'Attach to a location. If you control at least 1 Wildling character,treat attached location as if its printed text box were blank. If you control at least 2 Wildling characters,Climbing Spikes is immune to opponents'' triggered effects.', NULL, NULL, NULL, NULL, NULL, 'defender98.jpg'),
(170, 'The Stewards', 30, 3, NULL, 'You may run any number of The North agendas. You need 2 additional power to win the game. Night''s Watch characters you control gain an intrigue icon.', NULL, NULL, NULL, NULL, NULL, 'defender99.jpg'),
(171, 'Lannisport Councilor', 31, 1, 1, '', 1, NULL, NULL, 1, NULL, 'defender103.jpg'),
(172, 'The Price of Nobility', 31, 4, 0, 'Attach to a noble character you control. Response: After attached character leaves play,take 3 gold from the treasury and add it to your gold pool.', NULL, NULL, NULL, NULL, NULL, 'defender104.jpg'),
(173, 'The Minstrel''s Muse', 31, 6, NULL, 'Stark only. If you win dominance this round,claim 3 additional power for your House.', 4, NULL, 8, NULL, 1, 'defender120.jpg'),
(174, 'Reed''s Crannogmen', 31, 1, 4, 'Stealth. No attachments. Response: After Reed''s Crannogmen leaves play,choose 1 character. Stand or kneel that character.', NULL, NULL, NULL, 3, NULL, 'defender102.jpg'),
(175, 'Starfall Healer', 31, 1, 2, 'Response: Kneel Starfall Healer and discard 1 gold token from a House Dayne character to save that character from being killed.', NULL, NULL, NULL, 2, NULL, 'defender111.jpg'),
(176, 'Burning on the Sand', 31, 5, NULL, 'Martell only. Response: If an opponent would win a challenge against you,cancel the determination of the challenge winner. No one wins the challenge.', NULL, NULL, NULL, NULL, NULL, 'defender112.jpg'),
(177, 'Melisandre', 31, 1, 4, 'Renown. Claim 1 additional power when you win dominance,and when you win an unopposed intrigue or power challenge.', NULL, NULL, NULL, 3, NULL, 'defender105.jpg'),
(178, 'For R''hllor', 31, 5, NULL, 'Baratheon only. Response: After an opponent draws 1 or more cards through a card effect,kneel 3 influence or kneel 1 holy character to have each player choose and discard cards from his or her hand until only 4 cards remain in each player''s hand.', NULL, NULL, NULL, NULL, NULL, 'defender106.jpg'),
(179, 'Tarle the Thrice-Drowned', 31, 1, 4, 'If Tarle the Thrice-Drowned has 3 power on him,discard him from play. Response: Save Tarle the Thrice-Drowned from being killed. Then,he claims 1 power.', NULL, NULL, NULL, 3, NULL, 'defender107.jpg'),
(180, 'Kingsmoot Support', 31, 5, NULL, 'Greyjoy only. Any Phase: Kneel 3 influence to choose 3 characters. Until the end of the phase,one of those characters gets +1 STR,the second gets +2 STR,and the third gets +3 STR.', NULL, NULL, NULL, NULL, NULL, 'defender108.jpg'),
(181, 'Balerion the Black', 31, 1, 10, 'Renown. Deadly. No attachments. Response: After you play Balerion the Black from your hand,kneel all non-Dragon characters and locations.', NULL, NULL, NULL, 10, NULL, 'defender109.jpg'),
(182, 'Hrakkar Pelt', 31, 4, 1, 'Attach to a character you control. After you play Hrakkar Pelt from your hand,draw a card. At the end of the challenge phase,stand attached character.', NULL, NULL, NULL, NULL, NULL, 'defender110.jpg'),
(183, 'Coldhands', 31, 1, 4, 'Coldhands cannot be killed. Coldhands gains the benefit of any The North agenda being run (as if he had the Night''s Watch and Wildling traits). Coldhands must participate in the first challenge initiated for which he is eligible each round.', NULL, NULL, NULL, 4, NULL, 'defender101.jpg'),
(184, 'Old Bear Mormont', 31, 1, 5, 'No attachments except weapon. Response: Kill Old Bear Mormont (cannot be saved) to cancel the ''when revealed'' effects of a plot card that has just been played.', NULL, NULL, NULL, 4, NULL, 'defender113.jpg'),
(185, 'Lost Ranger', 31, 1, 1, 'At the end of the dominance phase,discard the top card of any deck. If that card does not have either a Night''s Watch or The North trait,discard Lost Ranger from play.', NULL, NULL, NULL, 3, NULL, 'defender115.jpg'),
(186, 'Mance Rayder', 31, 1, 3, 'Any Phase: Kneel Mance Rayder to choose 1 The North agenda or location. Until the end of the phase,treat that card as if its printed text box were blank.', NULL, NULL, NULL, 3, NULL, 'defender116.jpg'),
(187, 'Val', 31, 1, 2, 'Any Phase: Reveal and draw the top card of your deck. Play that card as your next response or action, if able. Otherwise,discard it.', NULL, NULL, NULL, 1, NULL, 'defender117.jpg'),
(188, 'The Wall', 31, 2, 4, 'Challenges: Put 1 Night''s Watch character into play from your hand, knelt as a defender,during any challenge declared against you. (Limit once per challenge.) Return that character to your hand at the end of the phase if it is still in play.', NULL, NULL, NULL, NULL, NULL, 'defender114.jpg'),
(189, 'Nightmares in the North', 31, 5, NULL, 'Dominance: Each player must discard the top X cards of his or her deck,where X is the number of characters in his or her dead pile. Then,the player who discarded the fewest cards draws a card.', NULL, NULL, NULL, NULL, NULL, 'defender118.jpg'),
(190, 'Blood of the First Men', 31, 3, NULL, 'You may run any number of The North agendas. You need 2 additional power to win the game. Reduce the cost of the first unique Wildling character you play from your hand each round by 1.', NULL, NULL, NULL, NULL, NULL, 'defenders119.jpg'),
(191, 'All the Gold in Casterly Rock', 7, 6, NULL, 'Lannister only. Each Lannister location you control adds +1 to your income.', 3, NULL, 3, NULL, 1, 'lions50.jpg'),
(192, 'Edict of the Rock', 7, 6, NULL, 'Lannister only. If you win dominance, all players skip the standing phase this round.', 4, NULL, 2, NULL, 1, 'lions54.jpg'),
(193, 'Joffrey Baratheon', 7, 1, 3, 'While Joffrey Baratheon is the only King character in play he gains: ''Response: After you win dominance, non-unique characters do not stand during the standing phase this round.''', NULL, NULL, NULL, 2, NULL, 'lions4.jpg'),
(194, 'Ser Jaime Lannister', 7, 1, 4, 'No attachments except weapon. Renown. At the beginning of each phase, stand Ser Jaime Lannister.', NULL, NULL, NULL, 3, NULL, 'lions5.jpg'),
(195, 'Tyrion Lannister', 7, 1, 4, 'Stealth. While Tyrion Lannister is participating in a challenge, all knelt Clansman characters you control are also participating in that challenge. Response: Kneel a Clansman character to save Tyrion Lannister from being killed.', NULL, NULL, NULL, 3, NULL, 'lions7.jpg'),
(196, 'Bronn', 7, 1, 4, 'Deadly. After a challenge in which Bronn participated as a defender resolves, if you control the most participating characters with deadly, the attacking player must choose and kill 1 participating character he or she controls.', NULL, NULL, NULL, 3, NULL, 'lions8.jpg'),
(197, 'Tywin Lannister', 7, 1, 5, 'House lannister only. Renown. Response: After you win dominance, if you have 4 or more gold in your gold pool Tywin Lannister claims 3 power.', NULL, NULL, NULL, 4, NULL, 'lions9.jpg'),
(198, 'Ser Gregor Clegane', 7, 1, 4, 'Renown. While Ser Gregor Clegane is kneeling, he gains: ''Any Phase: Kneel 2 influence to choose and kill a kneeling character with STR 2 or lower. Then, stand Ser Gregor Clegane.''', NULL, NULL, NULL, 4, NULL, 'lions10.jpg'),
(199, 'Ser Amory Lorch', 7, 1, 4, 'While Ser Amory Lorch is attacking, characters that have a Trait in common with Ser Amory Lorch cannot be declared as defenders. Any Phase: Pay 1 gold to give Ser Amory Lorch a Trait of your choice until the end of the phase (limit once per phase).', NULL, NULL, NULL, 3, NULL, 'lions11.jpg'),
(200, 'Ser Kevan Lannister', 7, 1, 2, 'Ser Kevan Lannister gains a power icon while you control at least 1 other Lord character.', NULL, NULL, NULL, 3, NULL, 'lions12.jpg'),
(201, 'Myrcella Lannister', 7, 1, 2, 'Challenges: Discard Myrcella Lannister from play (cannot be saved) to allow you to initiate an additional intrigue challenge this phase, to a maximum of 3 intrigue challenges in a phase.', NULL, NULL, NULL, 2, NULL, 'lions13.jpg'),
(202, 'Ser Addam Marbrand', 7, 1, 4, 'No attachments. While you have more gold in your gold pool than each opponent, your in-House Army characters do not kneel to attack or defend.', NULL, NULL, NULL, 3, NULL, 'lions14.jpg'),
(203, 'Maester Aemon', 16, 1, 2, 'No attachments except boon. Response: if it is not Winter, kneel Maester Aemon to save a Night''s Watch character from being killed.', NULL, NULL, NULL, 2, NULL, 'raven49.jpg'),
(204, 'A Game of Cyvasse', 16, 5, NULL, 'Martell only. Challenges: each player must choose and kneel a character with an Intrigue icon he or she controls, if able. Then, the player who knelt the character with the highest STR may choose and return a character to its owner''s hand.', NULL, NULL, NULL, NULL, NULL, 'raven57.jpg'),
(205, 'Taxed Dry', 16, 4, 1, 'Attach to an opponent''s income providing card. If it is Winter, attached card does not provide an income bonus. If it is Summer, when you count income you may also count the income bonus on the attached card.', NULL, NULL, NULL, NULL, NULL, 'raven42.jpg'),
(206, 'Unconventional Warfare', 16, 6, NULL, 'Any phase : pay 1 gold to give Unconventional Warfare the Military Battle, Power Struggle or Intrigue Gambit trait until the end of the phase.', 4, NULL, 4, NULL, 1, 'raven60.jpg'),
(207, 'Den of the Wolf', 16, 2, 2, 'Characters lose all immunities. Any phase: if it is not the marshalling phase, kneel 3 influence and discard Den of the Wolf from play (cannot be saved) to repeat the current phase at the end of the phase. (Limit once per game.)', NULL, NULL, NULL, NULL, NULL, 'raven58.jpg'),
(208, 'The Siege of Winterfell', 4, 3, NULL, 'Stark only. You cannot claim power for your House except during a Military challenge. Response : after you win a Military challenge, claim 2 power for your House.', NULL, NULL, NULL, NULL, NULL, 'low48.jpg'),
(209, 'The Lion''s Cunning', 7, 5, NULL, 'Challenges : pay X gold from your gold pool to give X participating characters +X STR until the end of the challenge.', NULL, NULL, NULL, NULL, NULL, 'lions32.jpg'),
(210, 'The Wealth of the Rock', 7, 5, NULL, 'Lannister only. Response : after you count income choose an opponent and add X gold to your gold pool, where X is the number of characters that opponent controls. (Limit 1 per phase.)', NULL, NULL, NULL, NULL, NULL, 'lions33.jpg'),
(211, 'Double Bluff', 7, 5, NULL, 'Lannister only. Response : after defenders have been declared in a challenge, kneel 2 influence or pay 2 gold to change the effect of winning the challenge to that of another challenge type.', NULL, NULL, NULL, NULL, NULL, 'lions34.jpg'),
(212, 'Widow''s Wail', 7, 4, 1, 'Infamy. Attached character gets +2 STR. Response : after you win a challenge in which attached character participated, draw a card for each power on Widow''s Wail.', NULL, NULL, NULL, NULL, NULL, 'lions1.jpg'),
(213, 'Vat of Wildfire', 7, 4, 1, 'Attach to a location. Attached location cannot stand during the standing phase.', NULL, NULL, NULL, NULL, NULL, 'lions2.jpg'),
(214, 'Increased Levy', 7, 4, 0, 'Setup. Attach to a location you control. Income +1.', 1, NULL, NULL, NULL, NULL, 'lions3.jpg'),
(215, 'The Power Behind the Throne', 7, 3, NULL, 'House Lannister only. You may initiate an additional intrigue challenge during each challenges phase. When an opponent wins an intrigue challenge against you as the attacker or defender, that player may choose to either draw one card or claim one power for his or her house.', NULL, NULL, NULL, NULL, NULL, 'lions48.jpg'),
(216, 'Casterly Rock', 7, 2, 3, 'Immune to events. During the challenges phase, your unique Lannister characters gain stealth.', NULL, NULL, NULL, NULL, NULL, 'lions24.jpg'),
(217, 'The Lion''s Law', 16, 5, NULL, 'Only Lannister. Any Phase : if there is at least one Military Battle plot card revealed, pay one gold or kneel a military character to choose and kneel a character or location. Then, discard one power from the target.', NULL, NULL, NULL, NULL, NULL, 'raven53.jpg');
INSERT INTO `carte_carte` (`CarteID`, `Nom`, `Extension`, `Type`, `Cout`, `Texte`, `Gold`, `Influence`, `Initiative`, `Force`, `Prise`, `Image`) VALUES
(218, 'Coin Mint', 7, 2, 2, 'After you play Coin Mint from your hand, place four gold tokens from the treasury on it. Any Phase : kneel Coin Mint to move any number of gold tokens from it to your gold pool.', NULL, NULL, NULL, NULL, NULL, 'lions27.jpg'),
(219, 'Darkened Hallways', 7, 2, 0, 'Response : after you win an intrigue challenge, kneel Darkened Hallways to look at the top 2 cards of any player''s deck. Put one of those cards on top of the deck and the other on the bottom.', NULL, NULL, NULL, NULL, NULL, 'lions28.jpg'),
(220, 'The Goldroad', 7, 2, 0, 'Limited.', 1, NULL, NULL, NULL, NULL, 'lions29.jpg'),
(221, 'The Iron Throne', 7, 2, 2, 'If you are the only player to control The Iron Throne it gains : ''Response : kneel The Iron Throne to cancel a character ability just triggered. Then kneel that character, if able.''', NULL, NULL, NULL, NULL, NULL, 'lions31.jpg'),
(222, 'The Inn at the Crossroads', 7, 2, 2, 'X is the number of Clansman characters you control.', NULL, NULL, NULL, NULL, NULL, 'lions23.jpg'),
(223, 'Queen Cersei''s Chambers', 7, 2, 1, 'You may choose to play Queen Cersei''s Chambers as an attachment to your House card.', 1, 1, NULL, NULL, NULL, 'lions26.jpg'),
(224, 'Doubting Septa', 7, 1, 1, 'If Doubting Septa would be killed, instead put it on the bottom of your deck and draw 1 card.', NULL, NULL, NULL, 1, NULL, 'lions15.jpg'),
(225, 'Lord Tyrion''s Host', 7, 1, 3, 'No attachments. Lord Tyrion''s Host gets +3 STR while you have more gold in your gold pool than each opponent.', NULL, NULL, NULL, 3, NULL, 'lions16.jpg'),
(226, 'Bronn''s Hireling', 7, 1, 1, 'Deadly.', -1, NULL, NULL, 1, NULL, 'lions17.jpg'),
(227, 'Ser Gregor''s Band', 7, 1, 4, 'No attachments. Ser Gregor''s Band gets +1 for each non-House card in play with one or more power on it.', NULL, NULL, NULL, 3, NULL, 'lions18.jpg'),
(228, 'Crawn Son of Calor', 7, 1, 3, 'Marshalling : kneel Crawn Son of Calor to choose one Clansman card in your discard pile. You may play that card as your next action as if it were in your hand.', NULL, NULL, NULL, 3, NULL, 'lions19.jpg'),
(229, 'Tribes of the Vale', 7, 1, 2, 'No attachments except Weapon. Tribes of the Vale gets -4 STR if you have more cards in hand than any opponent.', NULL, NULL, NULL, 6, NULL, 'lions20.jpg'),
(230, 'Ser Amory''s Poachers', 7, 1, 3, 'While you have more gold in your gold pool than each other opponent, Ser Amory''s Poachers gains stealth and renown.', NULL, NULL, NULL, 3, NULL, 'lions21.jpg'),
(231, 'Lannisport Moneylender', 7, 1, 1, '', 1, NULL, NULL, 1, NULL, 'lions22.jpg'),
(232, 'Frey Hospitality', 7, 6, NULL, 'After a player loses an intrigue challenge, that player must choose and kill a character under his or her control.', 3, NULL, 6, NULL, 1, 'lions49.jpg'),
(233, 'Breaking and Entering', 7, 6, NULL, 'Any attachment or location card that would be discarded from any player''s hand as part of the claim of an intrigue challenge may be put into play by the winner of the challenge, under his or her control.', 3, NULL, 4, NULL, 2, 'lions51.jpg'),
(234, 'The Art of Seduction', 7, 6, NULL, 'When revealed, choose one opponent that did not reveal The Art of Seduction as his or her plot card. That opponent cannot reveal a new plot card during the plot phase next round.', 3, NULL, 2, NULL, 1, 'lions52.jpg'),
(235, 'Game of Thrones', 7, 6, NULL, 'Characters you control do not kneel to attack or defend during intrigue challenges.', 3, NULL, 5, NULL, 1, 'lions53.jpg'),
(236, 'Shadows and Spiders', 7, 6, NULL, 'A player cannot declare a military or power challenge unless he or she has won an intrigue challenge that phase.', 3, NULL, 0, NULL, 1, 'lions55.jpg'),
(237, 'Warrior''s Sons', 7, 1, 4, 'Response : after you win a challenge in which Warrior''s Sons attacked alone, choose one gold or influence providing location in your hand or discard pile and put it into play.', NULL, NULL, NULL, 3, NULL, 'lions36.jpg'),
(238, 'High Septon', 7, 1, 4, 'Immune to triggered effects. If High Septon would be killed, instead put it on the bottom of your deck and claim two power for your House.', NULL, NULL, NULL, 3, NULL, 'lions37.jpg'),
(239, 'Street of Silk', 7, 2, 0, 'Limit one per deck. After you play Street of Silk, choose and discard one of your locations from play (cannot be saved). Marshalling : kneel Street of Silk to lower the cost of the next unique character your play this phase by two.', NULL, NULL, NULL, NULL, NULL, 'lions40.jpg'),
(240, 'The Only Game that Matters', 7, 5, NULL, 'Any Phase : until the end of the challenge, participating characters without an intrigue icon do not count their STR.', NULL, NULL, NULL, NULL, NULL, 'lions41.jpg'),
(241, 'Bastard', 7, 4, 1, 'After you play Bastard from your hand, discard all other attachments on attached character. Attached character gains the Bastard trait, loses a power icon, and cannot have attachments played on it.', NULL, NULL, NULL, NULL, NULL, 'lions39.jpg'),
(242, 'Brothel Guard', 7, 1, 2, 'Response : after Brothel Guard stands, choose and kneel an opponent''s character unless its controller kneels one influence or pays you one gold. If he or she does, instead claim one power for your House.', NULL, NULL, NULL, 2, NULL, 'lions43.jpg'),
(243, 'Arrogant Contender', 7, 1, 3, 'Melee. Response : after you win a challenge in which Arrogant Contender attacked alone, it claims one power for each opposing character.', NULL, NULL, NULL, 3, NULL, 'lions44.jpg'),
(244, 'Shield Islands Dromon', 7, 2, 1, 'Response : after an opponent plays a location, put Shield Islands Dromon on the bottom of your deck to have that player choose to either place that location on the bottom of his or her deck or discard two power from his or her House.', NULL, NULL, NULL, NULL, NULL, 'lions46.jpg'),
(245, 'Sunset Sea', 7, 2, 0, 'Marshalling : discard Sunset Sea from play to reduce the cost of the next Lannister or Greyjoy character you play this phase by two.', NULL, 1, NULL, NULL, NULL, 'lions25.jpg'),
(246, 'Terminal Schemes', 7, 5, NULL, 'Baratheon or Lannister only. Response : after you win an intrigue challenge by four or more total STR, choose and kill a non-House Tyrell character.', NULL, NULL, NULL, NULL, NULL, 'lions42.jpg'),
(247, 'Split Loyalties', 7, 5, NULL, 'Stark or Lannister only. Dominance : kneel one influence to choose two unique characters in two different discard piles, and put them into play, under their owners'' control.', NULL, NULL, NULL, NULL, NULL, 'lions45.jpg'),
(248, 'Rich Lands and a Keep', 7, 4, 1, 'After Rich Lands and a Keep comes into play, draw one card. Attached character gains a noble crest.', NULL, NULL, NULL, NULL, NULL, 'lions47.jpg'),
(250, 'Jhalabar Xho', 8, 1, 3, 'Opponent''s characters cannot claim power for renown.', NULL, NULL, NULL, 3, NULL, 'clash2.jpg'),
(251, 'King Joffrey''s Guard', 8, 1, 8, 'No attachments except siege. Lower the cost to play King Joffrey''s Guard by four if you control a King or Queen character. Response : after King Joffrey''s Guard comes into play, choose and kneel up to two non-Army characters.', NULL, NULL, NULL, 8, NULL, 'clash3.jpg'),
(252, 'Pyromancer''s Cache', 8, 4, 1, 'Attach to a location you control. Kneel that location. Marshalling : kneel Pyromancer''s Cache to draw a card (two cards if you control a King or Queen character).', NULL, NULL, NULL, NULL, NULL, 'clash13.jpg'),
(253, 'King Robb''s Host', 8, 1, 8, 'No attachments except siege. Lower the cost to play King Robb''s Host by four if you control a King or Queen character. King Robb''s Host does not kneel to attack during military challenges.', NULL, NULL, NULL, 8, NULL, 'clash1.jpg'),
(254, 'Icy Catapult', 8, 4, 1, 'Stark character only. Limited. Response : after attached character leaves play, choose and kill a character without attachments. (Limit 1 Limited Response per round).', NULL, NULL, NULL, NULL, NULL, 'clash12.jpg'),
(255, 'Maester of War', 8, 1, 2, 'Each Maester character in play gains a military icon.', NULL, NULL, NULL, 2, NULL, 'clash8.jpg'),
(256, 'Queen Myrcella''s Guard', 8, 1, 8, 'Vengeful. No attachments except siege. Lower the cost to play Queen Myrcella''s Guard by four if you control a King or Queen character.', NULL, NULL, NULL, 8, NULL, 'clash9.jpg'),
(257, 'Besiegers of Dorne', 8, 1, 4, 'No attachments except siege. Cancel the first effect triggered during the first challenge initiated each phase.', NULL, NULL, NULL, 4, NULL, 'clash19.jpg'),
(258, 'Dornish Chariot', 8, 4, 1, 'While attached character is participating in a challenge, all other characters lose stealth, renown, and deadly.', NULL, NULL, NULL, NULL, NULL, 'clash20.jpg'),
(259, 'King Robert''s Host', 8, 1, 8, 'No attachments except siege. Lower the cost to play King Robert''s Host by four if you control a King or Queen character. While King Robert''s Host is standing, opponents cannot initiate power challenges against you.', NULL, NULL, NULL, 8, NULL, 'clash4.jpg'),
(260, 'King Balon''s Host', 8, 1, 8, 'No attachments except siege. Lower the cost to play King Balon''s Host by four if you control a King or Queen character. While King Balon''s Host is standing, opponent''s characters lose all non-immunity keywords.', NULL, NULL, NULL, 8, NULL, 'clash5.jpg'),
(261, 'Seawater Scalawags', 8, 1, 4, 'Intimidate. No attachments except siege. Response : after you win an unopposed challenge, choose and kneel a Kingdom card.', NULL, NULL, NULL, 3, NULL, 'clash16.jpg'),
(262, 'Longship ''Foamdrinker''', 8, 2, 3, 'Limited. Response : after you win a challenge, kneel Longship ''Foamdrinker'' to choose and kill a participating character. (Limit 1 Limited Response per round.)', NULL, NULL, NULL, NULL, NULL, 'clash6.jpg'),
(263, 'Queen Daenerys''s Horde', 8, 1, 8, 'No attachments except siege. Lower the cost to play Queen Daenerys''s Horde by four if you control a King or Queen character. While Queen Daenerys''s Horde is attacking alone, opponents who do not control a Queen character cannot declare defenders.', NULL, NULL, NULL, 8, NULL, 'clash7.jpg'),
(264, 'Queen''s Knight', 8, 1, 3, 'Targaryen only. Ambush. After a non-Knight character comes into play, return Queen''s Knight to its owner''s hand.', NULL, NULL, NULL, 3, NULL, 'clash17.jpg'),
(265, 'Infamous !', 7, 5, NULL, 'Lannister only. Response : after a player claims one or more power for his or her House, move that power to a Lannister character.', NULL, NULL, NULL, NULL, NULL, 'lions35.jpg'),
(266, 'Vanguard Scouts', 8, 1, 3, 'Vanguard Scouts does not kneel to attack or defend during the first challenge initiated each phase.', NULL, NULL, NULL, 3, NULL, 'clash11.jpg'),
(267, 'House Florent Scouts', 8, 1, 3, 'House Florent Scouts gains vigilant and renown during the first challenge initiated each round.', NULL, NULL, NULL, 3, NULL, 'clash14.jpg'),
(268, 'The Fox''s Teeth', 8, 1, 4, 'No attachments except siege. While The Fox''s Teeth is attacking, knelt characters may be declared as defenders. While The Fox''s Teeth is attacking, only knelt characters may be declared as defenders.', NULL, NULL, NULL, 3, NULL, 'clash15.jpg'),
(269, 'Flaming-Pitch Tower', 8, 2, 3, 'Limited. Response : after you win a challenge by four or more total STR, kneel Flaming-Pitch Tower to choose a character without attachments. Until the end of the phase, that character gets -4 STR and is killed if its STR is 0. (Limit 1 Limited Response per round.)', NULL, NULL, NULL, NULL, NULL, 'clash18.jpg'),
(270, 'Kill for Your King !', 8, 5, NULL, 'Limited. Response : after you reveal a Military Battle plot card, choose and kill a character without a military icon. (Limit 1 Limited Response per round.)', NULL, NULL, NULL, NULL, NULL, 'clash10.jpg'),
(271, 'Secret Hideout', 16, 5, NULL, 'Stark only. If it is Winter, Secret Hideout gains Stalwart when you play it from your hand. Any Phase : until the end of the phase, players draw cards from the bottoms of their decks.', NULL, NULL, NULL, NULL, NULL, 'raven52.jpg'),
(272, 'The Long Winter', 16, 4, 2, 'Attach to a player''s House card. (Limit 1 per House card.) If it is Winter, all characters with attached card''s House affiliation get -1 STR. If it is Summer, return The Long Winter to its owner''s hand.', NULL, NULL, NULL, NULL, NULL, 'raven41.jpg'),
(273, 'Southron Scavenger', 16, 1, 0, 'Martell only. After you play Southron Scavengers from your hand, choose a player with a Martell or Greyjoy House card. Discard a card at random from that player''s hand.', NULL, NULL, NULL, 0, NULL, 'raven50.jpg'),
(274, 'Shadow Stalker', 16, 1, 4, 'Stealth. Response : after you win a challenge in which Shadow Stalker attacked alone and it is Winter, choose and kill a character.', NULL, NULL, NULL, 3, NULL, 'raven46.jpg'),
(275, 'Vigilant Stag', 16, 5, NULL, 'Challenges : kneel two influence to choose a unique Baratheon character. Until the end of the phase, that character gains vigilant.', NULL, NULL, NULL, NULL, NULL, 'raven54.jpg'),
(276, 'Wintertime Marauders', 16, 1, 3, 'If it is Summer and you reveal a plot card, kneel Wintertime Marauders. Response : if it is Winter and you win a challenge in which Wintertime Marauders is participating, choose and discard a non-unique card from play.', NULL, NULL, NULL, 3, NULL, 'raven47.jpg'),
(277, 'Theon Greyjoy', 16, 1, 3, 'If you are playing a Stark House card, reduce the gold penalty to play Theon Greyjoy by one. Response : after you win a challenge in which Theon Greyjoy participated, choose a Stark or Greyjoy character. If it is Summer, stand that character. If it is Winter, kill that character.', NULL, NULL, NULL, 3, NULL, 'raven48.jpg'),
(278, 'Thuggish Tactics', 16, 5, NULL, 'Challenges : choose a participating Ironborn character. Until the end of the challenge, that character gains intimidate.', NULL, NULL, NULL, NULL, NULL, 'raven55.jpg'),
(279, 'Dragon Attack', 16, 5, NULL, 'Any Phase : kneel a Dragon character to choose a character. Until the end of the phase, that character gets -2 STR and is killed if its STR is 0.', NULL, NULL, NULL, NULL, NULL, 'raven56.jpg'),
(280, 'The Long Summer', 16, 4, 2, 'Attach to a player''s House card (Limit 1 per House card.) If it is Summer, all characters with attached card''s House affiliation get +1 STR. If it is Winter, return The Long Summer to its owner''s hand.', NULL, NULL, NULL, NULL, NULL, 'raven44.jpg'),
(281, 'A time for Ravens', 16, 6, NULL, 'When revealed, search your deck for a Raven card, reveal it, and put it into your hand. Then, shuffle your deck.', 4, NULL, 2, NULL, 1, 'raven59.jpg'),
(282, 'Walder Frey', 16, 1, 0, 'Deadly. After at least one defender is declared during a challenge, kneel Walder Frey to have him participate on the side that is currently winning the challenge.', NULL, NULL, NULL, 4, NULL, 'raven51.jpg'),
(283, 'Demon''s Dance', 16, 4, 1, 'Response : after the season changes to Winter or to Summer, kill attached character (cannot be saved).', NULL, NULL, NULL, NULL, NULL, 'raven45.jpg'),
(284, 'Respect of the Old Gods', 4, 6, NULL, 'Stark only. Lower the cost of the first Stark character you play during the marshalling phase by two.', 2, NULL, 2, NULL, 2, 'low55.jpg'),
(285, 'Crown of Winter', 4, 4, 2, 'Stark unique character only. Attached character gets +2 STR and is immune to opponent''s events and character abilities. If the Black Raven card is not in play, it is Winter.', NULL, NULL, NULL, NULL, NULL, 'low1.jpg'),
(286, 'Grey Wind', 4, 4, 1, 'Stark character only. Any Phase : kneel Grey Wind to choose and kill one character with STR 1 or lower. (STR 2 or lower if attached character is Robb Stark.)', NULL, NULL, NULL, NULL, NULL, 'low2.jpg'),
(287, 'Shaggydog', 4, 4, 1, 'Stark character only. After you win a challenge in which attached character participated, stand Shaggydog. Challenges : kneel a Direwolf card to choose one attacking character. Until the end of the phase, that character gets -2 STR.', NULL, NULL, NULL, NULL, NULL, 'low3.jpg'),
(288, 'Frozen Solid', 4, 4, 1, 'Stark only. Attach to a non-limited location or attachment. Treat attached card as though its printed text box were blank.', NULL, NULL, NULL, NULL, NULL, 'low4.jpg'),
(289, 'Routing the Charge', 4, 5, NULL, 'Stark only. Response : after you win a challenge as the defender, choose and kill one attacking character (cannot be saved).', NULL, NULL, NULL, NULL, NULL, 'low33.jpg'),
(290, 'They Shall Not Cross', 4, 5, NULL, 'Stark only. Response : save a location from being discarded. Then, attach They Shall Not Cross to a Stark character (counts as a Boon attachment with the text ''Attached character gets +2 STR.'')', NULL, NULL, NULL, NULL, NULL, 'low34.jpg'),
(291, 'Fear Cuts Deeper than Swords', 4, 5, NULL, 'Response : cancel the effects of an event card just played if one of your Stark characters is chosen as the only target.', NULL, NULL, NULL, NULL, NULL, 'low36.jpg'),
(292, 'Endless Endurance', 4, 5, NULL, 'Challenges : choose one of your participating characters to get +2 STR until the end of the challenge. Response : after you win a challenge by four or more total STR, return Endless Endurance from your discard pile to your hand.', NULL, NULL, NULL, NULL, NULL, 'low37.jpg'),
(293, 'Hoster Tully', 4, 1, 1, 'House Tully characters get +1 STR.', NULL, NULL, NULL, 0, NULL, 'low21.jpg'),
(294, 'The Blackfish', 4, 1, 4, 'Stark only. Renown. While The Blackfish has three or more power, your House Tully characters do not kneel to attack. Response : after you win a military challenge as the attacker, draw 1 card.', NULL, NULL, NULL, 3, NULL, 'low22.jpg'),
(295, 'Jojen Reed', 4, 1, 1, 'Marshalling : kneel Jojen Reed and kneel one influence to name a card. Then, discard the top three cards of a player''s deck. For each copy of the named card discarded, Jojen Reed claims one power.', NULL, NULL, NULL, 1, NULL, 'low5.jpg'),
(296, 'Eddard Stark', 4, 1, 4, 'Renown. While Eddard Stark is defending, lower the attacking player''s claim to zero.', NULL, NULL, NULL, 3, NULL, 'low6.jpg'),
(297, 'Catelyn Stark', 4, 1, 3, 'Stark only. Challenges : put Catelyn Stark into play from your hand, knelt as a defender during an intrigue or power challenge initiated against you. At the end of the phase, if Catelyn Stark is still in play, return her to your hand.', NULL, NULL, NULL, 3, NULL, 'low7.jpg'),
(298, 'Robb Stark', 4, 1, 4, 'Renown. Any Phase : name a Trait. Until the end of the phase, each character you control that has that Trait gets +1 STR (+2 STR instead if it is Winter). Limit once per round.', NULL, NULL, NULL, 3, NULL, 'low8.jpg'),
(299, 'Summer', 4, 1, 3, 'Deadly. No attachments. If you control Bran Stark, he gains : ''cannot be chosen as the target of an opponent''s event card.'' If Bran Stark is in play, lower the cost to play Summer by 2.', NULL, NULL, NULL, 3, NULL, 'low9.jpg'),
(300, 'Bran Stark', 4, 1, 2, 'Stark only. No attachments except direwolf. After you lose an intrigue challenge, kill Bran Stark (cannot be saved). Response : after you win an intrigue challenge as the defender, Bran Stark claims five power.', NULL, NULL, NULL, 2, NULL, 'low10.jpg'),
(301, 'Deepwood Mercenary', 4, 1, 3, 'Response : after Deepwood Mercenary is declared as an attacker or defender, choose and discard one attachment from any other participating character.', NULL, NULL, NULL, 3, NULL, 'low11.jpg'),
(302, 'House Tully Septon', 4, 1, 2, 'House Tully Septon cannot attack, and does not kneel to defend.', NULL, NULL, NULL, 3, NULL, 'low12.jpg'),
(303, 'Riverrun Messenger', 4, 1, 2, '', NULL, NULL, NULL, 2, NULL, 'low13.jpg'),
(304, 'Wolf Pack', 4, 1, 2, 'No attachments.', NULL, NULL, NULL, 3, NULL, 'low14.jpg'),
(305, 'Host of the Bear', 4, 1, 3, 'No attachments except weapon. Discard Host of the Bear from play at any time your total initiative is 2 or lower.', NULL, NULL, NULL, 5, NULL, 'low15.jpg'),
(306, 'King Robb''s Companions', 4, 1, 5, 'Renown. No attachments. During the marshalling phase, you may pay any amount of King Robb''s Companions'' cost by kneeling that amount of influence.', NULL, NULL, NULL, 4, NULL, 'low16.jpg'),
(307, 'Knight of the Red Fork', 4, 1, 1, 'After you play Knight of the Red Fork from your hand, kneel all non-House Tully cards you control. Knight of the Red Fork does not stand during the standing phase if you lost dominance this round.', NULL, NULL, NULL, 3, NULL, 'low17.jpg'),
(308, 'Guard at Riverrun', 4, 1, 2, 'Guard at Riverrun gets +1 STR while defending. At the end of the challenge phase, if no opponent has won a military challenge against you this round, draw a card.', NULL, NULL, NULL, 2, NULL, 'low18.jpg'),
(309, 'Edmure''s Host', 4, 1, 6, 'Immune to events. No attachments. Lower the cost to play Edmure''s Host by 1 for each House Tully character you control.', NULL, NULL, NULL, 6, NULL, 'low19.jpg'),
(310, 'Ser Edmure Tully', 4, 1, 3, 'Response : after a House Tully character you control is declared as a defender, remove all attacking characters with STR 1 or lower from the challenge.', NULL, NULL, NULL, 3, NULL, 'low20.jpg'),
(311, 'Winterfell', 4, 2, 4, 'No attachments. Response : after you win a challenge as the defender, claim one power for your House. (Two power instead if it was a military challenge.)', NULL, NULL, NULL, NULL, NULL, 'low23.jpg'),
(312, 'Riverrun', 4, 2, 2, 'No attachments. At the end of the challenge phase, if you have not lost a challenge this round, each House Tully character you control claims one power.', NULL, NULL, NULL, NULL, NULL, 'low24.jpg'),
(313, 'Mole Town Brothel', 4, 2, 2, 'Discard Mole Town Brothel from play any time there are more Wildling characters than Night''s Watch characters in play. Any Phase : kneel one influence to choose and stand one defending character.', NULL, NULL, NULL, NULL, NULL, 'low25.jpg'),
(314, 'Frozen Outpost', 4, 2, 2, 'Challenges : kneel Frozen Outpost to choose and stand 1 defending character. Until the end of the challenge, that character gets +2 STR (+4 STR instead if it is a war character).', NULL, NULL, NULL, NULL, NULL, 'low26.jpg'),
(315, 'Wolfswood', 4, 2, 1, 'Direwolf characters you control gain stealth.', NULL, NULL, NULL, NULL, NULL, 'low27.jpg'),
(316, 'Lord Eddard''s Chambers', 4, 2, 1, 'You may choose to play Lord Eddard''s Chambers as an attachment to your House card.', 1, 1, NULL, NULL, NULL, 'low28.jpg'),
(317, 'Godswood', 4, 2, 2, 'Limited. Marshalling : kneel Godswood to lower the cost of the next Stark character you play this phase by two.', NULL, NULL, NULL, NULL, NULL, 'low29.jpg'),
(318, 'Great Keep', 4, 2, 0, 'Limited.', 1, NULL, NULL, NULL, NULL, 'low30.jpg'),
(319, 'Northern Fiefdoms', 4, 2, 1, 'Limited. Marshalling : kneel Northern Fiefdoms to lower the cost of the next Stark card you play this phase by one.', NULL, 1, NULL, NULL, NULL, 'low31.jpg'),
(320, 'Marched to the Wall', 4, 6, NULL, 'When revealed, each player chooses and discards one of his or her characters from play (cannot be saved).', 3, NULL, 3, NULL, 1, 'low49.jpg'),
(321, 'Qhorin Halfhand', 4, 1, 3, 'Renown. No attachments. Response : after you win a  challenge by four or more total STR, choose and kill one non-unique character with printed STR 3 or less controlled by the losing opponent.', NULL, NULL, NULL, 2, NULL, 'low40.jpg'),
(322, 'Mance''s Men', 4, 1, 4, 'Deadly. No attachments.', NULL, NULL, NULL, 6, NULL, 'low41.jpg'),
(323, 'Rorge', 4, 1, 3, 'Stealth. Raise the Claim value on the attacking player''s revealed plot card by one during the first challenge declared each round.', NULL, NULL, NULL, 3, NULL, 'low42.jpg'),
(324, 'Training Grounds', 4, 2, 3, 'Your Army characters do not kneel to attack during military challenges.', NULL, NULL, NULL, NULL, NULL, 'low44.jpg'),
(325, 'Street of Steel', 4, 2, 0, 'Limit 1 per deck. Marshalling : kneel Street of Steel to lower the cost of the next character with a military icon you play this phase by one.', NULL, NULL, NULL, NULL, NULL, 'low45.jpg'),
(326, 'Fortified Position', 4, 6, NULL, 'Treat all characters in play as though their printed text boxes were blank (except for Traits). Limit 1 per plot deck.', 4, NULL, 0, NULL, 1, 'low50.jpg'),
(327, 'Calm Before the Storm', 4, 6, NULL, 'Characters and locations are immune to events this round.', 4, NULL, 2, NULL, 1, 'low51.jpg'),
(328, 'Take Them by Surprise', 4, 6, NULL, 'If you lose initiative, discard your hand.', 5, NULL, 11, NULL, 1, 'low52.jpg'),
(329, 'Storm of Swords', 4, 6, NULL, 'You may initiate an additional military challenge during the challenge phase.', 2, NULL, 6, NULL, 1, 'low53.jpg'),
(330, 'Bowl of Brown', 4, 4, 0, 'Attached character cannot trigger its abilities and cannot kneel to pay for effects.', NULL, NULL, NULL, NULL, NULL, 'low43.jpg'),
(331, 'Wolf Dreams', 4, 5, NULL, 'Marshalling : search your deck for one Direwolf card, reveal it, and add it to your hand. Then, shuffle your deck.', NULL, NULL, NULL, NULL, NULL, 'low35.jpg'),
(332, 'At Night They Howl', 4, 5, NULL, 'Any Phase : stand all Creature cards in play.', NULL, NULL, NULL, NULL, NULL, 'low38.jpg'),
(333, 'Nightmares', 4, 5, NULL, 'Any Phase : choose one character or one location. Until the end of the phase,  treat the printed text box of that character or location as though it were blank.', NULL, NULL, NULL, NULL, NULL, 'low46.jpg'),
(334, 'Die by the Sword', 4, 5, NULL, 'Response : after you win a military challenge in which you have at least one participating war character, choose and kill one character controlled by the losing opponent. Limit 1 per challenge.', NULL, NULL, NULL, NULL, NULL, 'low47.jpg'),
(335, 'Family, Duty, Honor', 4, 6, NULL, 'When revealed, search the top five cards of your deck for any number of House Tully cards, reveal them, and add them to your hand. Then, shuffle the other searched cards back into your deck.', 4, NULL, 3, NULL, 1, 'low54.jpg'),
(336, 'Narrow Sea', 4, 2, 0, 'Marshalling : discard Narrow Sea from play to reduce the cost of the next Stark or Baratheon character you play this phase by two.', NULL, 1, NULL, NULL, NULL, 'low32.jpg'),
(337, 'Lion''s Gate', 14, 2, 0, 'If it is not Winter, Lion''s Gate gains : ''Any Phase : kneel Lion''s Gate to discard one power from a non-House card in play. Then, give that card a Trait of your choice until the end of the phase.''', NULL, NULL, NULL, NULL, NULL, 'raven17.jpg'),
(338, 'Summer Tax', 14, 4, 0, 'Attach to a player''s House card. After you play Summer Tax, draw a card. If it is Summer, attached card''s owner needs one additional power to win the game. If it is Winter, attached card''s owner needs one less power to win the game.', NULL, NULL, NULL, NULL, NULL, 'raven3.jpg'),
(339, 'Jeyne Westerling', 14, 1, 1, 'If there is another Queen character in play, Jeyne Westerling cannot attack, defend, or trigger her character ability. Any Phase : kneel Jeyne Westerling to search your deck for a King character, reveal it, and put it into your hand. Then, shuffle your deck.', NULL, NULL, NULL, 1, NULL, 'raven6.jpg'),
(340, 'Summer''s Champion', 14, 1, 3, 'If it is Summer, Summer''s Champion gains renown. If it is Winter, Summer''s Champion gets -2 STR and cannot be declared as an attacker or defender.', NULL, NULL, NULL, 4, NULL, 'raven9.jpg'),
(341, 'Starfall Bannerman', 14, 1, 2, 'If it is not Winter, House Dayne characters get +1 STR.', NULL, NULL, NULL, 1, NULL, 'raven13.jpg'),
(342, 'Maester of the Sun', 14, 1, 2, 'Vengeful. Response : if it is Summer, kneel Maester of the Sun and discard a card from your hand to save a Martell character from being killed or discarded from play.', NULL, NULL, NULL, 2, NULL, 'raven13.jpg'),
(343, 'Knights of the Sun', 14, 1, 3, 'Knights of the Sun gets +1 STR for each gold token on it. Marshalling : if it is Summer, move any number of gold tokens from your gold pool to Knights of the Sun.', NULL, NULL, NULL, 3, NULL, 'raven15.jpg'),
(344, 'Open Market', 14, 2, 1, 'Dominance : if it is Summer, kneel Open Market and discard 2 cards from your hand to return any card from your discard pile to your hand.', NULL, NULL, NULL, NULL, NULL, 'raven19.jpg'),
(345, 'Priestess of the Pyre', 14, 1, 3, 'If it is Summer, stand Priestess of the Pyre each time an event card is played. If it is Winter, kneel Priestess of the Pyre each time an event card is played.', NULL, NULL, NULL, 3, NULL, 'raven7.jpg'),
(346, 'Selyse Baratheon', 14, 1, 2, 'If there is another Queen character in play, Selyse Baratheon cannot attack, defend, or trigger her character ability. Dominance : if it is Summer, pay 1 gold to shuffle the top card of your discard pile back into your deck.', NULL, NULL, NULL, 2, NULL, 'raven8.jpg'),
(347, 'Kings of Summer', 14, 3, NULL, 'If it is Summer, draw one additional card during the draw phase. If it is Winter, draw one less card (to a minimum of one) during the draw phase.', NULL, NULL, NULL, NULL, NULL, 'raven1.jpg'),
(348, 'Summer Port', 14, 2, 0, 'Marshalling : if it is Summer, kneel Summer Port to reduce the cost of the next character you play this phase by one.', NULL, NULL, NULL, NULL, NULL, 'raven18.jpg'),
(349, 'Scavengers of the Sea', 14, 1, 2, 'Greyjoy only. After you play Scavengers of the Sea from your hand, choose a player with a Greyjoy or a Martell House card. Discard a card at random from that player''s hand.', NULL, NULL, NULL, 4, NULL, 'raven10.jpg'),
(350, 'Fishing Net', 14, 1, 2, 'Attached character cannot be declared as an attacker or defender, and does not count its STR for dominance.', NULL, NULL, NULL, 4, NULL, 'raven4.jpg'),
(351, 'Fairweather Followers', 14, 1, 3, 'If it is Summer, stand Fairweather Followers each time an event card is played. If it is Winter, kneel Fairweather Followers each time an event card is played.', NULL, NULL, NULL, 3, NULL, 'raven11.jpg'),
(352, 'Red Warlock', 14, 1, 3, 'If it is Winter and you reveal a plot card, kneel Red Warlock. Response : after Red Warlock enters play, if it is Summer, search your deck for an attachment and put it into your hand. Then, shuffle your deck.', NULL, NULL, NULL, 2, NULL, 'raven12.jpg'),
(353, 'Dragon Sight', 14, 4, 2, 'Targaryen only. Attach to your House card. If is Summer, when you declare a challenge type, your opponent must declare defenders before you declare attackers. The opportunity for your opponent to declare defenders after you declare attackers is lost.', NULL, NULL, NULL, NULL, NULL, 'raven5.jpg'),
(354, 'A Song of Summer', 14, 6, NULL, 'While it is Summer, your characters get +1 STR.', 5, NULL, 5, NULL, 1, 'raven20.jpg'),
(355, 'Carrion Bird', 14, 1, 1, 'Stealth. Response : after you win a challenge in which Carrion Bird participated, shuffle any number of Raven cards from your discard pile, or one Raven card from play, back into their owner''s decks. (Cannot be canceled.)', NULL, NULL, NULL, 1, NULL, 'raven16.jpg'),
(356, 'Black Raven', 14, 4, 1, 'Immune to non-raven cards. Attach Black Raven to your House card and discard all other Raven attachments from play. It is Summer. Each player takes one additional gold token when he or she counts income.', NULL, NULL, NULL, NULL, NULL, 'raven2.jpg'),
(357, 'Scavengers of King''s Landing', 15, 1, 2, 'Lannister only. After you play Scavengers of King''s Landing from your hand, choose a player with a Lannister or a Stark House card. Discard a card at random from that player''s hand.', NULL, NULL, NULL, 3, NULL, 'raven27.jpg'),
(358, 'Janos Slynt', 15, 1, 3, 'No attachments. If it is Winter, players must pay one gold to the treasury before triggering any effect with an influence cost.', NULL, NULL, NULL, 3, NULL, 'raven28.jpg'),
(359, 'Ranger of Winter', 15, 1, 3, 'If it is Winter, Ranger of Winter gains stealth, an intrigue icon, and does not kneel to defend.', NULL, NULL, NULL, 3, NULL, 'raven25.jpg'),
(360, 'Maester Vyman', 15, 1, 2, 'Response : If it is not Summer, kneel Maester Vyman to cancel a triggered effect that chooses a  character as the only target.', NULL, NULL, NULL, 2, NULL, 'raven26.jpg'),
(361, 'Northern Cave', 15, 2, 2, 'Challenges : if it is Winter, kneel Northern Cave to choose any number of participating characters you control, and remove those characters from the current challenge. Then, stand those characters.', NULL, NULL, NULL, NULL, NULL, 'raven36.jpg'),
(362, 'Obara Sand', 15, 1, 3, 'Stealth. If Obara Sand is in your hand after your first mulligan, before you place any setup cards you may remove her from the game and take an additional mulligan.', NULL, NULL, NULL, 3, NULL, 'raven31.jpg'),
(363, 'Underhanded Assassin', 15, 1, 3, 'While Underhanded Assassin is attacking, participating characters with a higher STR do not count their STR.', NULL, NULL, NULL, 2, NULL, 'raven32.jpg'),
(364, 'The Wall', 15, 2, 4, 'No attachments. If it is Winter, your Baratheon characters gain the Night''s Watch trait and do not kneel to defend.', NULL, NULL, NULL, NULL, NULL, 'raven37.jpg'),
(365, 'Son of a King', 15, 4, 1, 'Attached character gains the Bastard trait and gets +1 STR. All King characters get -1 STR and lose renown.', NULL, NULL, NULL, NULL, NULL, 'raven22.jpg'),
(366, 'Ice Fisherman', 15, 1, 1, 'If it is Winter, Ice Fisherman gains a  icon and : ''Marshalling : kneel Ice Fisherman to take one gold token from any opponent''s gold pool, and add it to your gold pool.''', NULL, NULL, NULL, 1, NULL, 'raven29.jpg'),
(367, 'Frozen Sea', 15, 2, 1, 'If it is Summer, discard Frozen Sea from play. If it is Winter, each opponent cannot initiate more than 2 challenges against you each phase.', NULL, NULL, NULL, NULL, NULL, 'raven38.jpg'),
(368, 'Winter Armada', 15, 2, 2, 'If you reveal a plot card and it is Summer, kneel all Greyjoy Warship locations you control. Any Phase : if it is Winter, kneel Winter Armada to choose an attacking Greyjoy character. Until the end of the phase, that character gets +4 STR and gains renown.', NULL, NULL, NULL, NULL, NULL, 'raven39.jpg'),
(369, 'Valyrian Spirit', 15, 1, 3, 'Targaryen only. If it is Winter and Valyrian Spirit is killed, shuffle any player''s dead and discard piles back into his or her deck.', NULL, NULL, NULL, 3, NULL, 'raven30.jpg'),
(370, 'The Winds of Winters', 15, 6, NULL, 'While it is Winter, opponent''s characters get -1 STR.', 3, NULL, 2, NULL, 2, 'raven40.jpg'),
(371, 'Mance Rayder', 15, 1, 3, 'Power on Kingdom locations counts towards their controller''s victory total. If it is Winter, Mance Rayder gains : ''Response : after you win a challenge in which Mance Rayder participated, take control of a Kingdom location controlled by the losing opponent. Then that location claims one power.''', NULL, NULL, NULL, 3, NULL, 'raven33.jpg'),
(372, 'Ser Arthur Dayne', 15, 1, 4, 'No attachments except weapon. If you control fewer characters than the player who is attacking you, Ser Arthur Dayne cannot be bypassed by stealth and does not kneel to defend.', NULL, NULL, NULL, 5, NULL, 'raven34.jpg'),
(373, 'Carrion Bird', 15, 1, 1, 'Stealth. Response : after you win a challenge in which Carrion Bird participated, shuffle any number of Raven cards from your discard pile, or one Raven card from play, back into their owner''s decks. (Cannot be canceled.)', NULL, NULL, NULL, 1, NULL, 'raven35.jpg'),
(374, 'War Horn', 15, 4, 2, 'After you win a  challenge in which attached character participated and it is Winter, choose and discard a location from play.', NULL, NULL, NULL, NULL, NULL, 'raven23.jpg'),
(375, 'White Raven', 15, 4, 1, 'Immune to non-raven cards. Attach White Raven to your House card and discard all other Raven attachments from play. It is Winter. Each player takes one less gold token when he or she counts income.', NULL, NULL, NULL, NULL, NULL, 'raven24.jpg'),
(376, 'Kings of Winter', 15, 3, NULL, 'If it is Winter, any opponent with as many cards in hand as you, or more, must randomly discard a card from his or her hand at the end of the draw phase. If it is Summer, any opponent with fewer cards in hand than you draws a card at the end of the draw phase, if able.', NULL, NULL, NULL, NULL, NULL, 'raven21.jpg'),
(377, 'Grand Maester Pycelle', 17, 1, 3, 'Limited Response : after Grand Maester Pycelle is killed in the challenge phase, return all of your used plots to your plot deck. (Limit 1 Limited Response per round.)', NULL, NULL, NULL, 2, NULL, 'raven63.jpg'),
(378, 'Lannisport Rookery', 17, 2, 1, 'Lannister only. Response : after an opponent wins an intrigue challenge against you, kneel and discard Lannisport Rookery from play (cannot be saved) and pay 1 gold to reveal a new plot card.', NULL, NULL, NULL, NULL, NULL, 'raven71.jpg'),
(379, 'Northern Scavenger', 17, 1, 2, 'Stark only. After you play Northern Scavengers from your hand, choose a player with a Stark or a Lannister House card. Discard a card at random from that player''s hand.', NULL, NULL, NULL, 3, NULL, 'raven62.jpg'),
(380, 'Winterfell Rookery', 17, 2, 1, 'Stark only. Response : after an opponent wins a military challenge against you, kneel and discard Winterfell Rookery from play (cannot be saved) and pay one gold to reveal a new plot card.', NULL, NULL, NULL, NULL, NULL, 'raven70.jpg'),
(381, 'Rookery of Sunspear', 17, 2, 1, 'Martell only. Response : after you win an  challenge by four or more total STR, kneel and discard Rookery of Sunspear from play (cannot be saved) and pay one gold to reveal a new plot card.', NULL, NULL, NULL, NULL, NULL, 'raven75.jpg'),
(382, 'Renly Baratheon', 17, 1, 3, 'Renown. If Renly Baratheon is the only King in play, he gains : ''after you win a challenge and there is at least one Power Struggle plot card revealed, draw a card.''', NULL, NULL, NULL, 4, NULL, 'raven64.jpg'),
(383, 'Dragonstone Rookery', 17, 2, 1, 'Baratheon only. Response : after an opponent wins a power challenge against you, kneel and discard Dragonstone Rookery from play (cannot be saved) and pay one gold to reveal a new plot card.', NULL, NULL, NULL, NULL, NULL, 'raven72.jpg'),
(384, 'Island Rookery', 17, 2, 1, 'Greyjoy only. Response : after you win a military challenge by four or more total STR, kneel and discard Island Rookery from play (cannot be saved) and pay one gold to reveal a new plot card.', NULL, NULL, NULL, NULL, NULL, 'raven73.jpg'),
(385, 'Kraznys mo Nakloz', 17, 1, 3, 'Challenges : if it is Summer ,choose an opponent''s attachment in play. Pay that attachment''s printed gold cost to take control of that attachment, and attach it to a card of your choice.', NULL, NULL, NULL, 3, NULL, 'raven65.jpg'),
(386, 'Qartheen Rookery', 17, 2, 1, 'Targaryen only. Response : after you win a power challenge by four or more total STR, kneel and discard Qartheen Rookery from play (cannot be saved) and pay one gold to reveal a new plot card.', NULL, NULL, NULL, NULL, NULL, 'raven74.jpg'),
(387, 'Desolate Passage', 17, 6, NULL, 'Each player cannot declare more than one attacker or defender in each challenge.', 4, NULL, 3, NULL, 1, 'raven79.jpg'),
(388, 'The Raven''s Song', 17, 6, NULL, 'Any effect that would make it Summer or Winter is considered inactive while The Raven''s Song is revealed.', 4, NULL, 1, NULL, 1, 'raven80.jpg'),
(389, 'Samwell Tarly', 17, 1, 1, 'No attachments. Response : after a Raven card is played, draw 2 cards.', NULL, NULL, NULL, 1, NULL, 'raven66.jpg'),
(390, 'Vale Rookery', 17, 2, 1, 'Response : after an opponent wins dominance, discard Vale Rookery from play (cannot be saved) and pay one gold to reveal a new plot card.', NULL, NULL, NULL, NULL, NULL, 'raven76.jpg'),
(391, 'Heart of the Kingdom', 17, 2, 2, 'Challenges : kneel a Kingdom location to choose a participating character. Until the end of the phase, that character gets +1 STR.', NULL, NULL, NULL, NULL, NULL, 'raven77.jpg'),
(392, 'The Tower of Joy', 17, 2, 2, 'Response : after you win a challenge with fewer participating characters than your opponent, kneel The Tower of Joy to choose and kill a character controlled by the losing opponent.', NULL, NULL, NULL, NULL, NULL, 'raven78.jpg'),
(393, 'Fights No Sword Can Win', 17, 5, NULL, 'Limited Response : after you reveal an Intrigue Gambit plot card, kneel a character with an intrigue icon to kneel all characters with a military icon. (Limit 1 Limited Response per round.)', NULL, NULL, NULL, NULL, NULL, 'raven67.jpg'),
(394, 'Dawn', 17, 4, 2, 'House dayne character only. If attached character is Ser Arthur Dayne, he gets +5 STR. Challenges : if attached character is participating in a challenge in which an opponent has more participating characters than you, kneel Dawn to choose and kill a participating character.', NULL, NULL, NULL, NULL, NULL, 'raven61.jpg'),
(395, 'The Raven''s Message', 17, 5, NULL, 'Limited Response : after you reveal a Power Struggle plot card, kneel a character with a power icon to kneel all characters with an intrigue icon. (Limit 1 Limited Response per round.)', NULL, NULL, NULL, NULL, NULL, 'raven68.jpg'),
(396, 'At the Point of a Blade', 17, 5, NULL, 'Limited Response : after you reveal a Military Battle plot card, kneel a character with a military icon to kneel all characters with a power icon. (Limit 1 Limited Response per round.)', NULL, NULL, NULL, NULL, NULL, 'raven69.jpg'),
(397, 'Mountain Refugee', 18, 1, 0, 'If you do not win dominance, pay 1 gold or discard Mountain Refugee from play.', NULL, NULL, NULL, 2, NULL, 'raven85.jpg'),
(398, 'Head of a Dwarf', 18, 4, 2, 'Attached character gains infamy. If attached character''s controller would claim power for his or her House, that power must be placed on a character with at least one Head of a Dwarf card attached.', NULL, NULL, NULL, NULL, NULL, 'raven82.jpg'),
(399, 'Bolton Refugee', 18, 1, 0, 'If you do not win dominance, pay one gold or discard Bolton Refugee from play.', NULL, NULL, NULL, 2, NULL, 'raven83.jpg'),
(400, 'Cat o'' the Canals', 18, 1, 2, 'Immune to opponent''s card effects. No attachments except a single weapon. If you control Arya Stark, discard Cat o'' the Canals from play.', NULL, NULL, NULL, 1, NULL, 'raven84.jpg'),
(401, 'Needle', 18, 4, 1, 'Attached character gets +1 STR and gains stealth. Response : after you play a character with stalwart from your hand, kneel 1 influence to attach Needle from your discard pile to that character.', NULL, NULL, NULL, NULL, NULL, 'raven81.jpg'),
(402, 'Refugee of the Citadel', 18, 1, 0, 'If you do not win dominance, pay one gold or discard Refugee of the Citadel from play.', NULL, NULL, NULL, 2, NULL, 'raven92.jpg'),
(403, 'Pit Viper', 18, 1, 2, 'Deadly. Response : after a challenge resolves in which Pit Viper attacked alone, discard Pit Viper from play (cannot be saved) to choose and kill another participating character.', NULL, NULL, NULL, 2, NULL, 'raven93.jpg'),
(404, 'Highgarden Refugee', 18, 1, 0, 'If you do not win dominance, pay one gold or discard Highgarden Refugee from play.', NULL, NULL, NULL, 2, NULL, 'raven86.jpg'),
(405, 'Arena Knight', 18, 1, 4, 'Vigilant. During power challenges, Arena Knight gains renown.', NULL, NULL, NULL, 3, NULL, 'raven87.jpg'),
(406, 'Island Refugee', 18, 1, 0, 'If you do not win dominance, pay one gold or discard Island Refugee from play.', NULL, NULL, NULL, 2, NULL, 'raven88.jpg'),
(407, 'Alannys Greyjoy', 18, 1, 2, 'If there is another Queen character in play, Alannys Greyjoy cannot attack, defend, or trigger her character ability. Any Phase : kneel Alannys Greyjoy to choose an opponent. If that opponent does not kneel a character with higher STR than Alannys Greyjoy, discard a card at random from his or her hand.', NULL, NULL, NULL, 2, NULL, 'raven89.jpg'),
(408, 'Refugee of the Plains', 18, 1, 0, 'If you do not win dominance, pay 1 gold or discard Refugee of the Plains from play.', NULL, NULL, NULL, 2, NULL, 'raven90.jpg'),
(409, 'Dragonstone Scavenger', 18, 1, 2, 'Targaryen only. After you play Dragonstone Scavenger from your hand, choose a player with a Targaryen or a Baratheon House card. Discard a card at random from that player''s hand.', NULL, NULL, NULL, 3, NULL, 'raven91.jpg'),
(410, 'The Tides of War', 18, 6, NULL, 'After you win a challenge and it is Summer or Winter, choose and reveal a new plot card.', 3, NULL, 3, NULL, 1, 'raven100.jpg'),
(411, 'Vale Refugee', 18, 1, 0, 'If you do not win dominance, pay one gold or discard Vale Refugee from play.', NULL, NULL, NULL, 1, NULL, 'raven97.jpg'),
(412, 'Gilly', 18, 1, 0, 'If it is Winter, discard Gilly from play. If it is Summer, Gilly gains +2 STR, a power icon, and ''after you win a challenge in which Gilly participated, draw a card.''', NULL, NULL, NULL, 1, NULL, 'raven98.jpg'),
(413, 'War of Five Kings', 18, 5, NULL, 'Plot : after the dominance phase this round, there is an epic phase in which each player may initiate an additional challenge of his or her choice. Instead of the normal claim effects, any player who loses one of these challenges as the defender must select his or her next plot card at random. (Place this card next to your plot deck until the end of the epic phase.)', NULL, NULL, NULL, NULL, NULL, 'raven99.jpg'),
(414, 'Bandit of Winter', 18, 1, 2, 'If it is Winter, Bandit of Winter gains : ''after this card is played from your hand, discard a Stark or Greyjoy location from play.''', NULL, NULL, NULL, 2, NULL, 'raven94.jpg'),
(415, 'River Bandit', 18, 1, 2, 'If it is not Summer or Winter, River Bandit gains : ''after this card is played from your hand, discard a Baratheon or Lannister location from play.''', NULL, NULL, NULL, 2, NULL, 'raven95.jpg'),
(416, 'Bandit of Summer', 18, 1, 2, 'If it is Summer, Bandit of Summer gains : ''after this card is played from your hand, discard a Targaryen or Martell location from play.''', NULL, NULL, NULL, 1, NULL, 'raven96.jpg'),
(417, 'Weary Swordsmen', 19, 1, 4, 'No attachments except weapon. Response : after a Reinforcements event card is played, choose and kneel a character without an intrigue icon.', NULL, NULL, NULL, 5, NULL, 'raven105.jpg'),
(418, 'Tommen Baratheon', 19, 1, 1, 'If there is another King character in play, Tommen Baratheon cannot attack, defend, or trigger his character ability. Marshalling : kneel Tommen Baratheon to draw a card.', NULL, NULL, NULL, 1, NULL, 'raven106.jpg'),
(419, 'Depleted Host', 19, 1, 4, 'No attachments except weapon. Response : after you win a challenge in which Depleted Host participated, search your deck for a Reinforcements event card, reveal it, and put it into your hand. Then, shuffle your deck.', NULL, NULL, NULL, 5, NULL, 'raven102.jpg'),
(420, 'Northern Cavalry Flank', 19, 1, 4, 'Deadly. No attachments except siege. If an opponent is running an agenda, Northern Cavalry Flank does not kneel to attack.', NULL, NULL, NULL, 5, NULL, 'raven103.jpg'),
(421, 'Northern Infantry', 19, 1, 4, 'Deadly. No attachments except siege. If no opponent is running an agenda, Northern Infantry does not kneel to defend.', NULL, NULL, NULL, 5, NULL, 'raven104.jpg'),
(422, 'Desert Exiles', 19, 1, 4, 'No attachments except weapon. Response : after a Reinforcements event card is played, draw a card.', NULL, NULL, NULL, 5, NULL, 'raven112.jpg'),
(423, 'Exhausted Horsemen', 19, 1, 4, 'No attachments except weapon. Response : after a Reinforcements event card is played, stand Exhausted Horsemen.', NULL, NULL, NULL, 5, NULL, 'raven107.jpg'),
(424, 'Stormland Scavengers', 19, 1, 2, 'Baratheon only. After you play Stormland Scavengers from your hand, choose a player with a Baratheon or a Targaryen House card. Discard a card at random from that player''s hand.', NULL, NULL, NULL, 3, NULL, 'raven108.jpg'),
(425, 'Desperate Looters', 19, 1, 1, 'Response : after Desperate Looters enters play or leaves play, discard the top card of each opponent''s deck.', NULL, NULL, NULL, 1, NULL, 'raven101.jpg'),
(426, 'Weathered Crew', 19, 1, 4, 'No attachments except weapon. Response : after a Reinforcements event card is played, put a Warship location into play from your discard pile.', NULL, NULL, NULL, 5, NULL, 'raven109.jpg'),
(427, 'Destitute Horde', 19, 1, 4, 'No attachments except weapon or boon. Response : after a Reinforcements event card is played, choose an attachment controlled by an opponent. Take control of that attachment, and attach it to Destitute Horde, if able. Otherwise, discard it from play.', NULL, NULL, NULL, 5, NULL, 'raven111.jpg'),
(428, 'Summer Encampment', 19, 2, 2, 'Any phase : if it is Summer, kneel Summer Encampment to return a character you control to its owner''s hand.', NULL, NULL, NULL, NULL, NULL, 'raven120.jpg'),
(429, 'Men With No King', 19, 1, 4, 'No attachments except weapon. Limited Response : after a Reinforcements event card is played, pay 2 gold to choose a character or location that does not have its owner''s House affiliation. Take control of that card. (Limit 1 Limited Response per round.)', NULL, NULL, NULL, 5, NULL, 'raven113.jpg'),
(430, 'Beguiled Bodyguard', 19, 5, NULL, 'Any phase : play if you have lost a power challenge this phase. Pay one gold to put Beguiled Bodyguard into play from your hand as a character with 3 STR, a power icon, stealth, and renown.', NULL, NULL, NULL, NULL, NULL, 'raven117.jpg'),
(431, 'Winter Reserves', 19, 5, NULL, 'Play only if it is Winter. Any phase : play if you have lost a challenge this phase. Pay one gold to put Winter Reserves into play from your hand as an Army character with 4 STR, a military, an intrigue, a power icon, and deadly.', NULL, NULL, NULL, NULL, NULL, 'raven118.jpg'),
(432, 'Summer Reserves', 19, 5, NULL, 'Play only if it is Summer. Any phase : play if you have lost a challenge this phase. Pay one gold to put Summer Reserves into play from your hand as an Army character with 4 STR, a military, an intrigue, a power icon, and deadly.', NULL, NULL, NULL, NULL, NULL, 'raven119.jpg'),
(433, 'Retreat and Regroup', 19, 5, NULL, 'Challenges : play before any challenges have been inititated this phase. If you lose two or more challenges this phase, you may return any number of non-unique characters from your discard pile to your hand. (Place this card next to your plot deck until the end of the epic phase.)', NULL, NULL, NULL, NULL, NULL, 'raven114.jpg'),
(434, 'Missing Recruit', 19, 5, NULL, 'Any phase : play if you have lost a military challenge this phase. Pay one gold to put Missing Recruit into play from your hand as a character with 3 STR, a military icon, stealth, and renown.', NULL, NULL, NULL, NULL, NULL, 'raven115.jpg');
INSERT INTO `carte_carte` (`CarteID`, `Nom`, `Extension`, `Type`, `Cout`, `Texte`, `Gold`, `Influence`, `Initiative`, `Force`, `Prise`, `Image`) VALUES
(435, 'Spy in Their Midst', 19, 5, NULL, 'Any phase : play if you have lost an intrigue challenge this phase. Pay one gold to put Spy in Their Midst into play from your hand as a character with 3 STR, an intrigue icon, stealth, and renown.', NULL, NULL, NULL, NULL, NULL, 'raven116.jpg'),
(436, 'Ser Jaime Lannister', 44, 1, 4, 'Infamy. Challenges : kneel Ser Jaime Lannister to choose and kneel one non-Army character controlled by an opponent. Then, if Ser Jaime Lannister has more power on him than that character has STR, discard that character from play. (Limit once per phase.)', NULL, NULL, NULL, 3, NULL, 'champions4.jpg'),
(437, 'Arya Stark', 44, 1, 2, 'Stark only. Joust. Response : after you win a challenge in which Arya Stark attacked alone, each opponent with a Title that opposes your Title must also satisfy the Claim of that challenge, if able.', NULL, NULL, NULL, 2, NULL, 'champions1.jpg'),
(438, 'Meera Reed', 44, 1, 1, 'Stark only. Stealth. Response : after a Stark character leaves play, put Meera Reed into Shadows. Any Phase : bring Meera Reed out of Shadows and into play by paying the rest of her gold cost. Then choose one non-plot card (two instead if it is Winter) and treat its printed text box as if it were blank until end of the phase.', NULL, NULL, NULL, 2, NULL, 'champions2.jpg'),
(439, 'The Last River', 44, 2, 1, 'Challenges : kneel The Last River to give each participating character without a military icon -1 STR until the end of the challenge.', NULL, NULL, NULL, NULL, NULL, 'champions3.jpg'),
(440, 'Darkstar', 44, 1, 4, 'Joust. Stealth. After Darkstar bypasses a character by using stealth, move one power from that character to Darkstar.', NULL, NULL, NULL, 3, NULL, 'champions12.jpg'),
(441, 'Dorea Sand', 44, 1, 1, 'Response : after you lose a challenge as the defender, Sand Snake characters you control gain : ''this character does not kneel to attack'' until the end of the phase.', NULL, NULL, NULL, 1, NULL, 'champions13.jpg'),
(442, 'A Nest of Vipers', 44, 5, NULL, 'Response : after a Martell character is killed, unique Sand Snake characters you control gain renown until the end of the phase.', NULL, NULL, NULL, NULL, NULL, 'champions14.jpg'),
(443, 'Knight of Flowers', 44, 1, 4, 'Joust. Response : after you win a challenge in which Knight of Flowers attacked or defended alone, he claims two power. (Limit once per phase.)', NULL, NULL, NULL, 3, NULL, 'champions5.jpg'),
(444, 'Highgarden Squire', 44, 1, 1, 'Challenges : kneel Highgarden Squire to choose one knight character. That character gains Joust until the end of the phase.', NULL, NULL, NULL, 1, NULL, 'champions6.jpg'),
(445, 'Storm''s End Tourney Grounds', 44, 2, 1, 'Baratheon only. Response : after you win a challenge in which at least one of your participating characters has Joust, kneel your House card to place the topmost character in your discard pile on top of your deck (into your hand instead if you control more unique characters than each opponent).', NULL, NULL, NULL, NULL, NULL, 'champions7.jpg'),
(446, 'The Knight', 44, 1, 4, 'Joust. Response : after you win an unopposed challenge, stand The Knight. Then, discard the top card of each opponent’s deck.', NULL, NULL, NULL, 3, NULL, 'champions8.jpg'),
(447, 'Newly Made Lord', 44, 1, 3, 'After you play Newly Made Lord from your hand, choose and discard one non-limited location with cost three or lower, if able.', NULL, NULL, NULL, 3, NULL, 'champions16.jpg'),
(448, 'Nightfall', 44, 4, 2, 'Attached character gains a war crest. Response : after a challenge in which attached character participated resolves, choose and kill one non-unique participating character.', NULL, NULL, NULL, NULL, NULL, 'champions9.jpg'),
(449, 'Ser Barristan Selmy', 44, 1, 4, 'Renown. Challenges : while Ser Barristan Selmy is participating in a challenge, discard a card from your hand to choose one participating character. Until the end of the phase, that character gets -2 STR and is killed if its STR is 0.', NULL, NULL, NULL, 3, NULL, 'champions10.jpg'),
(450, 'Dragon Support', 44, 5, NULL, 'Targaryen only. Challenges : choose a participating character you control. Until the end of the challenge, that character gains melee. Then, each participating character controlled by an opponent gets -1 STR until the end of the phase.', NULL, NULL, NULL, NULL, NULL, 'champions11.jpg'),
(451, 'Into the Lists', 44, 6, NULL, 'When revealed, each player may choose and kneel one non-Army character with a military icon he or she controls. The character with the highest STR knelt in this way claims two power.', 4, NULL, 3, NULL, 1, 'champions20.jpg'),
(452, 'Shadow Tower Knight', 44, 1, 3, 'Cards you control cannot gain Traits through card effects.', NULL, NULL, NULL, 3, NULL, 'champions17.jpg'),
(453, 'Free Man', 44, 1, 1, 'Response : after Free Man leaves play, choose and stand one war character.', NULL, NULL, NULL, 1, NULL, 'champions18.jpg'),
(454, 'Tourney Lance', 44, 4, 1, 'Attached character gains Joust. After you play Tourney Lance, draw one card.', NULL, NULL, NULL, NULL, NULL, 'champions19.jpg'),
(455, 'Highgarden', 44, 2, 3, 'Challenges : kneel Highgarden and pay one gold to choose one character with one or more power on it. Stand or kneel that character.', NULL, NULL, NULL, NULL, NULL, 'champions15.jpg'),
(456, 'Varys', 45, 1, 2, 'Lannister only. Stealth. If you have more than one opponent Varys gains : ''Response : after an opponent declares a challenge, put Varys into Shadows to redirect the challenge against an eligible opponent of your choice, ignoring any Title restrictions.''', NULL, NULL, NULL, 4, NULL, 'champions24.jpg'),
(457, 'Bought and Paid For', 45, 5, NULL, 'Lannister only. Dominance : pay X gold to choose and discard one attachment from play. X is the printed gold cost of that attachment.', NULL, NULL, NULL, NULL, NULL, 'champions26.jpg'),
(458, 'Whisper Campaign', 45, 4, 1, 'Lannister only. Attach to an opponent''s House card. If you have more than one opponent after a player wins an intrigue challenge against the owner of attached House card, kneel Whisper Campaign. Then, the winner of the challenge draws one card for each card discarded for claim.', NULL, NULL, NULL, NULL, NULL, 'champions25.jpg'),
(459, 'The Smalljon', 45, 1, 3, 'Melee. Response : after The Smalljon is declared as an attacker against a player with a Title you oppose, raise the claim on your revealed plot card by one until the end of the challenge. (Limit once per challenge.)', NULL, NULL, NULL, 3, NULL, 'champions21.jpg'),
(460, 'Dreadfort Outrider', 45, 1, 2, 'Joust. Melee. If you control no other House Bolton characters, discard Draedfort Outrider from play.', NULL, NULL, NULL, 1, NULL, 'champions22.jpg'),
(461, 'In the name of the King', 45, 4, 1, 'Attach to an opponent''s House Card. Attached House card gains : ''Characters you control get +2 STR during military challenges.'' After the owner of attached House Card wins a military challenge, claim one power for your House if you have more than one opponent.', NULL, NULL, NULL, NULL, NULL, 'champions23.jpg'),
(462, 'Doran Martell', 45, 1, 5, 'No attachments. Vengeful. Response : after you lose a challenge as the defender, each opponent must choose and discard 1 card from his or her hand.', NULL, NULL, NULL, 3, NULL, 'champions34.jpg'),
(463, 'The Vaith', 45, 2, 2, 'Response : after a player declares a challenge against you, kneel one influence to choose one character controlled by that player. That character loses an icon of your choice until the end of the phase.', NULL, NULL, NULL, NULL, NULL, 'champions35.jpg'),
(464, 'Robert Baratheon', 45, 1, 5, 'Melee. Renown. While Robert Baratheon is attacking alone in a power challenge, each opponent you are not attacking may declare one eligible character as a defender. If you win the challenge, instead of the normal claim effects, each opponent must satisfy the claim effect of the challenge.', NULL, NULL, NULL, 3, NULL, 'champions27.jpg'),
(465, 'Warhammer', 45, 4, 1, 'Response  : after you win a power challenge in which attached character participated, choose and discard from play one participating character with one or more power on it.', NULL, NULL, NULL, NULL, NULL, 'champions28.jpg'),
(466, 'Euron Crow''s Eye', 45, 1, 5, 'Renown. Response : after an opponent declares a challenge against you, discard the top card of each opponent''s deck. Then, draw one card for each location discarded in this way.', NULL, NULL, NULL, 4, NULL, 'champions29.jpg'),
(467, 'Raiding the Reach', 45, 5, NULL, 'Greyjoy only. Response : after you win an unopposed challenge, reveal the top five cards of the losing opponent''s deck. Choose and discard two cards (three instead if it is Winter) and put the rest back on top of the deck in any order.', NULL, NULL, NULL, NULL, NULL, 'champions31.jpg'),
(468, 'Captain of the Iron Fleet', 45, 4, 1, 'Unique Greyjoy character only. Attached character gains renown. Response : after you win a challenge in which attached character participated, choose and discard one kneeling location from play.', NULL, NULL, NULL, NULL, NULL, 'champions30.jpg'),
(469, 'Khaleesi''s Faithful', 45, 1, 4, 'No attachments. If you have more than one opponent, Khaleesi''s Faithful gains : ''Limited Response : after Khaleesi''s Faithful is declared as a defender, move one power from a card controlled by the attacking player to your House card. (Limit 1 Limited Response per round.)''', NULL, NULL, NULL, 4, NULL, 'champions32.jpg'),
(470, 'Overwhelming Support', 45, 5, NULL, 'Response : after you declare two or more attackers, each with the Dothraki trait, opponents cannot declare non-Army characters as defenders during this challenge.', NULL, NULL, NULL, NULL, NULL, 'champions33.jpg'),
(471, 'The Grand Melee', 45, 6, NULL, 'During challenges, total attacking STR is determined by counting the number of participating attackers and total defending STR is determined by counting the number of participating defenders.', 2, NULL, 2, NULL, 2, 'champions40.jpg'),
(472, 'Thoros of Myr', 45, 1, 4, 'Melee. Renown. If you have more than one opponent Thoros of Myr gains : ''While Thoros of Myr is attacking, non-unique characters cannot defend alone.''', NULL, NULL, NULL, 3, NULL, 'champions36.jpg'),
(473, 'Old Bear''s Crow', 45, 1, 1, 'No attachments. Night''s Watch characters you control without a printed military icon gain war. Night''s Watch characters you control without a printed intrigue icon cannot be bypassed by stealth. Night''s Watch characters you control without a printed power icon get +1 STR.', NULL, NULL, NULL, 2, NULL, 'champions37.jpg'),
(474, 'Flea Bottom', 45, 2, 0, 'No attachments. Marshalling : kneel Flea Bottom to lower the cost of the next character you play this phase by two. That character comes into play knelt.', NULL, NULL, NULL, NULL, NULL, 'champions39.jpg'),
(475, 'A Champion Arises', 45, 5, NULL, 'Dominance : if you won every challenge in which you were the attacker or defender this round (minimum of one), chose a non-Army character you control to claim one power for each opponent in the game. (Limit one per phase.)', NULL, NULL, NULL, NULL, NULL, 'champion38.jpg'),
(476, 'Lannisport Tourney Grounds', 46, 2, 2, 'Lannister only. Response : ater you win an intrigue challenge, kneel Lannisport Tourney Grounds to choose and kneel one character. Then, if you control more unique characters than each opponent, discard all power on that character.', NULL, NULL, NULL, NULL, NULL, 'champions44.jpg'),
(477, 'Winterfell Practice Yard', 46, 2, 2, 'Stark only. Challenges : kneel Winterfell Practice Yard to choose one character. That character gains melee until the end fo the phase. If you control more unique characters than each opponent, it also gains renown until the end of the phase.', NULL, NULL, NULL, NULL, NULL, 'champions41.jpg'),
(478, 'Harrenhal', 46, 2, 3, 'Stark only. Response : after a character is killed, kneel Harrenhal to search the top three cards of your deck for one card and put it into your hand. Then shuffle the other cards back into your deck.', NULL, NULL, NULL, NULL, NULL, 'champions42.jpg'),
(479, 'Maiden of Poisons', 46, 1, 1, 'Martell only. Response : after you lose a challenge as the defender, choose a challenge icon. Then each opponent chooses one standing character he or she controls with that icon, if able. All chosen characters lose that icon until the end of the phase.', NULL, NULL, NULL, 3, NULL, 'champions53.jpg'),
(480, 'Sunspear Tourney Grounds', 46, 2, 1, 'Martell only. Response : if you have lost a challenge this phase, kneel Sunspear Tourney Grounds to cancel a triggered character ability. (A character ability or the effects of an event triggered instead if you control more unique characters than each opponent).', NULL, NULL, NULL, NULL, NULL, 'champions54.jpg'),
(481, 'The Scourge', 46, 2, 2, 'Any Phase : kneel The Scourge to choose one character. That character loses a military, an intrigue, and a power icon until the end of the phase. Response : after a character loses an icon from The Scourge, choose and discard one card from your hand to have that character gain that icon until the end of the phase. Any player may trigger this effect.', NULL, NULL, NULL, NULL, NULL, 'champions55.jpg'),
(482, 'Shyra Errol', 46, 1, 2, 'Response : after a character you control is killed, discard Shyra Errol from play to discard one power from the killed character. Then, move the remaining power from that character to another character you control.', NULL, NULL, NULL, 3, NULL, 'champions45.jpg'),
(483, 'Fiery Kiss', 46, 5, 0, 'Baratheon only. Response : after Fiery Kiss comes out of Shadows, choose one non-Army Baratheon character in your dead pile and put it into play. That character gains vigilant until the end of the phase. At the end of the phase, discard the character if it is still in play.', NULL, NULL, NULL, NULL, NULL, 'champions47.jpg'),
(484, 'Enemy of the Crown', 46, 4, 1, 'Attach to an opponent''s House card. If you have more than one opponent, after a player wins a power challenge against the owner of attached House card, kneel Enemy to the Crown. Then, the winner of the challenge stands one character for each power moved for claim.', NULL, NULL, NULL, NULL, NULL, 'champions46.jpg'),
(485, 'Alannys Greyjoy', 46, 1, 3, 'Greyjoy only. Response : kneel Alannys Greyjoy to cancel an effect triggered by a player with three or more non-character cards in his or her discard pile.', NULL, NULL, NULL, 3, NULL, 'champions48.jpg'),
(486, 'Nagga''s Hill', 46, 2, 2, 'Response : after you win an unopposed challenge, kneel Nagga''s Hill to choose a non-unique, non-event card in the losing player''s discard pile. Put that card into play under your control. At the end of the phase, discard that card if it is still in play.', NULL, NULL, NULL, NULL, NULL, 'champions49.jpg'),
(487, 'The Iron Price', 46, 4, 1, 'Attach to an opponent''s House card. If you have more than one opponent, after a player wins a military challenge against the owner of attached House card, kneel The Iron Price. Then, the winner of the challenge claims one power for each character killed for claim.', NULL, NULL, NULL, NULL, NULL, 'champions50.jpg'),
(488, 'Meereeen Tourney Grounds', 46, 2, 1, 'Targaryen only. Response : after a character is declared as an attacker or defender, kneel Meereen Tourney Grounds to give that character -1 STR until the end of the phase. (-3 STR instead if you control more unique characters than each opponent.)', NULL, NULL, NULL, NULL, NULL, 'champions51.jpg'),
(489, 'Ride Them Down', 46, 5, NULL, 'Targaryen only. Challenges : choose an attacking Dothraki or Knight character. That character gains renown until the end of the challenge. Response : After you win a power challenge by four or more total STR, return Ride Them Down from your discard pile to your hand.', NULL, NULL, NULL, NULL, NULL, 'champions52.jpg'),
(490, 'The First Snow of Winter', 46, 6, NULL, 'When the first challenge is initiated this round, return all characters with printed cost two or lower to their owners'' hands.', 3, NULL, 1, NULL, 1, 'champions59.jpg'),
(491, 'Called to Court', 46, 6, NULL, 'When revealed, each player may put an in-House character of printed cost three or lower into play from his or her hand. Each players must choose one character he or she controls and return it to its owner''s hand, if able.', 2, NULL, 7, NULL, 1, 'champions60.jpg'),
(492, 'Lyanna Stark', 46, 1, 4, 'Renown. Non-unique characters get -1 STR while knelt. After Lyanna Stark is killed, stand all Lord characters in play. Those characters gain deadly until the end of the round.', NULL, NULL, NULL, 3, NULL, 'champions56.jpg'),
(493, 'Jalabhar Xho', 46, 1, 4, 'Renown. If you lose dominance by four or more total STR, discard all power on Jalabhar Xho. At the beginning of the dominance phase, if no opponent has won a challenge against you this round, Jalabhar Xho claims 2 power.', NULL, NULL, NULL, 3, NULL, 'champions57.jpg'),
(494, 'Champion''s Favor', 46, 4, 1, 'Setup. Attached character gains melee.', NULL, NULL, NULL, NULL, NULL, 'champions58.jpg'),
(495, 'Myrcella Lannister', 46, 1, 2, 'If you have more than 1 opponent, Myrcella Lannister gains : ''Any Phase : kneel Myrcella Lannister to choose an opponent. Exchange Titles with that player.''', NULL, NULL, NULL, 2, NULL, 'champions43.jpg'),
(496, 'Ser Gregor Clegane', 47, 1, 4, 'Joust. While Ser Gregor Clegane is attacking, characters cannot be saved.', NULL, NULL, NULL, 4, NULL, 'champions63.jpg'),
(497, 'The Hound', 47, 1, 4, 'Melee. If The Hound would be killed, instead shuffle him back into your deck.', NULL, NULL, NULL, 3, NULL, 'champions64.jpg'),
(498, 'A House Divided', 47, 5, NULL, 'Lannister only. Response : after a player plays a character with a Trait he already has in play, choose and return one character with that Trait to the top of its owner''s deck.', NULL, NULL, NULL, NULL, NULL, 'champions65.jpg'),
(499, 'Oath of Fealty', 47, 5, NULL, 'Lannister only. Marshalling : kneel a Knight character to add one gold to your gold pool for each Knight character you control.', NULL, NULL, NULL, NULL, NULL, 'champions66.jpg'),
(500, 'Greatjon Umber', 47, 1, 4, 'Melee. Challenges : kneel Greatjon Umber to have him participate in the current challenge as a defender. Then, if your Title supports the defending players''s Title, Greatjon Umber claims one power.', NULL, NULL, NULL, 3, NULL, 'champions61.jpg'),
(501, 'Rickard Karstark', 47, 1, 4, 'Rickard Karstark does not kneel to attack during military challenges. If you are not running an agenda, Rickard Karstark gains : ''Response : after one or more of an opponent''s characters are killed for military claim, Rickard Karstark claims one power.''', NULL, NULL, NULL, 3, NULL, 'champions62.jpg'),
(502, 'Quentyn''s Guard', 47, 1, 5, 'Deadly. Stealth. Reduce the cost to play Quentyn''s Guard by one for each opponent you have.', NULL, NULL, NULL, 3, NULL, 'champions75.jpg'),
(503, 'Arianne''s Conspirators', 47, 1, 4, 'Melee. Response : after an attachment or location is discarded from your hand as claim for an intrigue challenge, choose and discard one card of the same type from play.', NULL, NULL, NULL, 2, NULL, 'champions74.jpg'),
(504, 'Words Are Like Arrows', 47, 5, NULL, 'Martell only. Response : after you lose a challenge, kneel two influence to choose one participating character controlled by the winning player and return it to its owner''s hand.', NULL, NULL, NULL, NULL, NULL, 'champions76.jpg'),
(505, 'Ser Davos Seaworth', 47, 1, 3, 'Stealth. Response : after Ser Davos Seaworth enters play, attach the top card of your deck to him, face down, as a duplicate.', NULL, NULL, NULL, 3, NULL, 'champions67.jpg'),
(506, 'Ser Axell Florent', 47, 1, 3, 'Response : after Ser Axell Florent enters play, choose and discard one duplicate from play.', NULL, NULL, NULL, 3, NULL, 'champions68.jpg'),
(507, 'Theon Greyjoy', 47, 1, 2, 'While Theon Greyjoy is in your dead pile, he gains : ''At the beginning of the dominance phase, discard the top card of each opponent''s deck. Response : after a unique character is discarded from the top of an opponent''s deck, put Theon Greyjoy into play from your dead pile.''', NULL, NULL, NULL, 2, NULL, 'champions69.jpg'),
(508, 'Asha Greyjoy', 47, 1, 3, 'Renown. Asha Greyjoy does not kneel to attack an opponent with three or more non-character cards in his or her discard pile.', NULL, NULL, NULL, 3, NULL, 'champions70.jpg'),
(509, 'Finger Dance', 47, 5, NULL, 'Response : kneel an Ironborn character to cancel the effects of an event card just played. Then, discard the top card of the event controller''s deck. If a non-character card is discarded in this way, shuffle Finger Dance back into your deck.', NULL, NULL, NULL, NULL, NULL, 'champions71.jpg'),
(510, 'Ser Jorah Mormont', 47, 1, 3, 'Joust. After Ser Jorah Mormont comes into play, choose and discard one Mercenary or Ally character from play.', NULL, NULL, NULL, 3, NULL, 'champions72.jpg'),
(511, 'Daario Naharis', 47, 1, 3, 'Melee. After Daario Naharis comes into play, choose and discard one Knight or Traitor character from play.', NULL, NULL, NULL, 2, NULL, 'champions73.jpg'),
(512, 'You Swore an Oath', 47, 6, NULL, 'Knight characters gain Joust and do not kneel to defend.', 4, NULL, 4, NULL, 1, 'champions80.jpg'),
(513, 'Ghost of High Heart', 47, 1, 2, 'While you have no power on your house, Brotherhood characters get +1 STR. Challenges : kneel Ghost of High Heart to look at a player''s hand. Chose and discard one card of your choice from that hand. That player draws a card. (Limit once per round.)', NULL, NULL, NULL, 1, NULL, 'champions77.jpg'),
(514, 'Satin', 47, 1, 2, 'No attachments. Marshalling : kneel a Night''s Watch character to reveal the top card of each player''s deck. Then (choose one) : each player discards that card, draws that card, or returns it to the top of his or her deck.', NULL, NULL, NULL, 1, NULL, 'champions79.jpg'),
(515, 'Ocean Road', 47, 2, 0, 'Limit one per deck. Marshalling : kneel Ocean Road to lower the cost of the next character with a noble or war crest you play this phase by one.', NULL, NULL, NULL, NULL, NULL, 'champions78.jpg'),
(516, 'Queen''s Guard', 48, 1, 2, 'After you trigger an effect that kneels an opponent''s character, choose and kneel one character controlled by a different opponent.', NULL, NULL, NULL, 2, NULL, 'champions83.jpg'),
(517, 'Knight of Harrenhal', 48, 1, 2, 'Stark only. If a card would be discarded from your hand at random, you may choose the card to be discarded instead.', NULL, NULL, NULL, 2, NULL, 'champions81.jpg'),
(518, 'No Quarter', 48, 5, NULL, 'Stark only. Response : after you win military a challenge in which you control at least one participating unique character, choose and kill one character controlled by the losing opponent. (Limit 1 per challenge.)', NULL, NULL, NULL, NULL, NULL, 'champions82.jpg'),
(519, 'Dagos Manwoody', 48, 1, 3, 'Vengeful. Melee.', NULL, NULL, NULL, 1, NULL, 'champions92.jpg'),
(520, 'The Brimstone', 48, 2, 2, 'Response : after a card is discarded from an opponent''s hand, choose one character. Until the end of the phase, that character gains or loses an icon of your choice.', NULL, NULL, NULL, NULL, NULL, 'champions93.jpg'),
(521, 'Blood Debt', 48, 4, 1, 'Attach to an opponent''s House card. Attached House card gains : ''Characters you control gain stealth during intrigue challenges.'' After the owner of attached House card wins an intrigue challenge, claim one power for your House if you have more than one opponent.', NULL, NULL, NULL, NULL, NULL, 'champions94.jpg'),
(522, 'Davos''s Confidant', 48, 1, 2, 'If an opponent is running an agenda, Davos''s Confidant gains : ''Immune to opponent''s events.''', NULL, NULL, NULL, 2, NULL, 'champions84.jpg'),
(523, 'The Painted Table', 48, 2, 2, 'Baratheon only. Any Phase : kneel The Painted Table to cancel the next effect triggered this phase.', NULL, NULL, NULL, NULL, NULL, 'champions85.jpg'),
(524, 'Cotter Pyke', 48, 1, 5, 'No attachments. Intimidate. Melee. If a Black Raven card is not in play, it is Winter.', NULL, NULL, NULL, 3, NULL, 'champions86.jpg'),
(525, 'Corpse Lake', 48, 2, 1, 'Response : after a triggered effect discards one or more characters from the top of an opponent''s deck, claim one power for your House. (Limit 3 times per round.)', NULL, NULL, NULL, NULL, NULL, 'champions87.jpg'),
(526, 'Nighttime Raid', 48, 5, NULL, 'Greyjoy only. Challenges : choose an attacking Greyjoy character you control. Until the end of the phase, that character gains stealth. If you win the challenge, choose and discard one attachment from play.', NULL, NULL, NULL, NULL, NULL, 'champions88.jpg'),
(527, 'Dragon Knight', 48, 1, 2, 'Targaryen only. Ambush. Response : after Dragon Knight comes into play, choose one character to get -1 STR until the end of the phase (-2 instead if it is Summer).', NULL, NULL, NULL, 2, NULL, 'champions89.jpg'),
(528, 'Exiled Knight', 48, 1, 2, 'Deadly. Exiled Knight does not kneel to defend while it has at least one attachment.', NULL, NULL, NULL, 2, NULL, 'champions90.jpg'),
(529, 'Meraxes', 48, 2, 2, 'Meraxes counts as 4 STR during the dominance phase. Dominance : kneel Meraxes to draw one card. Then, each opponent who did not attack you this round draws 1 card.', NULL, NULL, NULL, NULL, NULL, 'champions91.jpg'),
(530, 'I Fight to Win', 48, 6, NULL, 'If you have more than one opponent, after each player has selected a Title, you may select a second Title from the remaining Titles and use both Titles this round.', 3, NULL, 5, NULL, 1, 'champions100.jpg'),
(531, 'First Ranger', 48, 4, 1, 'Unique character only. Attached character gains the Night''s Watch trait. Response : after you win a challenge in which attached character participated, stand all other Night''s Watch characters.', NULL, NULL, NULL, NULL, NULL, 'champions95.jpg'),
(532, 'Condemned', 48, 4, 2, 'Attached character loses all Traits and immunities. If you win dominance, kill attached character.', NULL, NULL, NULL, NULL, NULL, 'champions96.jpg'),
(533, 'A United Cause', 48, 5, NULL, 'Stark or Baratheon only. Play only if you have more than one opponent. Dominance : discard one power from your House card to (choose one) : return a character with printed cost three or less from your dead pile to your hand, or search the top four cards of your deck for a card, put it into your hand and then shuffle the rest back into your deck. (Limit 1 per phase.)', NULL, NULL, NULL, NULL, NULL, 'champions97.jpg'),
(534, 'Enemy of My Enemy', 48, 5, NULL, 'Lannister or Greyjoy only. Play only if you have more than one opponent. Draw : discard one power from your House card to (choose one) : draw two cards, or each opponent chooses and discards a location he or she controls with printed cost one or less from play. (Limit 1 per phase.)', NULL, NULL, NULL, NULL, NULL, 'champions98.jpg'),
(535, 'Secret Alliance', 48, 5, NULL, 'Martell or Targaryen only. Play only if you have more than one opponent. Challenges : discard one power from your House card to (choose one) : choose and remove one participating character from a challenge, or choose one unique character in your dead pile and put it on the top of your deck. (Limit 1 per phase.)', NULL, NULL, NULL, NULL, NULL, 'champions99.jpg'),
(536, 'House Clegane Outlaw', 49, 1, 1, 'Infamy. House Clegane Outlaw does not count its STR during challenges unless it has one or more power on it.', NULL, NULL, NULL, 2, NULL, 'champions103.jpg'),
(537, 'Andal Charger', 49, 4, 1, 'Lannister character only. If you win an intrigue challenge in which attached character attacked alone, instead of the normal claim effects, look at the losing opponent''s hand. Choose and return one card from that hand to the top or bottom of its owner''s deck.', NULL, NULL, NULL, NULL, NULL, 'champions104.jpg'),
(538, 'Ser Kyle Condon', 49, 1, 2, 'Stalwart. Response : after Ser Kyle Condon is killed or discarded from play, draw one card.', NULL, NULL, NULL, 2, NULL, 'champions101.jpg'),
(539, 'Northern Courser', 49, 4, 1, 'Stark character only. If you win a military challenge in which attached character attacked alone, instead of the normal claim effects choose and kill one character controlled by the losing opponent.', NULL, NULL, NULL, NULL, NULL, 'champions102.jpg'),
(540, 'The Red Viper', 49, 1, 5, 'Stealth. Renown. Response : after you lose a challenge, move one gold from the treasury to The Red Viper. Challenges : discard one gold from The Red Viper to stand him. Then, you may discard one additional gold from him to raise the claim on any player''s revealed plot card by one until the end of the next challenge.', NULL, NULL, NULL, 3, NULL, 'champions113.jpg'),
(541, 'Rhoynish Steed', 49, 4, 1, 'Martell character only. If you win an intrigue challenge in which attached character attacked alone, instead of the normal claim effects, choose one character controlled by the losing opponent and return it to its owner''s hand.', NULL, NULL, NULL, NULL, NULL, 'champions114.jpg'),
(542, 'Poisoned Spear', 49, 4, 1, 'Attached character gains joust. Response : after you win a challenge in which attached character participated, kneel Poisoned Spear to choose and kill a character with no icons.', NULL, NULL, NULL, NULL, NULL, 'champions115.jpg'),
(543, 'Dragonstone Convert', 49, 1, 3, 'Stealth. If you have more than one opponent, Dragonstone Convert gains Vigilant.', NULL, NULL, NULL, 3, NULL, 'champions105.jpg'),
(544, 'Highgarden Destrier', 49, 4, 1, 'Baratheon character only. If you win a power challenge in which attached character attacked alone, instead of the normal claim effects, choose one character in your discard pile and return it to your hand.', NULL, NULL, NULL, NULL, NULL, 'champions106.jpg'),
(545, 'The Sparr', 49, 1, 3, 'Melee. Lower the income and initiative on each opponent''s revealed plot card by one.', NULL, NULL, NULL, 1, NULL, 'champions107.jpg'),
(546, 'Drowned Crewman', 49, 1, 2, 'If you have more than one opponent Drowned Crewman gains : ''Marshalling : kneel Drowned Crewman to choose an opponent with more cards in his or her discard pile than you. Move one gold token from that player''s gold pool to your own.''', NULL, NULL, NULL, 2, NULL, 'champions108.jpg'),
(547, 'Isle Garron', 49, 4, 1, 'Greyjoy character only. If you win a military challenge in which attached character attacked alone, instead of the normal claim effects, choose one location in the losing player''s discard pile. Put that location into play under your control.', NULL, NULL, NULL, NULL, NULL, 'champions109.jpg'),
(548, 'Sorrowful Man', 49, 1, 0, 'Targaryen only. Deadly. Response : after an opponent''s character enters play, kneel 2 influence to bring Sorrowful Man out of Shadows and into play. Then, that character''s controller must choose to either pay you one gold or kill that character.', NULL, NULL, NULL, 2, NULL, 'champions110.jpg'),
(549, 'True Queen''s Loyalist', 49, 4, 1, 'Attach to an opponent''s House card. Attached House card gains : ''Characters you control gain deadly during power challenges.'' After the owner of attached House card wins a challenge, claim one power for your House if you have more than one opponent.', NULL, NULL, NULL, NULL, NULL, 'champions111.jpg'),
(550, 'Dothraki Stallion', 49, 4, 1, 'Targaryen character only. If you win a power challenge in which attached character attacked alone, instead of the normal claim effects, return the top card of your discard pile to your hand.', NULL, NULL, NULL, NULL, NULL, 'champions112.jpg'),
(551, 'Twist of Fate', 49, 6, NULL, 'When a player wins a challenge against you as the attacker, he or she may choose to use claim effect of any challenge type instead of the normal claim effect. This text box cannot be blanked.', 5, NULL, 4, NULL, 2, 'champions119.jpg'),
(552, 'Isle of Faces', 49, 2, 1, 'Unique characters you control count their STR toward dominance while knelt.', NULL, NULL, NULL, NULL, NULL, 'champions118.jpg'),
(553, 'Heavy Taxes', 49, 4, 0, 'Attach to your House card. If you are not running an agenda, Heavy Taxes gains : ''Players cannot count more than four gold during the marshalling phase.''', NULL, NULL, NULL, NULL, NULL, 'champions116.jpg'),
(554, 'Seal of the Crown', 49, 4, 0, 'Attach to your House card. If you are not running an agenda, Seal of the Crown gains : ''Players draw one additional card during draw phase. After a player draws one or more cards through another card effect, that player must choose and discard one card from his or her hand.''', NULL, NULL, NULL, NULL, NULL, 'champions117.jpg'),
(555, 'Tyrion Lannister', 20, 1, 2, 'Lannister only. Stealth. Response : after a card comes out of Shadows, Tyrion Lannister gets +2 STR and gains your choice of Deadly, Renown ,No attachments,or Immune to Events until the end of the phase.', NULL, NULL, NULL, 3, NULL, 'landing5.jpg'),
(556, 'Tunnels of the Red Keep', 20, 2, 3, 'Your characters get +1 STR for each card you have in Shadows.', NULL, NULL, NULL, NULL, NULL, 'landing6.jpg'),
(557, 'Arya Stark', 20, 1, 1, 'Stark only. If it is Winter, Arya Stark gains Stealth and Deadly. If Arya Stark is killed, put her into Shadows instead of your dead pile.', NULL, NULL, NULL, 2, NULL, 'landing1.jpg'),
(558, 'Hungry Mob', 20, 1, 0, 'After you pay three or more gold for a card or effect, kneel Hungry Mob.', NULL, NULL, NULL, 3, NULL, 'landing2.jpg'),
(559, 'Hidden Chambers', 20, 2, 1, 'No attachments. If it is Winter, reduce the cost to bring your cards out of Shadows by one. If it is Summer, return Hidden Chambers to your hand.', NULL, NULL, NULL, NULL, NULL, 'landing3.jpg'),
(560, 'Bound by Duty', 20, 5, NULL, 'Challenges : choose a kneeling Stark character. Until the end of the phase, that character is eligible, while kneeling, to be declared as a defender for any challenge in which it could normally participate.', NULL, NULL, NULL, NULL, NULL, 'landing4.jpg'),
(561, 'Nomadic Trader', 20, 1, 2, 'Response : after an opponent plays an event card, take one gold from the treasury and add it to your gold pool.', NULL, NULL, NULL, 1, NULL, 'landing14.jpg'),
(562, 'Cersei Lannister', 21, 1, 3, 'Response : after you win an intrigue challenge in which Cersei Lannister participated, choose and kneel up to X non-Army characters. X is the number of cards you control in Shadows.', NULL, NULL, NULL, 3, NULL, 'landing24.jpg'),
(563, 'City Watch', 20, 1, 4, 'No attachments except Weapon. Response : after you win a challenge in which City Watch is participating, choose an opponent. At the beginnig of the next phase, that player must randomly choose one of his or her cards in Shadows, and either bring it out of Shadows (paying any necessary costs) or discard it from play.', NULL, NULL, NULL, 4, NULL, 'landing7.jpg'),
(564, 'Catelyn Stark', 21, 1, 3, 'If it is Winter and you have at least one card in Shadows, opponents cannot declare intrigue challenges against you.', NULL, NULL, NULL, 3, NULL, 'landing21.jpg'),
(565, 'Septa Mordane', 21, 1, 2, 'Any Phase : kneel Septa Mordane to choose an attacking character. Until the end of the phase, that character gets -X STR, where X is the number of cards in Shadows.', NULL, NULL, NULL, 2, NULL, 'landing22.jpg'),
(566, 'Storm Dancer', 21, 2, 2, 'Response : after you win a challenge as the defender, kneel Storm Dancer to draw a card. (If it is Winter and you have at least one card in Shadows, draw three cards instead.)', NULL, NULL, NULL, NULL, NULL, 'landing23.jpg'),
(567, 'Ser Barristan Selmy', 20, 1, 2, 'Targaryen only. Renown. No attachments except weapon. Response : after Ser Barristan Selmy comes out of Shadows, look at one opponent''s hand. Then, name a non-plot card. No player can play that card during this phase.', NULL, NULL, NULL, 4, NULL, 'landing12.jpg'),
(568, 'Dragon Skull', 20, 4, 1, 'Targaryen only. Attached character gets -2 STR and is killed if its STR is 0. Response : after Dragon Skull comes out of Shadows, attach it to an opponent''s character or discard it from play.', NULL, NULL, NULL, NULL, NULL, 'landing13.jpg'),
(569, 'City of Lies', 20, 6, NULL, 'When revealed, you may put up to two cards with the Shadow crest into Shadows from your hand without paying any costs.', 3, NULL, 6, NULL, 1, 'landing19.jpg'),
(570, 'Ser Meryn Trant', 20, 1, 2, 'No attachments except weapon. Response : after you win a challenge as the defender, choose and stand a Kingsguard character.', NULL, NULL, NULL, 2, NULL, 'landing17.jpg'),
(571, 'Treaty with the Isles', 20, 3, NULL, 'Ignore the out of House gold penalty on all Greyjoy cards. Each opponent without a Treaty agenda needs five fewer power (to a minimum of ten) to win the game.', NULL, NULL, NULL, NULL, NULL, 'landing11.jpg'),
(572, 'Treaty with the South', 20, 3, NULL, 'Ignore the out of House gold penalty on all Martell cards. Each opponent without a Treaty agenda needs five fewer power (to a minimum of ten) to win the game.', NULL, NULL, NULL, NULL, NULL, 'landing15.jpg'),
(573, 'City of Shadows', 20, 3, NULL, 'You may ignore the ''House X only'' deckbuilding restriction on any card with the Shadow crest. Whenever you bring any card with a ''House X only'' restriction that does not match your House card out of Shadows, pay one additional gold. If you do not have any cards in Shadows, you cannot claim power for unopposed challenges.', NULL, NULL, NULL, NULL, NULL, 'landing20.jpg'),
(574, 'Gold Cloaks', 21, 1, 2, 'Lannister only. No attachments except weapon. Response : after Gold Cloaks comes out of Shadows, draw a card for each Mercenary character you control.', NULL, NULL, NULL, 4, NULL, 'landing25.jpg'),
(575, 'Sweet Cersei', 21, 2, 2, 'Any Phase : pay one gold to choose a character. Until the end of the phase, that character gets +1 STR.', NULL, NULL, NULL, NULL, NULL, 'landing27.jpg'),
(576, 'Flea Bottom Scavenger', 21, 1, 2, 'Response : after you play Flea Bottom Scavenger from your hand, draw three cards if you have no power on your House card.', NULL, NULL, NULL, 1, NULL, 'landing35.jpg'),
(577, 'Lost Oasis', 21, 2, 2, 'Challenges : kneel Lost Oasis to choose a Martell character. Until the end of the phase, that character gains Stealth and ""after this character bypasses a character by using Stealth, kneel that character.""', NULL, NULL, NULL, NULL, NULL, 'landing36.jpg'),
(578, 'Moon Boy', 21, 1, 3, 'Plot : discard Moon Boy from play to choose an opponent with at least one plot card in his or her used plot pile. The next time that opponent must choose a plot this phase, the selection must come from his or her used plot pile. (Limit once per game.)', NULL, NULL, NULL, 2, NULL, 'landing28.jpg'),
(579, 'Abandoned Forge', 21, 2, 0, 'Baratheon only. No attachments except weapon. Response : after Abandoned Forge comes out of Shadows, pay X gold to search your deck for X Weapon attachments, and attach them to Abandoned Forge. Any Phase : kneel Abandoned Forge to move a Weapon attachment from Abandoned Forge to your hand.', NULL, NULL, NULL, NULL, NULL, 'landing29.jpg'),
(580, 'Balon Greyjoy', 21, 1, 4, 'Greyjoy only. Renown. Response : after a card with the shadow crest is discarded from a player''s deck, kneel one influence or kneel a noble character to put that card into Shadows under your control. (Limit once per phase.)', NULL, NULL, NULL, 3, NULL, 'landing30.jpg'),
(581, 'Balon''s Rebellion', 21, 5, NULL, 'Greyjoy only. Any Phase : kneel a  Lord character to choose and kneel X locations. X is the STR of the knelt character.', NULL, NULL, NULL, NULL, NULL, 'landing31.jpg'),
(582, 'Street Waif', 21, 1, 2, 'Any Phase : kneel Street Waif to choose an opponent. If you have more than one card in your discard pile, that opponent must choose a card in your discard pile. Return the card to your hand.', NULL, NULL, NULL, 1, NULL, 'landing32.jpg'),
(583, 'The Shadow of the East', 21, 5, 0, 'Targaryen only. Response : after The Shadow of the East comes out of Shadows, choose and discard one attachment from play. Then, if it is Summer, return The Shadow of the East to its owner''s hand.', NULL, NULL, NULL, NULL, NULL, 'landing34.jpg'),
(584, 'Tears of Lys', 21, 4, 1, 'Attached character gains an intrigue icon and Deadly. Response : after an opponent''s character is killed during an intrigue challenge, discard Tears of Lys to draw a card.', NULL, NULL, NULL, NULL, NULL, 'landing33.jpg'),
(585, 'City of Sin', 21, 6, NULL, 'When revealed, choose and kneel up to X characters. X is the number of City plots in your used pile.', 3, NULL, 1, NULL, 1, 'landing40.jpg'),
(586, 'The Hound', 21, 1, 3, 'No attachments except weapon. Response :after you play The Hound from your hand, kneel all Knight characters in play.', NULL, NULL, NULL, 4, NULL, 'landing37.jpg'),
(587, 'Twilight Market', 21, 2, 0, 'Limited. Marshalling : kneel Twilight Market to reduce the cost of the next card you play from your hand into Shadows this phase by one.', NULL, NULL, NULL, NULL, NULL, 'landing39.jpg'),
(588, 'Condemned by the Council', 21, 5, NULL, 'Response : after you win an intrigue challenge, choose a location controlled by the losing opponent. If that location has the shadow crest, return it to Shadows. Otherwise, discard it from play.', NULL, NULL, NULL, NULL, NULL, 'landing38.jpg'),
(589, 'A Fistful of Coppers', 21, 5, 0, 'Lannister only. Response : after A Fistful of Coppers comes out of Shadows, move two gold from the treasury to your gold pool.', NULL, NULL, NULL, NULL, NULL, 'landing26.jpg'),
(590, 'The Shadow of the South', 20, 5, 0, 'Martell only. Response : after The Shadow of the South comes out of Shadows, choose an opponent. That opponent cannot play event cards during this phase. Then, if it is Summer, return The Shadow of the South to its owner''s hand.', NULL, NULL, NULL, NULL, NULL, 'landing16.jpg'),
(591, 'Shadow Politics', 20, 5, 1, 'Response : after Shadow Politics comes out of Shadows, choose a player. That player may initiate an additional intrigue challenge against an opponent of his or her choice as a standard player action this phase.', NULL, NULL, NULL, NULL, NULL, 'landing18.jpg'),
(592, 'Joffrey Baratheon', 22, 1, 3, 'Immune to triggered effects. Response : after an opponent''s character is knelt, pay one gold to stand Joffrey Baratheon. Then, he claims one power.', NULL, NULL, NULL, 3, NULL, 'landing64.jpg'),
(593, 'Flogged and Chained', 22, 4, 2, 'Attach to a non-Army character. Response : after a character is knelt by a triggered effect, kneel attached character.', NULL, NULL, NULL, NULL, NULL, 'landing65.jpg'),
(594, 'Sansa Stark', 22, 1, 2, 'If there are no cards in Shadows, Sansa Stark gets +2 STR, a  crest, and gains Renown.', NULL, NULL, NULL, 2, NULL, 'landing61.jpg'),
(595, 'Ser Dontos Hollard', 22, 1, 3, 'No attachments except weapon. Response : stand Ser Dontos Hollard to save a Lady character from being killed or discarded from play.', NULL, NULL, NULL, 1, NULL, 'landing62.jpg'),
(596, 'Maester Malleon''s Tome', 22, 4, 2, 'Stark only. Attached character gains an intrigue icon. Response : after Maester Malleon''s Tome comes out of Shadows, attach it to a unique character. Then, if it is Winter, look at an opponent''s unused plot deck, and move a plot card from that plot deck to that player''s used plot pile.', NULL, NULL, NULL, NULL, NULL, 'landing63.jpg'),
(597, 'The Red Viper', 22, 1, 5, 'Martell only. If you are not running an Agenda, The Red Viper gains : ''Response : after The Red Viper is killed, kill all characters in play''.', NULL, NULL, NULL, 4, NULL, 'landing75.jpg'),
(598, 'The Viper''s Rage', 22, 5, NULL, 'Martell only. Response : after you lose a challenge by four or more total STR as the defender, all characters controlled by the attacker lose a military, an intrigue, and a power icon until the end of the phase.', NULL, NULL, NULL, NULL, NULL, 'landing76.jpg'),
(599, 'The Queen of Thorns', 22, 1, 1, 'Baratheon only. Response : after a card comes out of Shadows, The Queen of Thorns claims one power. (Limit once per phase.)', NULL, NULL, NULL, 3, NULL, 'landing66.jpg'),
(600, 'Margaery Tyrell', 22, 1, 3, 'Response : after a card comes out of Shadows, choose a non-Lady character. Until the end of the phase, treat that character as if its printed text box was blank.', NULL, NULL, NULL, 3, NULL, 'landing67.jpg'),
(601, 'The Black Cells', 22, 2, 1, 'Baratheon only. Response : after a card comes out of Shadows, kneel The Black Cells to choose an opponent''s character. Until the end of the phase, that character cannot kneel or stand.', NULL, NULL, NULL, NULL, NULL, 'landing68.jpg'),
(602, 'Distinguished Boatswain', 22, 1, 1, 'Distinguished Boatswain gets -2 STR for each card in Shadows.', NULL, NULL, NULL, 4, NULL, 'landing69.jpg'),
(603, 'Blackwater Raiders', 22, 1, 2, 'Greyjoy only. No attachments except weapon. Response : after Blackwater Raiders come out of Shadows, choose a location in an opponent''s discard pile. Put that location into play under your control.', NULL, NULL, NULL, 2, NULL, 'landing70.jpg'),
(604, 'Fishmonger''s Square', 22, 2, 1, 'No attachments. Response : after an attachment or event card is discarded from a player''s deck, kneel Fishmonger''s Square to draw two cards.', NULL, NULL, NULL, NULL, NULL, 'landing72.jpg'),
(605, 'Scurvy', 22, 4, 1, 'Attach to an opponent''s character, then draw a card. Attached character cannot be saved.', NULL, NULL, NULL, NULL, NULL, 'landing71.jpg'),
(606, 'Daemon Blackfyre', 22, 1, 4, 'Renown. Targaryen characters you control gain a war crest.', NULL, NULL, NULL, 4, NULL, 'landing73.jpg'),
(607, 'The Dragonpit', 22, 2, 3, 'Targaryen only. If you have at least one card in Shadows, any characters controlled by opponents who do not have more cards in Shadows than you do get -1 STR.', NULL, NULL, NULL, NULL, NULL, 'landing74.jpg'),
(608, 'City of Spiders', 22, 6, NULL, 'When revealed, you may trigger the ''when revealed'' effect of any City plot card in your used pile.', 1, NULL, 0, NULL, 2, 'landing80.jpg'),
(609, 'Syrio Forel', 22, 1, 0, 'Stealth. Response : after you win a challenge in which Syrio Forel participated, put him into Shadows.', NULL, NULL, NULL, 2, NULL, 'landing77.jpg'),
(610, 'The Red Keep', 22, 2, 1, 'No attachments. If The Red Keep would leave play, it goes into Shadows instead of going to its owner''s hand, deck, discard, or dead pile.', NULL, 3, NULL, NULL, NULL, 'landing78.jpg'),
(611, 'The White Book', 22, 3, NULL, 'If you control at least one Kingsguard character, claim one power for your House each time you successfully defend a challenge. Each time you lose a challenge as the attacker, kneel a standing Kingsguard character you control or discard one power from your House.', NULL, NULL, NULL, NULL, NULL, 'landing79.jpg'),
(612, 'Qyburn', 23, 1, 1, 'Lannister only. Deadly. Response : after Qyburn comes out of Shadows, choose a non-Army character in an opponent''s dead pile. Put that character into play under your control. If that character is still in play at the end of the phase, return it to its owner''s dead pile.', NULL, NULL, NULL, 2, NULL, 'landing83.jpg'),
(613, 'Death by Payne', 23, 5, NULL, 'Lannister only. Response : after a character triggers its character ability, kneel Ser Ilyn Payne or a noble to kill that character.', NULL, NULL, NULL, NULL, NULL, 'landing85.jpg'),
(614, 'Jeyne Poole', 23, 1, 0, 'Response : discard Jeyne Poole from play to cancel the triggered effect of a card that just came out of Shadows.', NULL, NULL, NULL, 0, NULL, 'landing81.jpg'),
(615, 'Dornish Diplomat', 23, 1, 3, 'Response : after you win a power challenge in which Dornish Diplomat participated, choose and stand a character controlled by an opponent. Then, choose and stand a character you control.', NULL, NULL, NULL, 3, NULL, 'landing94.jpg'),
(616, 'Backroom Bribery', 23, 5, 0, 'Martell only. Response : after Backroom Bribery comes out of Shadows, choose an opponent. Move one gold from that player''s gold pool to yours.', NULL, NULL, NULL, NULL, NULL, 'landing96.jpg'),
(617, 'The Broken Spear', 23, 4, 1, 'Any Phase : kneel The Broken Spear to choose attached character. Until the end of the phase, that character either gains or loses a military icon.', NULL, NULL, NULL, NULL, NULL, 'landing95.jpg'),
(618, 'Knight of Flowers', 23, 1, 3, 'Renown. If there are no cards in Shadows, Knight of Flowers does not kneel to attack or defend.', NULL, NULL, NULL, 3, NULL, 'landing86.jpg'),
(619, 'Small Council Chamber', 23, 2, 1, 'Baratheon only. After you win an intrigue challenge, Small Council Chamber goes into Shadows. Response : after Small Council Chamber comes out of Shadows, return a Small Council event from your discard pile to your hand.', NULL, NULL, NULL, NULL, NULL, 'landing87.jpg'),
(620, 'Ancient Mariner', 23, 1, 2, 'Ancient Mariner gets -3 STR during military challenges.', NULL, NULL, NULL, 4, NULL, 'landing88.jpg'),
(621, 'Shore Leave', 23, 5, NULL, 'Greyjoy only. Challenges : kneel one influence to choose and stand a kneeling character. Until the end of the phase, that character cannot be declared as an attacker or defender.', NULL, NULL, NULL, NULL, NULL, 'landing89.jpg'),
(622, 'King''s Landing Assassin', 23, 1, 2, 'Targaryen only. Response : after King''s Landing Assassin comes out of Shadows, choose a character with no attachments. Until the end of the phase, that character gets -2 STR and is killed if its STR is 0.', NULL, NULL, NULL, 2, NULL, 'landing90.jpg'),
(623, 'Shadow Prophet', 23, 1, 0, 'Targaryen only. Response : after Shadow Prophet comes out of Shadows, you may look at one card in Shadows controlled by each opponent.', NULL, NULL, NULL, 3, NULL, 'landing91.jpg'),
(624, 'Visenya''s Hill', 23, 2, 1, 'Any Phase : kneel Visenya''s Hill to choose one character card in any discard pile, and move that card to its owner''s dead pile.', NULL, NULL, NULL, NULL, NULL, 'landing92.jpg'),
(625, 'Aegon''s Legacy', 23, 5, NULL, 'Targaryen only. Dominance : choose a character without attachments. Until the end of the phase, that character gets -X STR and is killed if its STR is 0. X is the number of cards currently in Shadows.', NULL, NULL, NULL, NULL, NULL, 'landing93.jpg');
INSERT INTO `carte_carte` (`CarteID`, `Nom`, `Extension`, `Type`, `Cout`, `Texte`, `Gold`, `Influence`, `Initiative`, `Force`, `Prise`, `Image`) VALUES
(626, 'City of Spies', 23, 6, NULL, 'When revealed, look at the top X cards of any player''s deck, discard one of those cards, and put the rest on top of that deck in any order. X is the number of City plots in your used pile.', 4, NULL, 3, NULL, 1, 'landing100.jpg'),
(627, 'Varys', 23, 1, 1, 'Stealth. After Varys comes out of Shadows, choose and discard one Ally character from play.', NULL, NULL, NULL, 3, NULL, 'landing97.jpg'),
(628, 'Ser Osmund Kettleblack', 23, 1, 3, 'No attachments except weapon. Challenges : kneel Ser Osmund Kettleblack to choose a defending character. Until the end of the phase, that character gets +2 STR (+4 STR instead if that character has the Kingsguard trait).', NULL, NULL, NULL, 3, NULL, 'landing98.jpg'),
(629, 'King''s Landing', 23, 2, 2, 'After a card comes out of Shadows, stand King''s Landing. Any Phase : kneel King''s Landing to draw a card. Use this ability only if you control more King''s Landing locations than each opponent.', NULL, NULL, NULL, NULL, NULL, 'landing99.jpg'),
(630, 'Littlefinger', 23, 1, 5, 'Stealth. No condition attachments. Littlefinger does not kneel to attack. Reduce the cost to play Littlefinger by one for each card in Shadows.', NULL, NULL, NULL, 3, NULL, 'landing84.jpg'),
(631, 'Cannot be Bribed, Cannot be Bought', 23, 5, NULL, 'Response : after a character is knelt by an opponent''s card effect, stand that character. Then, that character claims one power and you draw a card.', NULL, NULL, NULL, NULL, NULL, 'landing82.jpg'),
(632, 'Alchemist''s Guild Hall', 24, 2, 1, 'Lannister only. Response : after a card comes out of Shadows, kneel Alchemist''s Guild Hall to choose and kneel a character or location that does not have the shadow crest.', NULL, NULL, NULL, NULL, NULL, 'landing103.jpg'),
(633, 'Tyrion''s Chain', 24, 4, 3, 'Attach to a location. Kneel that location. If you lose a military challenge, discard Tyrion''s Chain from play. Response : after attached location is knelt, kneel all locations controlled by the attached location''s controller.', NULL, NULL, NULL, NULL, NULL, 'landing104.jpg'),
(634, 'Peasant Defenders', 24, 1, 2, 'Reduce the cost to play Weapon attachments on Peasant Defenders by one. If Peasant Defenders has a Weapon attachment, they get +3 STR and do not kneel to defend.', NULL, NULL, NULL, 2, NULL, 'landing101.jpg'),
(635, 'Northern Steel', 24, 4, 2, 'Northern Steel cannot be discarded from play while attached to a Stark character. Any Phase : kneel Northern Steel to give attached character either +3 STR or Deadly until the end of the phase.', NULL, NULL, NULL, NULL, NULL, 'landing102.jpg'),
(636, 'Southron Mercenaries', 24, 1, 4, 'Martell only. Renown. No attachments. Response : after you win a challenge in which Southron Mercenaries participated, move one power from the losing opponent''s House card to your own.', NULL, NULL, NULL, 6, NULL, 'landing113.jpg'),
(637, 'Veteran Spearman', 24, 1, 2, 'No attachments except weapon. Challenges : kneel Veteran Spearman to choose an opponent''s character. Until the end of the phase, that character cannot be chosen to die as the result of military challenge claim.', NULL, NULL, NULL, 2, NULL, 'landing114.jpg'),
(638, 'Rumors of War', 24, 5, NULL, 'Martell only. Any Phase : choose a character. Until the end of the phase, that character gains a military icon, a war crest, and +3 STR.', NULL, NULL, NULL, NULL, NULL, 'landing116.jpg'),
(639, 'Venomous Blade', 24, 4, 0, 'Martell only. After Venomous Blade comes out of Shadows, attach it to a character you control. Then, choose and kill an opponent''s character with printed STR 2 or less. Response : after you lose a challenge,Venomous Blade goes into Shadows.', NULL, NULL, NULL, NULL, NULL, 'landing115.jpg'),
(640, 'Ser Davos Seaworth', 24, 1, 3, 'Stealth. Response : kneel Ser Davos Seaworth to save an attachment on a character from being discarded from play. Then, attach it to another eligible character, if able.', NULL, NULL, NULL, 3, NULL, 'landing105.jpg'),
(641, 'King Robert''s Hammer', 24, 2, 2, 'If it is Summer or Winter, kneel King Robert''s Hammer. Any Phase : kneel King Robert''s Hammer to choose and stand a  character.', NULL, NULL, NULL, NULL, NULL, 'landing106.jpg'),
(642, 'Blackwater Bay', 24, 2, 1, 'Baratheon only. Response : after you win a power challenge, kneel Blackwater Bay to choose a card with the shadow crest in your discard pile, and place that card in Shadows.', NULL, NULL, NULL, NULL, NULL, 'landing107.jpg'),
(643, 'Island Mercenaries', 24, 1, 4, 'Greyjoy only. Renown. No attachments. Response : after you win an unopposed challenge in which Island Mercenaries participated, they claim one power.', NULL, NULL, NULL, 6, NULL, 'landing108.jpg'),
(644, 'Drinking the Sea', 24, 5, NULL, 'Greyjoy only. Response : cancel an effect that would save a card from being killed or discarded from play. Then, draw a card.', NULL, NULL, NULL, NULL, NULL, 'landing109.jpg'),
(645, 'Free Cities Mercenaries', 24, 1, 4, 'Targaryen only. Renown. No attachments. Response : after a character with STR 2 or lower is killed, stand Free Cities Mercenaries.', NULL, NULL, NULL, 6, NULL, 'landing110.jpg'),
(646, 'Rhaenys''s Hill', 24, 2, 4, 'Any Phase : kneel and discard Rhaenys''s Hill from play to put all characters in a single opponent''s dead pile into play under your control until the end of the phase. At the end of the phase, return those characters to their owner''s dead pile.', NULL, NULL, NULL, NULL, NULL, 'landing112.jpg'),
(647, 'Mercenary Contract', 24, 4, 1, 'War character only. If you have at least one gold in your gold pool, attached character does not kneel to attack or defend during military challenges.', NULL, NULL, NULL, NULL, NULL, 'landing111.jpg'),
(648, 'City of Soldiers', 24, 6, NULL, 'When revealed, choose and kill a character with STR X or lower. X is the number of City plot cards in your used pile.', 3, NULL, 0, NULL, 2, 'landing120.jpg'),
(649, 'Ser Mandon Moore', 24, 1, 2, 'No attachments except weapon. Challenges : bring Ser Mandon Moore out of Shadows and into play by paying the rest of his gold cost. Response : after you win a challenge in which Ser Mandon Moore participated as the defender, choose and kill a participating character.', NULL, NULL, NULL, 3, NULL, 'landing117.jpg'),
(650, 'Pyromancer''s Apprentice', 24, 1, 1, 'Response : after Pyromancer''s Apprentice comes out of Shadows, choose a location controlled by an opponent. That location''s controller must pay one gold to you or discard that location from play.', NULL, NULL, NULL, 1, NULL, 'landing118.jpg'),
(651, 'Battle of the Bay', 24, 5, NULL, 'Plot : after the dominance phase this round, there is an epic phase during which each player may initiate a single military challenge. In addition to the normal claim effect, the winner of each challenge chooses and returns a King''s Landing location from his or her discard pile to his or her hand, if able. (Place this card next to your plot deck until the end of this epic phase, then discard it.)', NULL, NULL, NULL, NULL, NULL, 'landing119.jpg'),
(652, 'Tywin Lannister', 25, 1, 5, 'Renown. Response : after you win a challenge in which Tywin Lannister participated, choose a card with the shadow crest that is currently in play. That card returns to Shadows.', NULL, NULL, NULL, 4, NULL, 'landing43.jpg'),
(653, 'Ser Jaime Lannister', 25, 1, 4, 'Deadly. Response : after you win a challenge in which Ser Jaime Lannister participated, choose and kneel a non-Army character.', NULL, NULL, NULL, 3, NULL, 'landing44.jpg'),
(654, 'Shae''s Manse', 25, 2, 1, 'Lannister only. Response : after a card comes out of Shadows, look at the top card of your deck. Then, place that card on the top of your deck or on the bottom of your deck.', NULL, NULL, NULL, NULL, NULL, 'landing45.jpg'),
(655, 'Eddard Stark', 25, 1, 4, 'Renown. If you have a Baratheon House card, reduce the gold penalty to play Eddard Stark by one. Response : cancel a triggered effect that chooses a noble character as the only target. Then, draw a card. (Limit once per phase.)', NULL, NULL, NULL, 3, NULL, 'landing41.jpg'),
(656, 'Tower of the Hand', 25, 2, 2, 'Stark only. If it is Winter, move one gold from the treasury to your gold pool each time a card comes out of Shadows.', NULL, NULL, NULL, NULL, NULL, 'landing42.jpg'),
(657, 'Dornish Paramour', 25, 1, 2, 'Response : after you win a challenge in which Dornish Paramour participated, discard it from play to draw two cards.', NULL, NULL, NULL, 2, NULL, 'landing55.jpg'),
(658, 'Robert Baratheon', 25, 1, 4, 'Renown. Any phase : stand Robert Baratheon. Use this ability only if there are no cards in Shadows.', NULL, NULL, NULL, 3, NULL, 'landing46.jpg'),
(659, 'Royal Entourage', 25, 1, 3, 'Baratheon only. Response : after you play a Lord or Lady character from your hand, put Royal Entourage into play from your hand or discard pile.', NULL, NULL, NULL, 3, NULL, 'landing47.jpg'),
(660, 'The Iron Throne', 25, 2, 1, 'Baratheon only. Response : after The Iron Throne comes out of Shadows, choose an opponent. If that opponent has more cards in hand than you, discard a card at random from that player''s hand. Response : after an opponent draws a card outside of the draw phase, The Iron Throne goes into Shadows.', NULL, NULL, NULL, NULL, NULL, 'landing49.jpg'),
(661, 'Jousting Steed', 25, 4, 2, 'Knight character only. Attached character gains Renown. Challenges : unattach Jousting Steed. Then, it becomes a STR 2 character with a military and a power icon and ''while Jousting Steed is attacking alone, no more than one character can be declared as a defender.'' At the end of the phase, return Jousting Steed to its owner''s hand if it is still in play.', NULL, NULL, NULL, NULL, NULL, 'landing48.jpg'),
(662, 'Seaside Urchin', 25, 1, 1, 'Response : after you win an intrigue challenge in which Seaside Urchin participated, discard the top card of the losing opponent''s deck. If that card is an attachment or an event card, Seaside Urchin claims one power.', NULL, NULL, NULL, 1, NULL, 'landing50.jpg'),
(663, 'Harbor Thug', 25, 1, 2, 'Response : after you win a military challenge in which Harbor Thug participated, discard the top card of the losing opponent''s deck. If that card is a character, Harbor Thug claims one power.', NULL, NULL, NULL, 2, NULL, 'landing51.jpg'),
(664, 'The Shadow of the Isles', 25, 5, 1, 'Greyjoy only. Response : after The Shadow of the Isles comes out of Shadows, each player must choose and discard one non-limited location from play that he or she controls. Then, if it is Winter, return The Shadow of the Isles to its owner''s hand.', NULL, NULL, NULL, NULL, NULL, 'landing52.jpg'),
(665, 'Merchant Spy', 25, 1, 1, 'Challenges : kneel Merchant Spy and move one gold from your gold pool to an opponent''s gold pool to look at that player''s hand. Then, you may give that opponent an additional one gold to choose and discard an attachment card from his or her hand.', NULL, NULL, NULL, 1, NULL, 'landing53.jpg'),
(666, 'Aegon''s Hill', 25, 2, 3, 'Challenges : kneel Aegon''s Hill to look at an opponent''s hand. You may choose one character card in that hand and place it in its owner''s dead pile.', NULL, NULL, NULL, NULL, NULL, 'landing54.jpg'),
(667, 'City of Secrets', 25, 6, NULL, 'When revealed, shuffle the top X cards of your discard pile back into your deck. X is the number of City plots in your used pile.', 4, NULL, 4, NULL, 1, 'landing60.jpg'),
(668, 'Jon Arryn', 25, 1, 4, 'Renown. Jon Arryn cannot be saved. Response : after Jon Arryn is killed, put a noble character into play from your hand or discard pile.', NULL, NULL, NULL, 4, NULL, 'landing57.jpg'),
(669, 'Ser Preston Greenfield', 25, 1, 3, 'No attachments except weapon. Response : after you win a challenge in which Ser Preston Greenfield participated as the defender, he claims one power.', NULL, NULL, NULL, 3, NULL, 'landing58.jpg'),
(670, 'By the Light of the Sun', 25, 5, NULL, 'Response : after you win an intrigue challenge, the losing opponent must choose and discard one card in Shadows that he or she controls.', NULL, NULL, NULL, NULL, NULL, 'landing56.jpg'),
(671, 'The Hand''s Judgement', 25, 5, NULL, 'Response : pay one gold to cancel the effects of an event card that has just been played.', NULL, NULL, NULL, NULL, NULL, 'landing59.jpg'),
(672, 'Fury of the Lion', 9, 6, NULL, 'Lannister only. After you win an intrigue challenge against an opponent with a Martell or a Stark House card, choose and kneel a character controlled by that opponent. Discard all attachments and power on that character.', 5, NULL, 7, NULL, 1, 'clash26.jpg'),
(673, 'Turncloak Mercenaries', 9, 1, 4, 'No attachments except siege. While Turncloak Mercenaries is attacking, players with revealed Military Battle or Power Struggle plot cards cannot declare defenders.', NULL, NULL, NULL, 4, NULL, 'clash32.jpg'),
(674, 'Toll Gate', 9, 2, 2, 'Challenges : kneel Toll Gate to choose a non-unique, participating character. Stand that character, and remove it from the challenge.', NULL, NULL, NULL, NULL, NULL, 'clash33.jpg'),
(675, 'Fury of the Wolf', 9, 6, NULL, 'Stark only. After you win a military challenge against an opponent with a Lannister or a Greyjoy House card, choose and kill a character controlled by that opponent.', 5, NULL, 7, NULL, 1, 'clash25.jpg'),
(676, 'Bear Island', 9, 2, 3, 'Stark only. Dominance : kneel Bear Island to choose and kill a non-Stark character without attachments. Use this ability only if every card you control has the Stark affiliation.', NULL, NULL, NULL, NULL, NULL, 'clash31.jpg'),
(677, 'Fury of the Sun', 9, 6, NULL, 'Martell only. After you win an intrigue challenge against an opponent with a Lannister or a Baratheon House card, choose a character controlled by that opponent, and return it to its owner''s hand.', 5, NULL, 7, NULL, 1, 'clash30.jpg'),
(678, 'Areo Hotah', 9, 1, 4, 'Challenges : kneel two influence to raise the Claim value on your revealed plot card by one until the end of the phase. Use this ability only if you have lost three or more challenges this phase.', NULL, NULL, NULL, 3, NULL, 'clash22.jpg'),
(679, 'Field Spikes', 9, 2, 2, 'Challenges : kneel Field Spikes to choose an attacking character with STR 2 or lower. Its controller chooses either to remove that character from the challenge, or to kill that character after the challenge resolves.', NULL, NULL, NULL, NULL, NULL, 'clash39.jpg'),
(680, 'Fury of the Stag', 9, 6, NULL, 'Baratheon only. After you win a power challenge against an opponent with a Targaryen or a Martell House card, choose a character controlled by that opponent. Take control of that character.', 5, NULL, 7, NULL, 1, 'clash27.jpg'),
(681, 'King''s Champion', 9, 1, 3, 'No attachments except weapon. While there is no other card named King''s Champion in play, it gains a power icon and cannot be discarded from play.', NULL, NULL, NULL, 3, NULL, 'clash34.jpg'),
(682, 'Fury of the Kraken', 9, 6, NULL, 'Greyjoy only. After you win a military challenge against an opponent with a Stark or a Targaryen House card, choose and discard from play a character controlled by that opponent.', 5, NULL, 7, NULL, 1, 'clash28.jpg'),
(683, 'Drowned Prophet', 9, 1, 3, 'Challenges : kneel eight influence and remove Drowned Prophet from the game (cannot be saved) to end the challenges phase.', NULL, NULL, NULL, 3, NULL, 'clash35.jpg'),
(684, 'Salt Wife', 9, 1, 1, 'Response : kneel two influence to save an Ironborn character from being killed. (Limit once per phase.)', NULL, NULL, NULL, 1, NULL, 'clash36.jpg'),
(685, 'Ten Towers', 9, 2, 5, 'Greyjoy only. While you control only Greyjoy characters and locations, you may play the top card of one opponent''s discard pile as though it were in your hand (limit once per round).', NULL, NULL, NULL, NULL, NULL, 'clash21.jpg'),
(686, 'Fury of the Dragon', 9, 6, NULL, 'Targaryen only. After you win a challenge against an opponent with a Baratheon or a Greyjoy House card, choose a character controlled by that opponent, and reduce its STR to zero until the end of the round.', 5, NULL, 7, NULL, 1, 'clash29.jpg'),
(687, 'Dragon Thief', 9, 1, 2, 'Targaryen only. Ambush. Response : after Dragon Thief comes into play, choose and discard a non-unique attachment from play.', NULL, NULL, NULL, 2, NULL, 'clash37.jpg'),
(688, 'Dragon Bite', 9, 4, 0, 'Attached character is killed any time it is participating in a challenge in which a Dragon character is participating.', NULL, NULL, NULL, NULL, NULL, 'clash38.jpg'),
(689, 'Bringers of Law', 9, 1, 3, 'Bringers of Law cannot be declared as an attacker. Response : after an opponent initiates a challenge against you, stand Bringers of Law.', NULL, NULL, NULL, 3, NULL, 'clash40.jpg'),
(690, 'Die for Your King !', 9, 5, NULL, 'Limited Response : after a character you control is killed, choose a King or Queen character in your dead or discard pile, and return that character to your hand. (Limit 1 Limited Response per round.)', NULL, NULL, NULL, NULL, NULL, 'clash23.jpg'),
(691, 'Questioned Claim', 9, 5, NULL, 'Any phase : each player that does not control a King or Queen character must choose a challenge type. Until the end of the phase, that player may only initiate challenges of that type.', NULL, NULL, NULL, NULL, NULL, 'clash24.jpg'),
(692, 'Lion Herald', 10, 1, 2, 'Response : after you play Lion Herald from your hand, search your deck for a Lannister character, reveal it, and shuffle your deck. Then, put the revealed card on top of your deck.', NULL, NULL, NULL, 2, NULL, 'clash52.jpg'),
(693, 'To Be a Lion', 10, 5, NULL, 'Lannister only. Play only if you have at least one Intrigue Gambit plot card in your used pile. Response : after you win an intrigue challenge, stand a Lannister character you control to choose and kneel a character without an intrigue icon.', NULL, NULL, NULL, NULL, NULL, 'clash45.jpg'),
(694, 'Feral Pack', 10, 1, 3, 'No attachments. While every character you control has the Stark affiliation, Feral Pack gains : ''All Direwolf characters gain deadly, and all non-Direwolf characters lose deadly.''', NULL, NULL, NULL, 3, NULL, 'clash41.jpg'),
(695, 'Wolf Herald', 10, 1, 2, 'Response : after you play Wolf Herald from your hand, search your deck for a Stark character, reveal it, and shuffle your deck. Then, put the revealed card on top of your deck.', NULL, NULL, NULL, 2, NULL, 'clash51.jpg'),
(696, 'To Be a Wolf', 10, 5, NULL, 'Stark only. Play only if you have at least one Military Battle plot card in your used pile. Challenges : stand a Stark character you control to have an opponent name a card type. Search your deck for a card of a different type, reveal it, and put it into your hand.', NULL, NULL, NULL, NULL, NULL, 'clash44.jpg'),
(697, 'Herald of the Sun', 10, 1, 2, 'Response : after you play Herald of the Sun from your hand, search your deck for a character, reveal it, and shuffle your deck. Then, put the revealed card on top of your deck.', NULL, NULL, NULL, 2, NULL, 'clash57.jpg'),
(698, 'To Be a Viper', 10, 5, NULL, 'Martell only. Play only if you have at least one Intrigue Gambit plot card in your used pile. Response : after you lose a challenge, stand a Martell character you control to choose a character. Until the end of the phase, that character loses a military, an intrigue, and a power icon.', NULL, NULL, NULL, NULL, NULL, 'clash50.jpg'),
(699, 'Fiery Followers', 10, 1, 4, 'Vigilant. No attachments except boon.', NULL, NULL, NULL, 2, NULL, 'clash53.jpg'),
(700, 'Herald of the Stag', 10, 1, 2, 'Response : after you play Herald of the Stag from your hand, search your deck for a Baratheon character, reveal it, and shuffle your deck. Then, put the revealed card on top of your deck.', NULL, NULL, NULL, 2, NULL, 'clash54.jpg'),
(701, 'To Be a Stag', 10, 5, NULL, 'Baratheon only. Play only if you have at least one Power Struggle plot card in your used pile. Challenges : stand a Baratheon character you control to return a Baratheon character with a lower printed STR from your discard pile to your hand.', NULL, NULL, NULL, NULL, NULL, 'clash46.jpg'),
(702, 'First Mate', 10, 1, 3, 'Limited Response : after you win a military or power challenge in which First Mate is participating, put a Warship location from your hand or discard pile into play. (Limit 1 Limited Response per round.)', NULL, NULL, NULL, 2, NULL, 'clash42.jpg'),
(703, 'Herald of the Sea', 10, 1, 2, 'Response : after you play Herald of the Sea from your hand, search your deck for a Greyjoy character, reveal it, and shuffle your deck. Then, put the revealed card on top of your deck.', NULL, NULL, NULL, 2, NULL, 'clash55.jpg'),
(704, 'To Be a Kraken', 10, 5, NULL, 'Greyjoy only. Play only if you have at least one Military Battle plot card in your used pile. Response : stand a Greyjoy character you control to cancel a triggered effect.', NULL, NULL, NULL, NULL, NULL, 'clash47.jpg'),
(705, 'Herald of the East', 10, 1, 2, 'Response : after you play Herald of the East from your hand, search your deck for a Targaryen character, reveal it, and shuffle your deck. Then, put the revealed card on top of your deck.', NULL, NULL, NULL, 2, NULL, 'clash56.jpg'),
(706, 'To Be a Dragon', 10, 5, NULL, 'Targaryen only. Play only if you have at least one Power Struggle plot card in your used pile. Challenges : stand a Targaryen character you control to put a Targaryen character with a printed cost of three or lower into play from your dead pile.', NULL, NULL, NULL, NULL, NULL, 'clash48.jpg'),
(707, 'Too Proud to Bow', 10, 5, NULL, 'Dominance : kneel X influence to discard all neutral characters from play. X is the number of neutral characters in play.', NULL, NULL, NULL, NULL, NULL, 'clash49.jpg'),
(708, 'Dragon Chaser', 10, 1, 4, 'Ambush. Intimidate.', NULL, NULL, NULL, 3, NULL, 'clash59.jpg'),
(709, 'Vendor of Venoms', 10, 1, 3, 'Infamy. Vengeful. Vendor of Venoms cannot be discarded from play while it has two or more power on it.', NULL, NULL, NULL, 3, NULL, 'clash60.jpg'),
(710, 'Jaqen H''ghar', 10, 1, 5, 'Any phase : discard one power from your house to give Jaqen H''ghar a keyword of your choice, until the end of the phase.', NULL, NULL, NULL, 3, NULL, 'clash43.jpg'),
(711, 'Royal Guard', 10, 1, 2, 'Stalwart. Vigilant.', NULL, NULL, NULL, 1, NULL, 'clash58.jpg'),
(712, 'Highgarden Cavaliers', 11, 1, 5, 'No attachments except siege.', NULL, NULL, NULL, 5, NULL, 'clash71.jpg'),
(713, 'Hornvale', 11, 2, 2, 'Lannister only. Response : after you win a challenge as the defender, choose and kneel a character controlled by the losing opponent. If you trigger this response during the epic phase, draw a card.', NULL, NULL, NULL, NULL, NULL, 'clash72.jpg'),
(714, 'The Battle of the Blackwater', 11, 5, NULL, 'Lannister only. Plot : after the dominance phase this round, there is an epic phase during which each player may initiate a single intrigue challenge with normal claim. The winner of each challenge may put into play an in-House character or location from his or her hand. (Place this card next to your plot deck until the end of this epic phase.)', NULL, NULL, NULL, NULL, NULL, 'clash66.jpg'),
(715, 'Dacey Mormont', 11, 1, 3, 'While there is at least one Military Battle plot card revealed, Dacey Mormont gains an intrigue icon and does not kneel to defend.', NULL, NULL, NULL, 3, NULL, 'clash61.jpg'),
(716, 'The Battle of the Whispering Wood', 11, 5, NULL, 'Stark only. Plot : after the dominance phase this round, there is an epic phase during which each player may initiate a single military challenge with normal claim. The winner of each challenge may choose and kill a character without a military icon controlled by the losing opponent. (Place this card next to your plot deck until the end of this epic phase.)', NULL, NULL, NULL, NULL, NULL, 'clash65.jpg'),
(717, 'The Bastard of Godsgrace', 11, 1, 1, 'Any phase : kneel The Bastard of Godsgrace to give a  character +2 STR until the end of the phase. If you trigger this effect during the epic phase, draw a card.', NULL, NULL, NULL, 2, NULL, 'clash64.jpg'),
(718, 'Norvos', 11, 2, 3, 'Martell only. No attachments. Response : after you lose an intrigue challenge as the defender, discard a card at random from the attacking player''s hand. (Discard two cards at random from the attacking player''s hand if you trigger this response during the epic phase.)', NULL, NULL, NULL, NULL, NULL, 'clash77.jpg'),
(719, 'The Viper''s Revenge', 11, 5, NULL, 'Martell only. Plot : after the dominance phase this round, there is an epic phase during which each player may initiate a single intrigue challenge with normal claim. The winner of each challenge may choose to have all players skip the standing phase this round. (Place this card next to your plot deck until the end of this epic phase).', NULL, NULL, NULL, NULL, NULL, 'clash70.jpg'),
(720, 'Salladhor Saan', 11, 1, 4, 'Stealth. At the end of the standing phase, the player who controls the most standing characters claims two power for his or her House.', NULL, NULL, NULL, 3, NULL, 'clash62.jpg'),
(721, 'Claw Isle', 11, 2, 2, 'Baratheon only. No attachments. Response : after you win a challenge, kneel Claw Isle to move one power from the losing opponent''s House card to yours. If you trigger this response during the epic phase, draw a card.', NULL, NULL, NULL, NULL, NULL, 'clash73.jpg'),
(722, 'The Battle at the Wall', 11, 5, NULL, 'Baratheon only. Plot : after the dominance phase this round, there is an epic phase during which each player may initiate a single power challenge with normal claim. The winner of each challenge may draw three cards. (Place this card next to your plot deck until the end of this epic phase).', NULL, NULL, NULL, NULL, NULL, 'clash67.jpg'),
(723, 'Besieged Shipyard', 11, 2, 2, 'Response : after you win a challenge, kneel Besieged Shipyard to discard one power from any player''s House card. If you trigger this response during the epic phase, draw a card.', NULL, NULL, NULL, NULL, NULL, 'clash74.jpg'),
(724, 'The Battle of Deepwood Motte', 11, 5, NULL, 'Greyjoy only. Plot : after the dominance phase this round, there is an epic phase during which each player may initiate a single military challenge with normal claim. The winner of each challenge may choose and discard from play a location controlled by the losing player. (Place this card next to your plot deck until the end of this epic phase).', NULL, NULL, NULL, NULL, NULL, 'clash68.jpg'),
(725, 'Stormcrows', 11, 1, 4, 'No attachments except siege. After you win a challenge in which Stormcrows is participating, shuffle all non-neutral characters in all discard piles back into their owner''s decks.', NULL, NULL, NULL, 4, NULL, 'clash75.jpg'),
(726, 'Arstan Whitebeard', 11, 1, 4, 'Targaryen only. If you control Ser Barristan Selmy, discard Arstan Whitebeard from play (cannot be saved). During the epic phase, Queen and Queensguard characters get +5 STR, and Arstan Whitebeard gains renown.', NULL, NULL, NULL, 4, NULL, 'clash63.jpg'),
(727, 'Pentos', 11, 2, 2, 'Targaryen only. No attachments. Response : discard a Targaryen attachment (cannot be saved) from a character you control to save that character from being killed or discarded from play. If you trigger this response during the epic phase, draw a card.', NULL, NULL, NULL, NULL, NULL, 'clash76.jpg'),
(728, 'The Battle of Astapor', 11, 5, NULL, 'Targaryen only. Plot : after the dominance phase this round, there is an epic phase during which each player may initiate a single challenge with normal claim. The winner of each challenge may choose and discard any number of attachments from play. (Place this card next to your plot deck until the end of this epic phase).', NULL, NULL, NULL, NULL, NULL, 'clash69.jpg'),
(729, 'The Gift', 11, 2, 0, 'Marshalling : kneel The Gift to reduce the cost of the next Night''s Watch character you play this phase by one. Then, if there is an Epic Battle card next to your plot deck, draw a card.', NULL, NULL, NULL, NULL, NULL, 'clash78.jpg'),
(730, 'The Land Beyond the Wall', 11, 2, 0, 'Marshalling : kneel The Land Beyond the Wall to reduce the cost of the next Wildling character you play this phase by one. Then, if there is an Epic Battle card next to your plot deck, draw a card.', NULL, NULL, NULL, NULL, NULL, 'clash79.jpg'),
(731, 'The Neck', 11, 2, 0, 'Marshalling : kneel The Neck to reduce the cost of the next Clansman or neutral Creature character you play this phase by one. Then, if there is an Epic Battle card next to your plot deck, draw a card.', NULL, NULL, NULL, NULL, NULL, 'clash80.jpg'),
(732, 'Castellan of the Rock', 12, 1, 3, 'Limited Response : after you play a Lannister character or location from your hand, choose and kneel a character without attachments. (Limit 1 Limited Response per round.)', NULL, NULL, NULL, 3, NULL, 'clash93.jpg'),
(733, 'Devious Intentions', 12, 4, 1, 'Attached character gains infamy, stealth, and an intrigue icon. Attached character gets +1 STR for each power on it.', NULL, NULL, NULL, NULL, NULL, 'clash94.jpg'),
(734, 'Old Nan', 12, 1, 2, 'Any Phase : kneel Old Nan to choose a character. Until the end of the phase, that character gains or loses a trait of your choice.', NULL, NULL, NULL, 2, NULL, 'clash81.jpg'),
(735, 'Without his beard', 40, 5, NULL, ' Lannister only. Response: After you win an intrigue challenge reveal up to 3 random cards from the losing opponent''s hand. You may discard those cards and replace them with an equal number of cards from the top of that player''s deck. ', NULL, NULL, NULL, NULL, NULL, 'oldtown44.jpg'),
(736, 'Midnight Sentry', 12, 1, 1, 'Stalwart. Characters with stalwart get +1 STR.', NULL, NULL, NULL, 1, NULL, 'clash91.jpg'),
(737, 'House Umber Berserkers', 12, 1, 4, 'No attachments except siege. When House Umber Berserkers comes into play, each player must choose a character he or she controls. Kill each chosen character.', NULL, NULL, NULL, 4, NULL, 'clash92.jpg'),
(738, 'Observation Point', 12, 2, 0, 'Any phase : discard Observation Point from play to look at an opponent''s hand, or at the top card of any deck.', NULL, NULL, NULL, NULL, NULL, 'clash99.jpg'),
(739, 'War Scorpion', 12, 4, 2, 'Limited Response : after you lose a challenge in which attached character is participating, discard War Scorpion from play to kill all participating characters. (Limit 1 Limited Response per round.)', NULL, NULL, NULL, NULL, NULL, 'clash100.jpg'),
(740, 'Mustering Yard', 12, 2, 3, 'Any phase : kneel Mustering Yard and kneel two influence to choose an Army or Bannerman card in your discard pile. Return that card to your hand.', NULL, NULL, NULL, NULL, NULL, 'clash96.jpg'),
(741, 'Hunting Spear', 12, 4, 2, 'While attached character is participating in a challenge, participating characters without Weapon attachments get -2 STR.', NULL, NULL, NULL, NULL, NULL, 'clash95.jpg'),
(742, 'Martial Law', 12, 4, 2, 'Attach to an opponent''s location. Kneel that location. Limited Response : after you win a  challenge by four or more total STR, kneel Martial Law to claim two power for your House. (Limit 1 Limited Response per round.)', NULL, NULL, NULL, NULL, NULL, 'clash97.jpg'),
(743, 'Rhaegar Targaryen', 12, 1, 4, 'Response : after Rhaegar Targaryen is killed, end the current round. Proceed to the next plot phase. Any player can trigger this response.', NULL, NULL, NULL, 5, NULL, 'clash82.jpg'),
(744, 'Disgruntled Mercenary', 12, 1, 0, 'Return Disgruntled Mercenary to its owner''s hand at the end of the first challenge initiated each round.', NULL, NULL, NULL, 1, NULL, 'clash98.jpg'),
(745, 'Scorched Earth', 12, 2, 3, 'No attachments. Non-Army characters do not count their STR during the first challenge initiated each round.', NULL, NULL, NULL, NULL, NULL, 'clash83.jpg'),
(746, 'Rhaegar''s Harp', 12, 4, 1, 'Attached character gains all Traits.', NULL, NULL, NULL, NULL, NULL, 'clash84.jpg'),
(747, 'Overzealous Scout', 12, 1, 3, '', NULL, NULL, 4, 3, NULL, 'clash85.jpg'),
(748, 'Herald of the King', 12, 1, 2, 'Response : discard Herald of the King from play to cancel a non-plot effect that would allow a player to search his or her deck.', NULL, NULL, NULL, 2, NULL, 'clash86.jpg'),
(749, 'Battle of Ruby Ford', 12, 5, NULL, 'Deathbound. Plot : after the dominance phase this round, there is an epic phase during which each player may initiate a single challenge with a claim value of two. (Place this card next to your plot deck until the end of this epic phase.)', NULL, NULL, NULL, NULL, NULL, 'clash87.jpg'),
(750, 'Desperate Tactics', 12, 5, NULL, 'Any phase : return an Army character you control to your hand to put an Army character with a lower printed STR into play from your hand. At the end of the phase, return that character to your hand if it is still in play.', NULL, NULL, NULL, NULL, NULL, 'clash88.jpg'),
(751, 'Lie for Your King !', 12, 5, NULL, 'Limited Response : after you reveal an Intrigue Gambit plot card, return an event card from your discard pile to your hand. (Limit 1 Limited Response per round.)', NULL, NULL, NULL, NULL, NULL, 'clash89.jpg'),
(752, 'Starve for Your King !', 12, 5, NULL, 'Limited Response : after you reveal a Power Struggle plot card, add four to your income during your next marshalling phase this round. (Limit 1 Limited Response per round.)', NULL, NULL, NULL, NULL, NULL, 'clash90.jpg'),
(753, 'Ser Lancel Lannister', 13, 1, 2, 'While Ser Lancel Lannister is attacking, characters with printed cost lower than the number of attacking  characters cannot be declared as defenders.', NULL, NULL, NULL, 2, NULL, 'clash103.jpg'),
(754, 'Practical Believer', 13, 1, 2, 'Response : after Practical Believer enters or leaves play, choose another holy character. Stand or kneel that character.', NULL, NULL, NULL, 2, NULL, 'clash113.jpg'),
(755, 'Compelled by the Rock', 13, 5, NULL, 'Lannister only. Choose an attachment attached to a card you control. Move that attachment to another card you control.', NULL, NULL, NULL, NULL, NULL, 'clash106.jpg'),
(756, 'Jory Cassel', 13, 1, 3, 'Marshalling : you may attach any Stark character from your hand to Jory Cassel as a duplicate if he has no other duplicates attached.', NULL, NULL, NULL, 3, NULL, 'clash101.jpg'),
(757, 'Banner for the North', 13, 1, 3, 'Response : after you win a military challenge, you may attach Banner for the North (from play or from your hand) to a Stark character as a Banner attachment with the text : ''Attached character gains stalwart.''', NULL, NULL, NULL, 3, NULL, 'clash111.jpg'),
(758, 'Gates of Winterfell', 13, 2, 3, 'No attachments. Marshalling : kneel Gates of Winterfell to reveal the top card of your deck. If that card is a Stark character, put it into play knelt. Otherwise, discard it.', NULL, NULL, NULL, NULL, NULL, 'clash102.jpg'),
(759, 'Compelled by the North', 13, 5, NULL, 'Stark only. Challenges : each defending character gets +2 STR until the end of the challenge. Then, stand all Stark characters with Banner attachments attached.', NULL, NULL, NULL, NULL, NULL, 'clash105.jpg'),
(760, 'Campfire Lights', 13, 4, 2, 'Attach to an opponent''s location. Kneel that location. Response : after you win a military challenge, kneel Campfire Lights to search your deck for a Bannerman character, reveal it, and put it into your hand. Then shuffle your deck.', NULL, NULL, NULL, NULL, NULL, 'clash112.jpg'),
(761, 'Banner for the South', 13, 1, 3, 'Response : after you win an intrigue challenge, you may attach Banner for the South (from play or from your hand) to a Martell character as a Banner attachment with the text : ''Attached character gains vengeful.''', NULL, NULL, NULL, 3, NULL, 'clash119.jpg'),
(762, 'Compelled by the Sun', 13, 5, NULL, 'Martell only. Challenges:  choose a character. Until the end of the phase, that character loses an icon of your choice. Then, stand all Martell characters with Banner attachments attached.', NULL, NULL, NULL, NULL, NULL, 'clash110.jpg'),
(763, 'Zealous Collector', 13, 1, 1, 'Dominance : kneel Zealous Collector to choose and discard from play up to two non-Banner attachments. Use this ability only if you control at least three Kingdom locations.', NULL, NULL, NULL, 1, NULL, 'clash115.jpg'),
(764, 'Banner for the Storm', 13, 1, 3, 'Response : after you win a power challenge, you may attach Banner for the Storm (from play or from your hand) to a Baratheon character as a Banner attachment with the text : ''Attached character gains vigilant.''', NULL, NULL, NULL, 3, NULL, 'clash114.jpg'),
(765, 'Compelled by the Crown', 13, 5, NULL, 'Baratheon only. Challenges : choose one participating character on each side during an intrigue or a power challenge. Remove all other characters from the challenge. Then, stand all Baratheon characters with Banner attachments attached.', NULL, NULL, NULL, NULL, NULL, 'clash107.jpg'),
(766, 'Banner for the Kraken', 13, 1, 3, 'Response : after you win a military challenge, you may attach Banner for the Kraken (from play or from your hand) to a Greyjoy character as a Banner attachment with the text : ''Attached character gains intimidate.''', NULL, NULL, NULL, 4, NULL, 'clash116.jpg'),
(767, 'Fishwhiskers', 13, 1, 1, 'Greyjoy only. If you do not control a Warship location, kneel Fishwhiskers.', NULL, NULL, NULL, 3, NULL, 'clash104.jpg'),
(768, 'Compelled by the Sea', 13, 5, NULL, 'Greyjoy only. Any phase : choose and stand a non-unique location. Then, stand all Greyjoy characters with Banner attachments attached.', NULL, NULL, NULL, NULL, NULL, 'clash108.jpg'),
(769, 'Ascetic Follower', 13, 1, 1, 'Dominance : kneel Ascetic Follower to choose a Banner attachment. Unattach it, and put it into play under your control if it is a character. Otherwise, discard it.', NULL, NULL, NULL, 1, NULL, 'clash117.jpg'),
(770, 'Banner for the Dragon', 13, 1, 2, 'Targaryen only. Response : after a character with ambush enters play, attach Banner for the Dragon to that character, if able. (Counts as a Banner attachment with the text : ''Any phase : discard Banner for the Dragon from play to return attached character to its owner''s hand''.', NULL, NULL, NULL, 2, NULL, 'clash118.jpg'),
(771, 'Compelled by the Queen', 13, 5, NULL, 'Targaryen only. Any phase : choose and stand or kneel an attachment. Then, stand all Targaryen characters with Banner attachments attached.', NULL, NULL, NULL, NULL, NULL, 'clash109.jpg'),
(772, 'For Family and Honor', 13, 5, NULL, 'Challenges : until the end of the phase, characters you control with at least one Banner attachment gain renown and do not kneel to attack or defend.', NULL, NULL, NULL, NULL, NULL, 'clash120.jpg'),
(773, 'Hear Me Roar', 1, 6, NULL, 'Lannister only. Characters without an intrigue icon get -1 STR.', 5, NULL, 3, NULL, 1, 'coreset184.jpg'),
(774, 'Raff the Sweetling', 1, 1, 2, 'Any Phase : pay one gold to look at the top card of an opponent''s deck. Then put that card either on the top or bottom of his or her deck.', NULL, NULL, NULL, 2, NULL, 'coreset55.jpg'),
(775, 'Ser Jacelyn Bywater', 1, 1, 3, 'Immune to character abilities. Response : after Ser Jacelyn Bywater is killed, each opponent must choose and discard a card at random from his or her hand, if able.', NULL, NULL, NULL, 3, NULL, 'coreset56.jpg'),
(776, 'Enemy Informer', 1, 1, 3, 'Response : after you play Enemy Informer from your hand, choose and kneel a character.', NULL, NULL, NULL, 2, NULL, 'coreset57.jpg'),
(777, 'Qyburn''s Informers', 1, 1, 4, 'Stealth. Response : after you win an intrigue challenge in which Qyburn''s Informers participated, draw two cards.', NULL, NULL, NULL, 2, NULL, 'coreset58.jpg'),
(778, 'Cersei''s Attendant', 1, 1, 1, 'Response : After Cersei Lannister or Cersei''s Attendant is killed, choose and kneel a character.', NULL, NULL, NULL, 1, NULL, 'coreset59.jpg'),
(779, 'Lurkers at Harrenhal', 1, 1, 6, 'Stealth. Deadly. No attachments.', NULL, NULL, NULL, 6, NULL, 'coreset60.jpg'),
(780, 'Lannisport Steward', 1, 1, 2, '', 2, NULL, NULL, 2, NULL, 'coreset61.jpg'),
(781, 'Lannisport Weaponsmith', 1, 1, 1, '', 1, NULL, NULL, 1, NULL, 'coreset62.jpg'),
(782, 'Lannisport Honor Guard', 1, 1, 4, 'Lannister only. No attachments. Challenges : you may put Lannisport Honor Guard into play from your hand, under the control of any opponent. After that opponent wins a challenge in which Lannisport Honor Guard participated, take control of Lannisport Honor Guard.', NULL, NULL, NULL, 4, NULL, 'coreset63.jpg'),
(783, 'Joffrey Baratheon', 1, 1, 3, 'Response : after a Lord or Lady character is killed, Joffrey Baratheon claims one power. (Limit 3 times per round.)', NULL, NULL, NULL, 2, NULL, 'coreset45.jpg'),
(784, 'Ser Jaime Lannister', 1, 1, 4, 'Infamy. Deadly. Ser Jaime Lannister does not kneel to attack or defend during a military challenge.', NULL, NULL, NULL, 3, NULL, 'coreset46.jpg'),
(785, 'Tyrion Lannister', 1, 1, 4, 'Stealth. Response : After you win an intrigue challenge or a challenge in which Tyrion Lannister participated, pay one gold to draw a card.', NULL, NULL, NULL, 3, NULL, 'coreset47.jpg'),
(786, 'Cersei Lannister', 1, 1, 3, 'Dominance : kneel Cersei Lannister and pay two gold to choose a character. Kneel that character if it is standing. That character does not stand during the standing phase this round.', NULL, NULL, NULL, 3, NULL, 'coreset48.jpg'),
(787, 'Tywin Lannister', 1, 1, 5, 'At the beginning of the marshalling phase, take two gold from the treasury and place it on Tywin Lannister. You may spend gold tokens on Tywin Lannister as if they are in your gold pool.', NULL, NULL, NULL, 4, NULL, 'coreset49.jpg'),
(788, 'Ser Ilyn Payne', 1, 1, 4, 'Marshalling : kneel Ser Ilyn Payne to choose and kill a character with STR 2 or lower.', NULL, NULL, NULL, 2, NULL, 'coreset50.jpg'),
(789, 'The Hound', 1, 1, 2, 'If The Hound is killed, place him in your discard pile instead of your dead pile. At the beginning of the dominance phase, discard the top card from your deck or discard the Hound from play (cannot be saved).', NULL, NULL, NULL, 4, NULL, 'coreset51.jpg'),
(790, 'Chella, Daughter of Cheyk', 1, 1, 3, 'Stealth. Response : after you win a challenge in which at least one Clansman character participated, pay X gold to choose and return a location to its owner''s hand, where X is the printed gold cost of that location.', NULL, NULL, NULL, 3, NULL, 'coreset52.jpg'),
(791, 'Bronn', 1, 1, 3, 'Deadly. No attachments. Any Phase : pay two gold to choose a character. Until the end of the phase, if that character would be killed and Bronn is kneeling, stand Bronn instead of killing that character.', NULL, NULL, NULL, 3, NULL, 'coreset53.jpg'),
(792, 'Grand Maester Pycelle', 1, 1, 3, 'Response : after an opponent''s effect reveals one or more cards, reveal the top card of your deck and put it into your hand (limit 3 per phase).', NULL, NULL, NULL, 2, NULL, 'coreset54.jpg'),
(793, 'Lannisport', 1, 2, 2, 'Response : after you win an intrigue challenge, pay one gold to claim one power for your House (limit once per challenge).', NULL, NULL, NULL, NULL, NULL, 'coreset64.jpg'),
(794, 'Lannisport Brothel', 1, 2, 2, 'Response : after a knelt character stands during the standing phase, kneel Lannisport Brothel to kneel that character.', NULL, NULL, NULL, NULL, NULL, 'coreset65.jpg'),
(795, 'Golden Tooth Mines', 1, 2, 2, 'Each time you reveal a plot card, draw a card.', NULL, NULL, NULL, NULL, NULL, 'coreset66.jpg'),
(796, 'Western Fiefdoms', 1, 2, 1, 'Limited. Marshalling : kneel Western Fiefdoms to lower the cost of the next Lannister card you play this phase by one.', NULL, 1, NULL, NULL, NULL, 'coreset67.jpg'),
(797, 'Queen Cersei''s Chambers', 1, 2, 1, 'You may choose to play Queen Cersei''s Chambers as an attachment to your House card.', 1, 1, NULL, NULL, NULL, 'coreset68.jpg'),
(798, 'The Goldroad', 1, 2, 0, 'Limited.', 1, NULL, NULL, NULL, NULL, 'coreset69.jpg'),
(799, 'Hall of Heroes', 1, 2, 2, 'Limited. Marshalling : kneel to lower the cost of the next Lannister character you play this phase by two.', NULL, NULL, NULL, NULL, NULL, 'coreset70.jpg'),
(800, 'I Never Bet Against My Family', 1, 5, NULL, 'Challenges : pay X gold and kneel a Lannister character to lower an opponent''s claim by X (to a minimum of zero) for the duration of the challenge.', NULL, NULL, NULL, NULL, NULL, 'coreset154.jpg'),
(801, 'The Lion''s Will', 1, 5, NULL, 'Lannister only. Any Phase : pay two gold to choose a character. Kneel that character.', NULL, NULL, NULL, NULL, NULL, 'coreset155.jpg'),
(802, 'Insidious Ways', 1, 5, NULL, 'Challenges : choose an attacking  character. Until the end of the phase, that character gets +2 STR. If you win the challenge, draw two cards.', NULL, NULL, NULL, NULL, NULL, 'coreset156.jpg'),
(803, 'Call Their Bluff', 1, 5, NULL, 'Lannister only. Dominance : pay two gold to name a card. Each opponent then reveals his or her hand and discards all cards with that name.', NULL, NULL, NULL, NULL, NULL, 'coreset157.jpg'),
(804, 'I''m You Writ Small', 1, 5, NULL, 'Lannister only. Challenges : choose a character. Until the end of the phase, that character gains deadly. Then, attach I''m You Writ Small to a Lannister character (counts as a Boon attachment with the text ''attached character gets +2 STR'').', NULL, NULL, NULL, NULL, NULL, 'coreset158.jpg'),
(805, 'A Lannister Pays His Debts', 1, 5, NULL, 'Response : after you lose a challenge, kneel one of your Lannister characters to choose and kill a participating character controlled by the winning opponent.', NULL, NULL, NULL, NULL, NULL, 'coreset159.jpg'),
(806, 'You''ve Killed the Wrong Dwarf !', 1, 5, NULL, 'Lannister only. Any phase : choose and kneel a non-noble character. Then, that character claims one power.', NULL, NULL, NULL, NULL, NULL, 'coreset160.jpg'),
(807, 'Gutter Rat''s Cunning', 1, 4, 1, 'Attached character gets +2 STR and gains stealth.', NULL, NULL, NULL, NULL, NULL, 'coreset43.jpg'),
(808, 'Gilded Plate', 1, 4, 0, 'Response : pay one gold and discard Gilded Plate from play (cannot be saved) to save attached character from being killed or discarded.', NULL, NULL, NULL, NULL, NULL, 'coreset44.jpg'),
(809, 'Shaggydog', 1, 1, 1, 'Deadly. No attachments. While you control at least one Stark Lord character, Shaggydog gets +3 STR and is immune to events.', NULL, NULL, NULL, 1, NULL, 'coreset23.jpg'),
(810, 'Hodor', 1, 1, 1, 'Deadly. No attachments. Hodor cannot be declared as an attacker. Hodor cannot be bypassed with stealth.', NULL, NULL, NULL, 4, NULL, 'coreset24.jpg'),
(811, 'Bran Stark', 1, 1, 2, 'Plot : kneel Bran Stark to choose and reveal a new plot card.', NULL, NULL, NULL, 1, NULL, 'coreset25.jpg'),
(812, 'Grey Wind', 1, 1, 4, 'Deadly. No attachments. If Robb Stark is in play, lower the cost to play Grey Wind by two.', NULL, NULL, NULL, 4, NULL, 'coreset26.jpg'),
(813, 'Lady', 1, 1, 2, 'No attachments. Sansa Stark gets +1 STR and gains renown. If Sansa Stark is in play, lower the cost to play Lady by two.', NULL, NULL, NULL, 2, NULL, 'coreset27.jpg'),
(814, 'War Host of the North', 1, 1, 7, 'No attachments.', NULL, NULL, NULL, 11, NULL, 'coreset28.jpg'),
(815, 'Winterfell Honor Guard', 1, 1, 4, 'Stark only. No attachments. Challenges : you may put Winterfell Honor Guard into play from your hand, under the control of any opponent. After that opponent wins a challenge in which Winterfell Honor Guard participated, take control of Winterfell Honor Guard.', NULL, NULL, NULL, 4, NULL, 'coreset29.jpg'),
(816, 'Knight of the Tumblestone', 1, 1, 2, '', NULL, NULL, NULL, 2, NULL, 'coreset30.jpg'),
(817, 'Direwolf Pup', 1, 1, 1, 'Stark only. No attachments.', NULL, NULL, NULL, 2, NULL, 'coreset31.jpg'),
(818, 'Kennel Master', 1, 1, 2, 'Kennel Master gets +1 STR for each Direwolf in play. While you control three or more Direwolf cards, Kennel Master gains : ''Response : save Kennel Master from being killed or discarded, and return him to his owner''s hand.''', NULL, NULL, NULL, 2, NULL, 'coreset32.jpg'),
(819, 'House Tully Recruiter', 1, 1, 1, 'Marshalling : kneel to lower the cost of the next Stark character you play this phase by one.', NULL, NULL, NULL, 1, NULL, 'coreset33.jpg'),
(820, 'Trident Reinforcements', 1, 1, 3, 'Dominance : return Trident Reinforcements from your dead pile to your hand. Use this ability if there are at least three characters in your dead pile.', NULL, NULL, NULL, 3, NULL, 'coreset34.jpg'),
(821, 'Ser Rodrik Cassel', 1, 1, 3, 'Ser Rodrik Cassel does not kneel to defend. Ser Rodrik Cassel gets +2 STR while defending.', NULL, NULL, NULL, 2, NULL, 'coreset16.jpg'),
(822, 'Eddard Stark', 1, 1, 4, 'Stalwart. Renown. Deadly. Eddard Stark claims one power when he comes into play.', NULL, NULL, NULL, 3, NULL, 'coreset17.jpg'),
(823, 'Catelyn Stark', 1, 1, 3, 'Response : after Catelyn Stark is declared as a defender, choose a participating character. For the duration of the challenge, that character does not count its STR.', NULL, NULL, NULL, 3, NULL, 'coreset18.jpg'),
(824, 'Arya Stark', 1, 1, 2, 'Any phase : kneel one influence to choose a character with stealth or renown. Until the end of the phase, that character loses those keywords, and Arya Stark gains any keyword that was lost in this way.', NULL, NULL, NULL, 2, NULL, 'coreset19.jpg'),
(825, 'Robb Stark', 1, 1, 4, 'Response : after you win a  challenge in which Robb Stark participates, choose and kill a character controlled by the losing player.', NULL, NULL, NULL, 2, NULL, 'coreset20.jpg'),
(826, 'Sansa Stark', 1, 1, 2, 'Stark only. Response : after a player plays an attachment on Sansa Stark, that player may draw a card.', NULL, NULL, NULL, 2, NULL, 'coreset21.jpg'),
(827, 'Greatjon Umber', 1, 1, 4, 'Challenges : kneel Greatjon Umber to have him participate in the current military or power challenge as either the attacker or as the defender.', NULL, NULL, NULL, 3, NULL, 'coreset22.jpg'),
(828, 'Winterfell Kennels', 1, 2, 2, 'Any Phase : kneel Winterfell Kennels and pay one gold to search your deck for a Direwolf card, reveal that card to all players, and put it into your hand. Then shuffle your deck.', NULL, NULL, NULL, NULL, NULL, 'coreset36.jpg'),
(829, 'Winterfell Castle', 1, 2, 3, 'No attachments. Each of your Stark characters gets +1 STR.', NULL, NULL, NULL, NULL, NULL, 'coreset37.jpg');
INSERT INTO `carte_carte` (`CarteID`, `Nom`, `Extension`, `Type`, `Cout`, `Texte`, `Gold`, `Influence`, `Initiative`, `Force`, `Prise`, `Image`) VALUES
(830, 'Lord Eddard''s Chambers', 1, 2, 1, 'You may choose to play Lord Eddard''s Chambers as an attachment to your House card.', 1, 1, NULL, NULL, NULL, 'coreset39.jpg'),
(831, 'Great Keep', 1, 2, 0, 'Limited.', 1, NULL, NULL, NULL, NULL, 'coreset40.jpg'),
(832, 'Godswood', 1, 2, 2, 'Limited. Marshalling : kneel Godswood to lower the cost of the next Stark character you play this phase by two.', NULL, NULL, NULL, NULL, NULL, 'coreset41.jpg'),
(833, 'Lethal Counterattack', 1, 5, NULL, 'Challenges : during a military challenge, kneel two of your Stark characters to kill all attacking characters. Limit 1 per challenge.', NULL, NULL, NULL, NULL, NULL, 'coreset151.jpg'),
(834, 'Bran the Builder''s Legacy', 1, 5, NULL, 'Stark only. Dominance : pay three gold to search your deck for a location card with printed cost two or lower, and put that card into play. Then shuffle your deck.', NULL, NULL, NULL, NULL, NULL, 'coreset152.jpg'),
(835, 'Guilty !', 1, 5, NULL, 'Stark only. Dominance : kneel three influence or kneel a noble character to choose and kill a non-Stark character.', NULL, NULL, NULL, NULL, NULL, 'coreset153.jpg'),
(836, 'Winter is Coming', 1, 5, NULL, 'Challenges : raise the claim value on each player''s revealed plot card by one for the duration of the challenge. Limit 1 per round.', NULL, NULL, NULL, NULL, NULL, 'coreset149.jpg'),
(837, 'Kings in the North', 1, 5, NULL, 'Response : play after you win dominance. Kneel two of your  characters to have them claim one power each.', NULL, NULL, NULL, NULL, NULL, 'coreset150.jpg'),
(838, 'Ice', 1, 4, 2, 'Stark character only. Challenges : while attached character is participating in a challenge, kneel and discard Ice from play (cannot be saved) to choose and kill another participating character.', NULL, NULL, NULL, NULL, NULL, 'coreset13.jpg'),
(839, 'Nymeria', 1, 4, 2, 'Stark character only. Response : kneel Nymeria to save attached character from being killed. If attached character is Arya Stark, she also gets +1 STR and gains stealth.', NULL, NULL, NULL, NULL, NULL, 'coreset14.jpg'),
(840, 'Summer', 1, 4, 1, 'Stark character only. Attached character gets +2 STR and gains a military icon. If attached character is Bran Stark, he gains stealth.', NULL, NULL, NULL, NULL, NULL, 'coreset15.jpg'),
(841, 'Knight of the Rainwood', 1, 1, 2, 'No attachments except weapon. Knight of the Rainwood cannot be discarded from play.', NULL, NULL, NULL, 2, NULL, 'coreset87.jpg'),
(842, 'Stannis''s Northern Cavalry', 1, 1, 4, 'Deadly. No attachments. Stannis''s Northern Cavalry cannot be killed or discarded from play during a phase in which its STR has been raised or lowered.', NULL, NULL, NULL, 3, NULL, 'coreset88.jpg'),
(843, 'Highgarden Honor Guard', 1, 1, 4, 'Baratheon only. No attachments. Challenges : you may put Highgarden Honor Guard into play from your hand, under the control of any opponent. After that opponent wins a challenge in which Highgarden Honor Guard participated, take control of Highgarden Honor Guard.', NULL, NULL, NULL, 4, NULL, 'coreset89.jpg'),
(844, 'Old Red Priest', 1, 1, 1, 'After Old Red Priest is killed, choose and kneel a standing location you control, if able.', NULL, NULL, NULL, 1, NULL, 'coreset90.jpg'),
(845, 'Army of the Faithful', 1, 1, 6, 'Renown. No attachments. Lower the cost to play Army of the Faithful by one for each Asshai character you control.', NULL, NULL, NULL, 6, NULL, 'coreset91.jpg'),
(846, 'Renly''s Courtier', 1, 1, 2, 'Any Phase : kneel Renly''s Courtier to choose a non-unique character. Until the end of the phase, treat that character as though its printed text box were blank (except for traits).', NULL, NULL, NULL, 1, NULL, 'coreset92.jpg'),
(847, 'Bastard of Robert', 1, 1, 1, 'Stealth. No attachments.', NULL, NULL, NULL, 1, NULL, 'coreset93.jpg'),
(848, 'House Tyrell Guard', 1, 1, 2, 'Response : after one of your Baratheon characters is killed, put House Tyrell Guard into play from your hand.', NULL, NULL, NULL, 1, NULL, 'coreset94.jpg'),
(849, 'Host of Storm''s End', 1, 1, 5, 'No attachments.', NULL, NULL, NULL, 6, NULL, 'coreset95.jpg'),
(850, 'Selyse Baratheon', 1, 1, 2, 'Challenges : kneel one influence to choose a unique character. Until the end of the phase, that character gains an  icon.', NULL, NULL, NULL, 2, NULL, 'coreset76.jpg'),
(851, 'Robert Baratheon', 1, 1, 4, 'Renown. When Robert Baratheon claims power for renown, he claims an additional power.', NULL, NULL, NULL, 3, NULL, 'coreset77.jpg'),
(852, 'Stannis Baratheon', 1, 1, 4, 'Renown. While Stannis Baratheon is attacking and the defending player controls no Lord characters, that player cannot declare defenders.', NULL, NULL, NULL, 3, NULL, 'coreset78.jpg'),
(853, 'Renly Baratheon', 1, 1, 3, 'Immune to opponent''s character abilities. Any Phase : kneel one influence to stand Renly Baratheon.', NULL, NULL, NULL, 2, NULL, 'coreset79.jpg'),
(854, 'Melisandre', 1, 1, 4, 'Renown. While Melisandre is standing, Asshai characters get +1 STR. Power on opponents'' characters does not count towards their total power.', NULL, NULL, NULL, 3, NULL, 'coreset80.jpg'),
(855, 'Ser Davos Seaworth', 1, 1, 3, 'Response : save Ser Davos Seaworth from being killed, then pay one gold or return him to his owner''s hand.', NULL, NULL, NULL, 3, NULL, 'coreset81.jpg'),
(856, 'Brienne of Tarth', 1, 1, 3, 'Renown. Immune to opponent''s character abilities.', NULL, NULL, NULL, 3, NULL, 'coreset82.jpg'),
(857, 'Maester Cressen', 1, 1, 2, 'Marshalling : kneel Maester Cressen to choose and discard a Condition attachment from play.', NULL, NULL, NULL, 2, NULL, 'coreset83.jpg'),
(858, 'Ser Axell Florent', 1, 1, 3, 'Response : after you win a power challenge by four or more total STR, stand Ser Axel Florent.', NULL, NULL, NULL, 3, NULL, 'coreset84.jpg'),
(859, 'Edric Storm', 1, 1, 2, 'Stealth. Limited Response : after you win a power challenge as the attacker by four or more total STR, discard Edric Storm from play (cannot be saved) to initiate an additional power challenge this phase. (Limit 1 Limited Response per round.)', NULL, NULL, NULL, 2, NULL, 'coreset85.jpg'),
(860, 'Devan Seaworth', 1, 1, 2, 'While any character you control has one or more power, Devan Seaworth gains stealth.', NULL, NULL, NULL, 2, NULL, 'coreset86.jpg'),
(861, 'Dragonstone Port', 1, 2, 2, 'Players may take actions after plot cards are chosen as part of the plot phase, but before they are revealed. Plot : after plot cards are chosen but before they are revealed, name a plot card. For each opponent that reveals the named plot card this phase, claim one power for your House.', NULL, NULL, NULL, NULL, NULL, 'coreset96.jpg'),
(862, 'Stormlands Fiefdoms', 1, 2, 1, 'Limited. Marshalling : kneel Stormlands Fiefdoms to lower the cost of the next Baratheon card you play this phase by one.', NULL, 1, NULL, NULL, NULL, 'coreset97.jpg'),
(863, 'King Robert''s Chambers', 1, 2, 1, 'You may choose to play King Robert''s Chambers as an attachment to your House card.', 1, 1, NULL, NULL, NULL, 'coreset98.jpg'),
(864, 'Great Hall', 1, 2, 2, 'Limited. Marshalling : kneel Great Hall to lower the cost of the next Baratheon character you play this phase by two.', NULL, NULL, NULL, NULL, NULL, 'coreset100.jpg'),
(865, 'Aegon''s Garden', 1, 2, 0, 'Limited.', 1, NULL, NULL, NULL, NULL, 'coreset99.jpg'),
(866, 'Prosperity and Plenty', 1, 5, NULL, 'Baratheon only. Any Phase : pay one gold to take an attachment from your discard pile and attach it to a character you control. If the attachment cannot be legally attached, it is discarded.', NULL, NULL, NULL, NULL, NULL, 'coreset162.jpg'),
(867, 'Lords of the Narrow Sea', 1, 5, NULL, 'Baratheon only. Any Phase : kneel three influence or kneel a noble character to force an opponent to reveal a new plot card. If the newly revealed plot card has a lower income than yours, claim one power for your House.', NULL, NULL, NULL, NULL, NULL, 'coreset163.jpg'),
(868, 'Shadow''s Blessing', 1, 4, 1, 'Attached character gets +2 STR while it has a power icon. Attached character gets -2 STR while it does not have a power icon.', NULL, NULL, NULL, NULL, NULL, 'coreset72.jpg'),
(869, 'Motley', 1, 4, 0, 'Attach to an opponent''s character. Attached character''s controller must give you one gold token from his or her gold pool each time he or she wishes to declare attached character as an attacker or defender, or trigger attached character''s ability.', NULL, NULL, NULL, NULL, NULL, 'coreset73.jpg'),
(870, 'Lightbringer', 1, 4, 2, 'Vigilant. Baratheon character only. Response : kneel Lightbringer to save attached character from being killed.', NULL, NULL, NULL, NULL, NULL, 'coreset74.jpg'),
(871, 'Stinking Drunk', 1, 4, 1, 'Attached character gets -4 STR while participating in a challenge.', NULL, NULL, NULL, NULL, NULL, 'coreset75.jpg'),
(872, 'Mad King''s Legacy', 1, 6, NULL, 'Targaryen only. When revealed, choose and discard an attachment from play, if able.', 4, NULL, 3, NULL, 1, 'coreset197.jpg'),
(873, 'Dothraki Honor Guard', 1, 1, 4, 'Targaryen only. No attachments. Challenges : you may put Dothraki Honor Guard into play from your hand, under the control of any opponent. After that opponent wins a challenge in which Dothraki Honor Guard participated, take control of Dothraki Honor Guard.', NULL, NULL, NULL, 4, NULL, 'coreset119.jpg'),
(874, 'The Titan''s Bastard', 1, 1, 3, 'House Targaryen only. Response : after a card is placed in your dead pile, put The Titan''s Bastard into play from your hand. Response : after a card is placed in an opponent''s dead pile, return The Titan''s Bastard to its owner''s hand.', NULL, NULL, NULL, 2, NULL, 'coreset120.jpg'),
(875, 'Dany''s Handmaiden', 1, 1, 2, 'Response : after Daenerys Targaryen or Dany''s Handmaiden is killed, choose and discard an attachment from play.', NULL, NULL, NULL, 2, NULL, 'coreset121.jpg'),
(876, 'Warlock''s Servitors', 1, 1, 4, 'Deadly. Immune to character abilities.', NULL, NULL, NULL, 3, NULL, 'coreset122.jpg'),
(877, 'Qartheen Fanatic', 1, 1, 2, 'Qartheen Fanatic gets +1 STR and a military icon while there is a Dragon character in play.', NULL, NULL, NULL, 2, NULL, 'coreset123.jpg'),
(878, 'Pentoshi Guildmaster', 1, 1, 3, 'Response : after you win a challenge by four or more total STR, return Pentoshi Guildmaster from your discard pile to your hand. Then, you may pay three gold to put Pentoshi Guildmaster into play from your hand.', NULL, NULL, NULL, 2, NULL, 'coreset124.jpg'),
(879, 'Illyrio''s Man', 1, 1, 1, 'Marshalling : kneel Illyrio''s Man to lower the cost of the next Targaryen character you play this phase by one.', NULL, NULL, NULL, 1, NULL, 'coreset125.jpg'),
(880, 'Captain Groleo', 1, 1, 3, 'Response : after an opponent plays or reveals an attachment, claim one power for your House. (Limit 1 per phase.)', NULL, NULL, NULL, 3, NULL, 'coreset106.jpg'),
(881, 'Daenerys Targaryen', 1, 1, 3, 'Renown. If you win a challenge in which Daenerys Targaryen attacked alone, move all gold tokens from the losing opponent''s gold pool to your gold pool.', NULL, NULL, NULL, 3, NULL, 'coreset107.jpg'),
(882, 'Khal Drogo', 1, 1, 4, 'Targaryen only. Stealth. Response : after you win a challenge, put Khal Drogo into play from your hand. At the end of the phase, return Khal Drogo to his owner''s hand.', NULL, NULL, NULL, 3, NULL, 'coreset108.jpg'),
(883, 'Viserys Targaryen', 1, 1, 1, 'Response : save Viserys Targaryen from being killed or discarded from play, then return him to his owner''s hand.', NULL, NULL, NULL, 1, NULL, 'coreset109.jpg'),
(884, 'Rhaegal', 1, 1, 4, 'Stealth. No attachments. Any Phase : pay one gold to search your deck for a duplicate of Rhaegal and attach it to him. Then shuffle your deck.', NULL, NULL, NULL, 4, NULL, 'coreset110.jpg'),
(885, 'Drogon', 1, 1, 4, 'Stealth. No attachments. Any Phase : pay two gold to choose a character. Until the end of the phase, that character gets -1 STR and is killed if its STR is zero. (Limit once per phase.)', NULL, NULL, NULL, 4, NULL, 'coreset111.jpg'),
(886, 'Viserion', 1, 1, 4, 'Stealth. No attachments. Dominance : pay four gold to choose and kill a kneeling character. (Limit once per phase.)', NULL, NULL, NULL, 4, NULL, 'coreset112.jpg'),
(887, 'Strong Belwas', 1, 1, 3, 'Response : pay two gold to save a noble character from being killed.', NULL, NULL, NULL, 3, NULL, 'coreset113.jpg'),
(888, 'Daario Naharis', 1, 1, 3, 'Deadly. At the beginning of the dominance phase, discard one gold from any player''s gold pool or discard Daario Naharis from play.', NULL, NULL, NULL, 3, NULL, 'coreset114.jpg'),
(889, 'Quaithe of the Shadow', 1, 1, 2, 'Opponents may not choose Quaithe of the Shadow as the target of an event card or character ability while she has at least one attachment.', NULL, NULL, NULL, 2, NULL, 'coreset115.jpg'),
(890, 'Xaro Xoan Daxos', 1, 1, 3, 'After you play Xaro Xoan Daxos from your hand, choose and return a character you control to its owner''s hand.', NULL, NULL, NULL, 3, NULL, 'coreset116.jpg'),
(891, 'Jhogo', 1, 1, 3, 'Stealth. While Jhogo has a Weapon attachment, he gets +2 STR.', NULL, NULL, NULL, 3, NULL, 'coreset117.jpg'),
(892, 'Brown Ben Plumm', 1, 1, 0, '', NULL, NULL, NULL, 2, NULL, 'coreset118.jpg'),
(893, 'Xaro''s Home', 1, 2, 0, 'Response : after you play an attachment from your hand, kneel one influence to draw a card.', NULL, NULL, NULL, NULL, NULL, 'coreset126.jpg'),
(894, 'Eastern Fiefdoms', 1, 2, 1, 'Limited. Marshalling : kneel Eastern Fiefdoms to lower the cost of the next Targaryen card you play this phase by one.', NULL, 1, NULL, NULL, NULL, 'coreset127.jpg'),
(895, 'Khal Drogo''s Tent', 1, 2, 1, 'You may choose to play Khal Drogo''s Tent as an attachment to your House card.', 1, 1, NULL, NULL, NULL, 'coreset128.jpg'),
(896, 'Temple of the Graces', 1, 2, 0, 'Limited.', 1, NULL, NULL, NULL, NULL, 'coreset129.jpg'),
(897, 'Great Pyramid', 1, 2, 2, 'Limited. Marshalling : kneel Great Pyramid to lower the cost of the next Targaryen character you play this phase by two.', NULL, NULL, NULL, NULL, NULL, 'coreset130.jpg'),
(898, 'Lady Daenerys''s Chambers', 1, 2, 2, 'Response : after you play a Targaryen character, return an attachment with printed cost equal to or lower than that character from your discard pile to your hand.', NULL, NULL, NULL, NULL, NULL, 'coreset172.jpg'),
(899, 'Dance With Dragons', 1, 5, NULL, 'Any Phase : kneel one influence to search your deck for a Dragon card, reveal it to all players, and put it into your hand. Then shuffle your deck.', NULL, NULL, NULL, NULL, NULL, 'coreset166.jpg'),
(900, 'Forever Burning', 1, 5, NULL, 'Targaryen only. Deathbound. Any Phase : choose a character. Until the end of the phase, that character gets -1 STR. Dominance : kneel one influence or pay two gold to return Forever Burning from your dead pile to your hand.', NULL, NULL, NULL, NULL, NULL, 'coreset167.jpg'),
(901, 'Blood of the Dragon', 1, 4, 3, 'While participating in a challenge, attached character gets +6 STR and gains the Dragon trait.', NULL, NULL, NULL, NULL, NULL, 'coreset101.jpg'),
(902, 'Poisoned Wine', 1, 4, 2, 'Attached character gets -2 STR. Any Phase : kneel one influence to move Poisoned Wine to another eligible character.', NULL, NULL, NULL, NULL, NULL, 'coreset102.jpg'),
(903, 'Aegon''s Blade', 1, 4, 1, 'While attached character has a military icon, it gains +2 STR. While attached character has an intrigue icon, it gains stealth. While attached character has a power icon, it gains renown.', NULL, NULL, NULL, NULL, NULL, 'coreset103.jpg'),
(904, 'Flame-Kissed', 1, 4, 2, 'Targaryen only. Ambush. If attached character has no other attachments, attached character gets -2 STR and is killed if its STR is zero.', NULL, NULL, NULL, NULL, NULL, 'coreset104.jpg'),
(905, 'Bones of a Child', 1, 4, 1, 'Challenges : discard Bones of a Child from play (cannot be saved) to lower the claim value on an opponent''s revealed plot card by one for the duration of the challenge.', NULL, NULL, NULL, NULL, NULL, 'coreset105.jpg'),
(906, 'Wildfire Assault', 1, 6, NULL, 'When revealed, each player chooses up to three of his or her characters. All characters not chosen are killed (cannot be saved).', 3, NULL, 4, NULL, 1, 'coreset183.jpg'),
(907, 'Blockade', 1, 6, NULL, 'The income on each opponent''s revealed plot card is reduced to zero.', 0, NULL, 4, NULL, 1, 'coreset185.jpg'),
(908, 'The Power of Blood', 1, 6, NULL, 'You may have up to two copies of The Power of Blood in your plot deck. Noble characters cannot be killed.', 4, NULL, 3, NULL, 1, 'coreset186.jpg'),
(909, 'Building Season', 1, 6, NULL, 'When revealed, choose an opponent. Then, you and that opponent must each search your decks for a location, reveal it, and put it into your hands. Then, shuffle your decks.', 4, NULL, 1, NULL, 1, 'coreset187.jpg'),
(910, 'Mutual Enemies', 1, 6, NULL, 'When revealed, if you have more than one opponent, choose an opponent. You and that opponent cannot declare military challenges against one another this round.', 2, NULL, 2, NULL, 2, 'coreset188.jpg'),
(911, 'Holding the Trident', 1, 6, NULL, 'While you control fewer characters than any opponent, each character you control gets +2 STR.', 3, NULL, 4, NULL, 1, 'coreset189.jpg'),
(912, 'Calm Over Westeros', 1, 6, NULL, 'In order to play an event card, a player must give an opponent one gold token from his or her gold pool.', 4, NULL, 3, NULL, 1, 'coreset190.jpg'),
(913, 'Snowed Under', 1, 6, NULL, 'At the beginning of the standing phase, choose one kneeling character or location controlled by each player. Return all chosen cards to their owner''s hands.', 3, NULL, 0, NULL, 1, 'coreset191.jpg'),
(914, 'The Power of Arms', 1, 6, NULL, 'You may have up to two copies of The Power of Arms in your plot deck. War characters you control get +2 STR.', 3, NULL, 1, NULL, 2, 'coreset192.jpg'),
(915, 'Valar Morghulis', 1, 6, NULL, 'Limit one per plot deck. When revealed, kill all characters in play.', 2, NULL, 0, NULL, 0, 'coreset193.jpg'),
(916, 'Condemned by the Realm', 1, 6, NULL, 'When revealed, choose an opponent. Then, that opponent must choose and kill a character he or she does not control, if able.', 5, NULL, 3, NULL, 1, 'coreset194.jpg'),
(917, 'Counting Favors', 1, 6, NULL, 'When revealed, choose an opponent. Then, you and that opponent each draw three cards.', 3, NULL, 3, NULL, 1, 'coreset195.jpg'),
(918, 'Power and Wealth', 1, 6, NULL, 'Each character you control gets +1 STR for each attachment on it.', 3, NULL, 5, NULL, 1, 'coreset196.jpg'),
(919, 'Rule by Decree', 1, 6, NULL, 'Cannot be cancelled. When revealed, the player with the most cards in hand chooses and discards cards from his hand until he has four cards in hand.', 4, NULL, 4, NULL, 1, 'coreset198.jpg'),
(920, 'Noose and Swordpoint', 1, 6, NULL, 'Characters with STR 2 or lower cannot stand during the standing phase.', 4, NULL, 3, NULL, 1, 'coreset199.jpg'),
(921, 'Herding the Masses', 1, 6, NULL, 'Non-unique characters cannot be declared as defenders.', 2, NULL, 0, NULL, 2, 'coreset200.jpg'),
(922, 'Summoning Season', 1, 6, NULL, 'When revealed, choose an opponent. Then, you and that opponent must each search your decks for a character, reveal it, and put it into your hands. Then, shuffle your decks.', 4, NULL, 3, NULL, 1, 'coreset173.jpg'),
(923, 'Mutual Cause', 1, 6, NULL, 'When revealed, if you have more than one opponent, choose an opponent. You and that opponent cannot declare  challenges against one another this round.', 3, NULL, 3, NULL, 2, 'coreset174.jpg'),
(924, 'Uneasy Truce', 1, 6, NULL, 'In order to initiate a military challenge, an attacker must give the defender two gold tokens from his or her gold pool.', 4, NULL, 0, NULL, 1, 'coreset175.jpg'),
(925, 'Rains of Autumn', 1, 6, NULL, 'Characters, locations, and attachments do not provide income bonuses this round.', 4, NULL, 5, NULL, 1, 'coreset176.jpg'),
(926, 'Good for the Gander', 1, 6, NULL, 'When revealed, copy the ''when revealed'' ability of an opponent''s revealed plot card.', 4, NULL, 0, NULL, 1, 'coreset177.jpg'),
(927, 'Tourney for the Hand', 1, 6, NULL, 'Each of your Knight characters gets +1 STR and is immune to opponent''s character abilities.', 3, NULL, 6, NULL, 1, 'coreset178.jpg'),
(928, 'Fleeing to the Wall', 1, 6, NULL, 'When revealed, each player chooses up to three locations. All locations not chosen are discarded from play (cannot be saved).', 3, NULL, 3, NULL, 1, 'coreset179.jpg'),
(929, 'Drunken Allegations', 1, 6, NULL, 'When revealed, choose an opponent. Then, you and that opponent must each choose and kneel a standing character.', 3, NULL, 4, NULL, 1, 'coreset180.jpg'),
(930, 'Mutual Blackmail', 1, 6, NULL, 'When revealed, if you have more than one opponent, choose an opponent. You and that opponent cannot declare  challenges against one another this round.', 3, NULL, 1, NULL, 2, 'coreset181.jpg'),
(931, 'Planning Ahead', 1, 6, NULL, 'Skip the taxation phase this round.', 3, NULL, 0, NULL, 1, 'coreset182.jpg'),
(932, 'Benjen Stark', 1, 1, 3, 'Stealth. After Benjen Stark is killed, all players must shuffle their dead piles back into their decks.', NULL, NULL, NULL, 3, NULL, 'coreset132.jpg'),
(933, 'Jon Snow', 1, 1, 3, 'No attachments except weapon. Ghost is immune to events. Response : after you win a challenge in which Jon Snow or Ghost participated, Jon Snow claims one power.', NULL, NULL, NULL, 3, NULL, 'coreset133.jpg'),
(934, 'Ghost', 1, 1, 3, 'Stealth. Jon Snow is immune to events. Response : kneel Ghost to save a Night''s Watch character from being killed or discarded from play.', NULL, NULL, NULL, 3, NULL, 'coreset134.jpg'),
(935, 'Littlefinger', 1, 1, 5, 'Stealth. Littlefinger gets +1 STR for each gold token in your gold pool.', 2, NULL, NULL, 3, NULL, 'coreset138.jpg'),
(936, 'Varys', 1, 1, 3, 'Stealth. Plot : if you have more than one opponent, kneel Varys to choose an opponent. Until the end of the round, switch plot decks and used plot piles with that opponent.', NULL, NULL, NULL, 3, NULL, 'coreset139.jpg'),
(937, 'Shae', 1, 1, 2, 'Challenges : kneel Shae to choose and kneel a character controlled by a player with more power than you.', NULL, NULL, NULL, 1, NULL, 'coreset171.jpg'),
(938, 'Ser Barristan Selmy', 1, 1, 4, 'Renown. No attachments except weapon. After Ser Barristan Selmy enters play, all players shuffle their discard piles back into their decks.', NULL, NULL, NULL, 4, NULL, 'coreset142.jpg'),
(939, 'Knight of Flowers', 1, 1, 3, 'No attachments. At the beginning of the dominance phase, Knight of Flowers claims one power if he is standing.', NULL, NULL, NULL, 3, NULL, 'coreset143.jpg'),
(940, 'Maester Aemon', 1, 1, 2, 'Response : kneel Maester Aemon to save a Night''s Watch character from being killed.', NULL, NULL, NULL, 2, NULL, 'coreset146.jpg'),
(941, 'Magister Illyrio', 1, 1, 4, 'Challenges : kneel Magister Illyrio to choose an opponent and name a challenge type. That opponent must pay you one gold from his or her gold pool each time he or she initiates a challenge of this type.', NULL, NULL, NULL, 3, NULL, 'coreset147.jpg'),
(942, 'Crossroads', 1, 2, 2, '', 1, 1, NULL, NULL, NULL, 'coreset135.jpg'),
(943, 'Street of Steel', 1, 2, 0, 'Limit one per deck. Marshalling : kneel Street of Steel to lower the cost of the next character with a military icon you play this phase by one.', NULL, NULL, NULL, NULL, NULL, 'coreset136.jpg'),
(944, 'Shadowblack Lane', 1, 2, 0, 'Limit one per deck. Marshalling : kneel Shadowblack Lane to lower the cost of the next character with an\r\nintrigue icon you play this phase by one.', NULL, NULL, NULL, NULL, NULL, 'coreset140.jpg'),
(945, 'Street of Sisters', 1, 2, 0, 'Limit one per deck. Marshalling : kneel Street of Sisters to lower the cost of the next character with a power icon you play this phase by one.', NULL, NULL, NULL, NULL, NULL, 'coreset144.jpg'),
(946, 'Muster', 1, 5, NULL, 'Marshalling : kneel one of your Knight characters to search your deck for a Knight character, reveal it to all players, and put it into your hand. Then shuffle your deck.', NULL, NULL, NULL, NULL, NULL, 'coreset161.jpg'),
(947, 'Retreat', 1, 5, NULL, 'Response : after one of your unique characters is killed, return that character to your hand instead of placing it in your dead pile.', NULL, NULL, NULL, NULL, NULL, 'coreset164.jpg'),
(948, 'Support of the Kingdom', 1, 5, NULL, 'Response : after you win a power challenge, choose any gold or influence producing location controlled by an opponent, and take control of that location.', NULL, NULL, NULL, NULL, NULL, 'coreset165.jpg'),
(949, 'Seductive Promise', 1, 5, NULL, 'Response : after you win a power challenge by four or more total STR, choose a non-unique character controlled by the losing opponent. Take control of that character. Limit one per phase.', NULL, NULL, NULL, NULL, NULL, 'coreset168.jpg'),
(950, 'Westeros Bleeds', 1, 5, NULL, 'Dominance : kneel four influence to discard all characters from play.', NULL, NULL, NULL, NULL, NULL, 'coreset169.jpg'),
(951, 'Distinct Mastery', 1, 5, NULL, 'Any Phase : choose and stand a holy, learned, noble, or war character.', NULL, NULL, NULL, NULL, NULL, 'coreset170.jpg'),
(952, 'Distraction', 1, 5, NULL, 'Marshalling : choose a character with a military icon. Kneel that character.', NULL, NULL, NULL, NULL, NULL, 'coreset148.jpg'),
(953, 'Lordship', 1, 4, 1, 'Attached character gains the Lord trait and a power icon. During the dominance phase, attached character gets +4 STR. Limit one per character.', NULL, NULL, NULL, NULL, NULL, 'coreset137.jpg'),
(954, 'Milk of the Poppy', 1, 4, 1, 'Treat attached character as though its text box were blank (except for traits).', NULL, NULL, NULL, NULL, NULL, 'coreset141.jpg'),
(955, 'Bodyguard', 1, 4, 0, 'Lord or Lady character only. Limit one per character. Response : discard Bodyguard from play (cannot be saved) to save attached character from being killed or discarded from play.', NULL, NULL, NULL, NULL, NULL, 'coreset145.jpg'),
(956, 'Summer Sea', 1, 2, 0, 'Marshalling : discard Summer Sea from play to reduce the cost of the next Targaryen or Martell character you play this phase by two.', NULL, 1, NULL, NULL, NULL, 'coreset131.jpg'),
(957, 'Sunset Sea', 1, 2, 0, 'Marshalling : discard Sunset Sea from play to reduce the cost of the next Lannister or Greyjoy character you play this phase by two.', NULL, 1, NULL, NULL, NULL, 'coreset71.jpg'),
(958, 'Narrow Sea', 1, 2, 0, 'Marshalling : discard Narrow Sea from play to reduce the cost of the next Stark or Baratheon character you play this phase by two.', NULL, 1, NULL, NULL, NULL, 'coreset42.jpg'),
(959, 'Joffrey Baratheon', 2, 1, 2, 'If Joffrey Baratheon is the only King character in play, he gets +1 STR for each gold token on him. Response : after an opponent pays gold to marshall a character, put that gold on Joffrey Baratheon. (Limit once per round.)', NULL, NULL, NULL, 1, NULL, 'kots40.jpg'),
(960, 'Robb Stark', 2, 1, 4, 'Renown. If Robb Stark is the only King character in play, he gains : ''Any Phase : kneel Robb Stark to reduce the cost of the next Stark army you play this phase to 0.''', NULL, NULL, NULL, 3, NULL, 'kots39.jpg'),
(961, 'Myrcella Lannister', 2, 1, 1, 'If Myrcella Lannister is the only Queen character in play, she gains : ''Any Phase : kneel Myrcella Lannister to choose a Knight character. Until the end of the phase, that character gains an intrigue icon and stealth.''', NULL, NULL, NULL, 1, NULL, 'kots43.jpg'),
(962, 'Robert Baratheon', 2, 1, 4, 'Renown. If Robert Baratheon is the only King character in play, he gains : ''Any Phase : kneel Robert Baratheon to play an ''Any Phase'' event card from your discard pile as if you just played it from your hand. Then, shuffle that event card back into your deck.''', NULL, NULL, NULL, 3, NULL, 'kots41.jpg'),
(963, 'Rise of the Kraken', 2, 6, NULL, 'Greyjoy only. You claim an additional power for winning unopposed challenges.', 1, NULL, 8, NULL, 2, 'kots60.jpg'),
(964, 'Balon Greyjoy', 2, 1, 4, 'Renown. If Balon Greyjoy is the only King character in play, characters with lower STR than his cannot be declared as defenders while he is attacking.', NULL, NULL, NULL, 3, NULL, 'kots7.jpg'),
(965, 'Asha Greyjoy', 2, 1, 3, 'Renown. Asha Greyjoy cannot be saved.', NULL, NULL, NULL, 3, NULL, 'kots8.jpg'),
(966, 'Theon Greyjoy', 2, 1, 2, 'Any Phase : pay one gold to choose and kneel a location (limit once per round).', NULL, NULL, NULL, 2, NULL, 'kots9.jpg'),
(967, 'Euron Crow''s Eye', 2, 1, 5, 'Immune to events. While Euron Crow''s Eye is standing, Greyjoy characters you control gain Stealth.', NULL, NULL, NULL, 4, NULL, 'kots10.jpg'),
(968, 'Victarion Greyjoy', 2, 1, 4, 'Intimidate. Response : after you reveal a plot card, Victarion Greyjoy claims one power if you control a Warship location. (Limit once per phase.)', NULL, NULL, NULL, 3, NULL, 'kots11.jpg'),
(969, 'Aeron Damphair', 2, 1, 3, 'Stealth. If Aeron Damphair would be killed, instead search your deck for a non-unique holy character with cost three or lower, put it into play, shuffle your deck and put Aeron Damphair on the bottom of your deck.', NULL, NULL, NULL, 3, NULL, 'kots12.jpg'),
(970, 'Maester Wendamyr', 2, 1, 2, 'Response : kneel Maester Wendamyr to save a Greyjoy character from being killed or discarded. Then, you may kneel two influence or kneel a learned character to stand that character.', NULL, NULL, NULL, 1, NULL, 'kots13.jpg'),
(971, 'Wex Pyke', 2, 1, 2, 'While Wex Pyke is attacking, characters without crests cannot be declared as defenders.', NULL, NULL, NULL, 1, NULL, 'kots14.jpg'),
(972, 'Sea Raiders', 2, 1, 2, 'Limited. No attachments.', NULL, NULL, NULL, 3, NULL, 'kots15.jpg'),
(973, 'Stowaway', 2, 1, 1, 'Challenges : kneel Stowaway and discard the top card of your deck to choose an Ironborn character. Until the end of the phase, that character gains an intrigue icon.', NULL, NULL, NULL, 1, NULL, 'kots16.jpg'),
(974, 'Priest of the Drowned God', 2, 1, 3, 'Challenges : discard the top card of your deck to give a holy character +1 STR until the end of the phase. (Limit twice per phase.)', NULL, NULL, NULL, 3, NULL, 'kots17.jpg'),
(975, 'Priest of the Drowned God', 2, 1, 3, 'Challenges : discard the top card of your deck to give a holy character +1 STR until the end of the phase. (Limit twice per phase.)', NULL, NULL, NULL, 3, NULL, 'kots17.jpg'),
(976, 'Drumbeater', 2, 1, 1, 'Challenges : during a challenge in which you are the attacker, kneel Drumbeater to have that challenge considered unopposed if you win by four or more total STR.', NULL, NULL, NULL, 1, NULL, 'kots18.jpg'),
(977, 'Drowned Disciple', 2, 1, 3, 'Stealth. If Drowned Disciple would be killed, instead put it on the bottom of your deck. Then, each opponent discards the top three cards of his or her deck.', NULL, NULL, NULL, 1, NULL, 'kots19.jpg'),
(978, 'Dagmer Cleftjaw', 2, 1, 3, 'Deadly. Each Warship location you control counts as 2 STR during the dominance phase.', NULL, NULL, NULL, 3, NULL, 'kots20.jpg'),
(979, 'Ten Towers Honor Guard', 2, 1, 4, 'Greyjoy only. No attachments. Challenges : you may put Ten Towers Honor Guard into play from your hand, under the control of any opponent. After that opponent wins a challenge in which Ten Towers Honor Guard participated, take control of Ten Towers Honor Guard.', NULL, NULL, NULL, 4, NULL, 'kots21.jpg'),
(980, 'Scurvy Cutthroat', 2, 1, 1, 'Response : after an opponent plays an attachment card, discard Scurvy Cutthroat from play (cannot be saved) to discard that attachment from play.', NULL, NULL, NULL, 1, NULL, 'kots22.jpg'),
(981, 'Gatehouse', 2, 2, 0, 'Limited.', 1, NULL, NULL, NULL, NULL, 'kots37.jpg'),
(982, 'Iron Island Fiefdoms', 2, 2, 1, 'Limited. Marshalling : kneel Iron Island Fiefdoms to lower the cost of the next Greyjoy card you play this phase by one.', NULL, 1, NULL, NULL, NULL, 'kots29.jpg'),
(983, 'Aeron''s Chambers', 2, 2, 1, 'You may choose to play Aeron''s Chambers as an attachment to your House card.', 1, 1, NULL, NULL, NULL, 'kots30.jpg'),
(984, 'Bloody Keep', 2, 2, 2, 'Limited. Marshalling : kneel to lower the cost of the next Greyjoy character you play this phase by two.', NULL, NULL, NULL, NULL, NULL, 'kots32.jpg'),
(985, 'The Iron Mines', 2, 2, 0, 'Response : kneel and discard from play (cannot be saved) to save a character from being killed.', NULL, NULL, NULL, NULL, NULL, 'kots33.jpg'),
(986, 'Longship Iron Victory', 2, 2, 2, 'At the end of the Marshalling phase, kneel each Warship location you control if you do not control a Greyjoy character. Challenges : kneel Longship Iron Victory to choose a participating character. Until the end of the challenge, that character gets +2 STR. If you win the challenge, draw a card.', NULL, NULL, NULL, NULL, NULL, 'kots34.jpg'),
(987, 'Scouting Vessel', 2, 2, 2, 'Challenges : kneel Scouting Vessel to choose a defending character. For the duration of the challenge, that character does not count its STR.', NULL, NULL, NULL, NULL, NULL, 'kots35.jpg'),
(988, 'Assertion of Might', 2, 5, NULL, 'Greyjoy only. Response : after you win an unopposed challenge, kneel four influence or kneel a character to claim three power for your House. (Limit 1 per phase.)', NULL, NULL, NULL, NULL, NULL, 'kots47.jpg'),
(989, 'Assault of the Kraken', 2, 5, NULL, 'Greyjoy only. Response : after you win an unopposed challenge, you may initiate an additional challenge of the same type this phase (this additional challenge must be the next challenge you initiate). If that additional challenge is opposed, neither player wins the challenge.', NULL, NULL, NULL, NULL, NULL, 'kots23.jpg'),
(990, 'Kingsmoot', 2, 5, NULL, 'Response : after you win dominance, kneel two standing Ironborn characters to choose and stand a Greyjoy Lord or Lady character. Then, that character claims two power and you draw two cards.', NULL, NULL, NULL, NULL, NULL, 'kots24.jpg'),
(991, 'Seasick', 2, 5, NULL, 'Greyjoy only. Response : cancel a triggered effect unless its controller kneels one influence.', NULL, NULL, NULL, NULL, NULL, 'kots25.jpg'),
(992, 'Risen from the Sea', 2, 5, NULL, 'Response : save a  character from being killed. Then attach this card to the saved character (counts as a Condition attachment with the text ''attached character gets +1 STR''.', NULL, NULL, NULL, NULL, NULL, 'kots26.jpg'),
(993, 'Support of Harlaw', 2, 4, 2, 'Greyjoy character only. Attached character gains stealth. Response : after you win an unopposed challenge, stand attached character.', NULL, NULL, NULL, NULL, NULL, 'kots27.jpg'),
(994, 'Veteran Marauder', 2, 4, 1, 'Attached character gains Stealth. Response : after you win an unopposed challenge in which attached character participated, attach Veteran Marauder to an opponent''s location. Treat that location as if its printed text box were blank while Veteran Marauder is attached.', NULL, NULL, NULL, NULL, NULL, 'kots28.jpg'),
(995, 'Viserys Targaryen', 2, 1, 1, 'If Viserys Targaryen is the only King character in play, he gains :  ''Each attachment on Viserys Targaryen reduces the amount of power you need to win the game by one.''', NULL, NULL, NULL, 1, NULL, 'kots42.jpg'),
(996, 'After the Mummer''s Ford', 2, 6, NULL, 'Each player may initiate an additional military challenge this round.', 3, NULL, 5, NULL, 1, 'kots54.jpg'),
(997, 'Siege of Riverrun', 2, 6, NULL, 'You cannot declare intrigue challenges.', 3, NULL, 4, NULL, 2, 'kots55.jpg'),
(998, 'The Breaking of Oaths', 2, 6, NULL, 'Each player may initiate an additional intrigue challenge this round.', 3, NULL, 5, NULL, 1, 'kots56.jpg'),
(999, 'The Promise of Victory', 2, 6, NULL, 'After you win an intrigue challenge, you may put all cards in your hand on the bottom of your deck and replace them with an equal number of cards from the top of your deck.', 4, NULL, 0, NULL, 1, 'kots57.jpg'),
(1000, 'Stay of Execution', 2, 6, NULL, 'If a King or Queen character would be killed, instead return it to its owner''s hand.', 4, NULL, 4, NULL, 1, 'kots58.jpg'),
(1001, 'An Empty Throne', 2, 6, NULL, 'Each player may initiate an additional power challenge this round.', 3, NULL, 5, NULL, 1, 'kots59.jpg'),
(1002, 'Shadowcat', 2, 1, 0, 'Stealth. No attachments.', NULL, NULL, NULL, 2, NULL, 'kots49.jpg'),
(1003, 'Silent Sisters', 2, 1, 0, 'Silent Sisters gets +1 STR for each character in your dead pile.', NULL, NULL, NULL, 1, NULL, 'kots50.jpg'),
(1004, 'Randyl Tarly', 2, 1, 3, 'War characters you control get +1 STR.', NULL, NULL, NULL, 3, NULL, 'kots51.jpg'),
(1005, 'Jack of all Trades', 2, 1, 2, 'Any Phase : kneel one influence to give Jack of All Trades (choose one) a war, a noble, a learned, or a holy crest until the end of the phase.', NULL, NULL, NULL, 2, NULL, 'kots52.jpg'),
(1006, 'Godswood Attendant', 2, 1, 3, 'Response : after you win a challenge in which Godswood Attendant participated, look at the top card of any player''s deck. Then, you may discard that card or put it back on top of its owner''s deck.', NULL, NULL, NULL, 3, NULL, 'kots53.jpg'),
(1007, 'Shivering Sea', 2, 2, 0, 'Marshalling : discard Shivering Sea from play to reduce the cost of the next neutral character you play this phase by one.', NULL, 1, NULL, NULL, NULL, 'kots48.jpg'),
(1008, 'The Price of War', 2, 5, NULL, 'Response : after you win a military challenge in which you control at least one attacking war character, choose and discard from play up to two non-limited locations controlled by the losing opponent. (Limit 1 per round.)', NULL, NULL, NULL, NULL, NULL, 'kots44.jpg'),
(1009, 'Confession', 2, 5, NULL, 'Any Phase : kneel three influence or kneel a character to look at an opponent''s hand. Then, discard one non-limited card from that hand.', NULL, NULL, NULL, NULL, NULL, 'kots45.jpg'),
(1010, 'Seafarer''s Bow', 2, 4, 2, 'Challenges : kneel attached character to choose a participating character. Until the end of the phase, that character gets +2 STR. (Limit once per phase.) Challenges : kneel Seafarer''s Bow to choose a participating character. Until the end of the phase, that character gets +2 STR. (Limit once per phase.)', NULL, NULL, NULL, NULL, NULL, 'kots46.jpg'),
(1011, 'Sunset Sea', 2, 2, 0, 'Marshalling : discard Sunset Sea from play to reduce the cost of the next Lannister or Greyjoy character you play this phase by two.', NULL, 1, NULL, NULL, NULL, 'kots31.jpg'),
(1012, 'Bay of Ice', 2, 2, 0, 'After a player wins initiative, that player kneels all cards named Bay of Ice, then draws a card.', NULL, NULL, 1, NULL, NULL, 'kots36.jpg'),
(1013, 'Kingdom of Shadows', 2, 2, 1, 'After a player wins an intrigue challenge, that player kneels all copies of Kingdom of Shadows to choose and stand a card with the shadow crest.', 1, NULL, NULL, NULL, NULL, 'kots38.jpg'),
(1014, 'To the Spears !', 3, 6, NULL, 'Martell only. Characters you control do not kneel to attack this round.', 3, NULL, 0, NULL, 1, 'pots60.jpg'),
(1015, 'The Red Viper', 3, 1, 5, 'Renown. Immune to events and character abilities. The Red Viper does not kneel to attack an opponent who controls more characters than you.', NULL, NULL, NULL, 3, NULL, 'pots1.jpg'),
(1016, 'Arianne Martell', 3, 1, 4, 'Stealth. While Arianne Martell is attacking, raise the Claim value on your revealed plot card by one.', NULL, NULL, NULL, 3, NULL, 'pots2.jpg'),
(1017, 'Doran Martell', 3, 1, 4, 'If a player loses a challenge as the attacker, that player must fulfill the claim of that challenge, using the Claim value on the defending player''s plot card.', NULL, NULL, NULL, 2, NULL, 'pots3.jpg'),
(1018, 'Darkstar', 3, 1, 4, 'Martell only. Vengeful. Renown. If Darkstar would be discarded from your hand or deck, put him into play instead.', NULL, NULL, NULL, 3, NULL, 'pots4.jpg'),
(1019, 'Areo Hotah', 3, 1, 4, 'Response : after you lose a challenge by four or more total STR, kneel Areo Hotah to choose and kill one character.', NULL, NULL, NULL, 4, NULL, 'pots5.jpg'),
(1020, 'Sarella Sand', 3, 1, 3, 'Stealth. Response : after you lose a challenge in which Sarella Sand participated as an attacker, kneel one influence to choose and stand one participating character.', NULL, NULL, NULL, 3, NULL, 'pots6.jpg'),
(1021, 'Ellaria Sand', 3, 1, 3, 'Vengeful. Response : after you lose a challenge, move one power from any character to Ellaria Sand.', NULL, NULL, NULL, 3, NULL, 'pots7.jpg'),
(1022, 'Harmen Uller', 3, 1, 3, 'Renown. While you have seven or more cards in your hand, Harmen Uller does not kneel to attack.', NULL, NULL, NULL, 3, NULL, 'pots8.jpg'),
(1023, 'House Messenger', 3, 1, 2, 'After you play House Messenger from your hand, reveal the top two cards of your deck to all players. Then, put one of those cards into your hand, and the other on the bottom of your deck.', NULL, NULL, NULL, 2, NULL, 'pots10.jpg'),
(1024, 'House Dayne Knight', 3, 1, 1, '', NULL, NULL, NULL, 1, NULL, 'pots11.jpg'),
(1025, 'Paramour', 3, 1, 1, '', NULL, 1, NULL, 1, NULL, 'pots12.jpg'),
(1026, 'Lord Edric''s Knight', 3, 1, 2, 'Stealth.', NULL, NULL, NULL, 2, NULL, 'pots13.jpg'),
(1027, 'House Dayne Skirmisher', 3, 1, 3, 'No attachments. Any Phase : kill House Dayne Skirmisher (cannot be saved) to draw one card. Then, each opponent chooses and discards one card from his or her hand.', NULL, NULL, NULL, 2, NULL, 'pots14.jpg'),
(1028, 'Orphan of the Greenblood', 3, 1, 0, 'Any Phase : discard Orphan of the Greenblood from play (cannot be saved) to choose one character. Until the end of the phase, that character loses a military, an intrigue, and a power icon.', NULL, NULL, NULL, 0, NULL, 'pots15.jpg'),
(1029, 'The Viper''s Bannermen', 3, 1, 7, 'No attachments. Deadly. Stealth. Response : after The Viper''s Bannermen comes into play or leaves play, reveal the top two cards of your deck, then put them into your hand.', NULL, NULL, NULL, 7, NULL, 'pots16.jpg'),
(1030, 'House Dayne Reserves', 3, 1, 8, 'Martell only. No attachments. If House Dayne Reserves is discarded from your hand for the claim of an intrigue challenge, put it into play instead of your discard pile. Any Phase : kneel one influence to return House Dayne Reserves to its owner''s hand.', NULL, NULL, NULL, 6, NULL, 'pots17.jpg'),
(1031, 'Dornish Fiefdoms', 3, 2, 1, 'Limited. Marshalling : kneel Dornish Fiefdoms to lower the cost of the next Martell card you play this phase by one.', NULL, 1, NULL, NULL, NULL, 'pots26.jpg'),
(1032, 'Lord Doran''s Chambers', 3, 2, 1, 'You may choose to play Lord Doran''s Chambers as an attachment to your House card.', 1, 1, NULL, NULL, NULL, 'pots27.jpg'),
(1033, 'Palace Fountains', 3, 2, 0, 'Limited. Marshalling : kneel Palace Fountains to reduce the cost of the next Martell card you play this phase by one.', NULL, NULL, NULL, NULL, NULL, 'pots29.jpg'),
(1034, 'Water Garden', 3, 2, 0, 'Limited.', 1, NULL, NULL, NULL, NULL, 'pots30.jpg'),
(1035, 'The Old Palace', 3, 2, 1, 'Characters without an intrigue icon cannot declare stealth.', NULL, NULL, NULL, NULL, NULL, 'pots32.jpg'),
(1036, 'The Spear Tower', 3, 2, 1, 'Characters without a military icon get -1 STR.', NULL, NULL, NULL, NULL, NULL, 'pots33.jpg'),
(1037, 'Tower of the Sun', 3, 2, 1, 'Characters without a power icon cannot claim power for renown.', NULL, NULL, NULL, NULL, NULL, 'pots34.jpg'),
(1038, 'Blood for Blood', 3, 5, NULL, 'Response : after one of your Martell characters is killed, choose and kill one character with equal or lower STR. (Limit 1 per phase.)', NULL, NULL, NULL, NULL, NULL, 'pots20.jpg'),
(1039, 'He Calls It Thinking', 3, 5, NULL, 'Martell only. Response : cancel the effects of a response without an influence cost. Then, attach He Calls It Thinking to a Martell character (counts as a Boon attachment with the text ''Attached character gets +2 STR.'')', NULL, NULL, NULL, NULL, NULL, 'pots21.jpg'),
(1040, 'The Prince''s Wrath', 3, 5, NULL, 'Martell only. Challenges : kneel one influence to choose one character. Until the end of the phase, that character loses a military, an intrigue, and a power icon.', NULL, NULL, NULL, NULL, NULL, 'pots22.jpg'),
(1041, 'Someone Always Tell', 3, 5, NULL, 'Martell only. Response : after you lose dominance, kneel two influence to return all standing characters to their owner''s hands.', NULL, NULL, NULL, NULL, NULL, 'pots23.jpg'),
(1042, 'Scheming on the Sand', 3, 5, NULL, 'Martell only. Plot : kneel five influence or two characters to choose and reveal a new plot card. (If it is Summer, you may play Scheming on the Sand during the Challenge phase.)', NULL, NULL, NULL, NULL, NULL, 'pots24.jpg'),
(1043, 'Joffrey Baratheon', 3, 1, 2, 'Renown. Response : after a Small Council event is played, kneel three influence or kneel one noble character to choose and discard from play one character with one or more power on it.', NULL, NULL, NULL, 2, NULL, 'pots36.jpg'),
(1044, 'Taste for Blood', 3, 4, 1, 'Attached character gets +1 STR. Response : after you lose a challenge as the defender, attached character claims one power.', NULL, NULL, NULL, NULL, NULL, 'pots18.jpg'),
(1045, 'Locked Away', 3, 4, 0, 'Any Phase : kneel one influence to have attached character lose one icon of your choice until the end of the phase.', NULL, NULL, NULL, NULL, NULL, 'pots19.jpg'),
(1046, 'Alliance', 3, 6, NULL, 'You may play cards from other Houses without paying a gold penalty.', 4, NULL, 3, NULL, 1, 'pots59.jpg'),
(1047, 'Battle of Oxcross', 3, 6, NULL, 'At the end of the challenge phase, each player who has not won a military challenge must choose and kill one character he or she controls.', 4, NULL, 3, NULL, 1, 'pots54.jpg'),
(1048, 'Let My Porridge Fly', 3, 6, NULL, 'After you win an challenge, choose and discard one attachment from play.', 3, NULL, 0, NULL, 1, 'pots55.jpg'),
(1049, 'Threat from the North', 3, 6, NULL, 'All characters get -1 STR and are discarded from play (cannot be saved) if their STR is zero.', 2, NULL, 4, NULL, 1, 'pots56.jpg'),
(1050, 'The Red Wedding', 3, 6, NULL, 'When revealed, the opponent to your left chooses one Lord and one Lady character, if able. Then, you must choose and kill one of those characters. The other claims two power.', 4, NULL, 3, NULL, 1, 'pots57.jpg'),
(1051, 'Attack from the Sea', 3, 6, NULL, 'When revealed, kneel all locations.', 4, NULL, 5, NULL, 1, 'pots58.jpg'),
(1052, 'Denys Mallister', 3, 1, 3, 'No attachments. Any Phase : kneel one influence to choose one Night''s Watch character. Until the end of the phase, that character gets +1 STR.', NULL, NULL, NULL, 3, NULL, 'pots48.jpg'),
(1053, 'Mag the Mighty', 3, 1, 4, 'Deadly. Challenges : kneel one influence to choose one Wildling character. Until the end of the phase, that character gets +1 STR.', NULL, NULL, NULL, 4, NULL, 'pots49.jpg'),
(1054, 'Kingsguard Squire', 3, 1, 1, 'Any Phase : kneel Kingsguard Squire to choose and stand one Kingsguard character.', NULL, NULL, NULL, 1, NULL, 'pots50.jpg'),
(1055, 'Former Champion', 3, 1, 3, 'Renown. Former Champion gets -2 STR for each power on him. While Former Champion has three or less STR, he gains a  icon and deadly. While Former Champion has one or less STR, he gains an intrigue icon and stealth.', NULL, NULL, NULL, 5, NULL, 'pots52.jpg'),
(1056, 'Parting Blow', 3, 5, NULL, 'Response : after a character you control leaves play, choose and kneel one character controlled by an opponent. Then, draw one card.', NULL, NULL, NULL, NULL, NULL, 'pots40.jpg'),
(1057, 'Wars Are Won with Quills', 3, 5, NULL, 'Response : after you win an intrigue challenge by four or more total STR, choose a challenge type. Until the end of the phase, the losing opponent cannot attack or defend during that challenge type. Limit 1 per phase.', NULL, NULL, NULL, NULL, NULL, 'pots41.jpg'),
(1058, 'Make an Example', 3, 5, NULL, 'Response : after you win a challenge and count eight or more total STR, claim three power for your House. (Limit 1 per phase.)', NULL, NULL, NULL, NULL, NULL, 'pots42.jpg'),
(1059, 'The Dragon''s Tail', 3, 5, NULL, 'Marshalling : choose one opponent. You and that opponent each draw two cards.', NULL, NULL, NULL, NULL, NULL, 'pots43.jpg'),
(1060, 'When I Woke...', 3, 5, NULL, 'Response : after a military challenge resolves, kneel one influence to have the losing player choose one participating character and put that character on top of its owner''s deck.', NULL, NULL, NULL, NULL, NULL, 'pots51.jpg'),
(1061, 'Formal Petition', 3, 4, 3, 'Attach to your House card. Limit 1 per House card. You need two fewer power in order to win the game.', NULL, NULL, NULL, NULL, NULL, 'pots44.jpg'),
(1062, 'Court Advisor', 3, 4, 1, 'After you play Court Advisor, draw one card. Attached character gains an intrigue icon.', NULL, NULL, NULL, NULL, NULL, 'pots45.jpg'),
(1063, 'The Art of Diplomacy', 3, 4, 0, 'Attached character gains a power icon. While any revealed plot card has the Power Struggle trait, attached character gets +4 STR.', NULL, NULL, NULL, NULL, NULL, 'pots46.jpg'),
(1064, 'Rusted Sword', 3, 4, 1, 'Attached character gets +2 STR and gains a military icon. Any Phase : kneel one influence to attach Rusted Sword from your hand to a character you control.', NULL, NULL, NULL, NULL, NULL, 'pots47.jpg'),
(1065, 'A Pinch of Powder', 3, 4, 0, 'After A Pinch of Powder comes out of Shadows, attach it to a character. Limited Response : after you win an intrigue or power challenge by three or more STR, return the attached character to its owner''s hand. Then, you may kneel three influence to return A Pinch of Powder to Shadows. (Limit 1 limited response per round.)', NULL, NULL, NULL, NULL, NULL, 'pots53.jpg'),
(1066, 'Brienne of Tarth', 3, 1, 3, 'While Brienne of Tarth is participating in a challenge, opponents cannot trigger effects.', NULL, NULL, NULL, 3, NULL, 'pots37.jpg'),
(1067, 'Theon Greyjoy', 3, 1, 3, 'Stealth. After any player loses a challenge by four or more total STR, he or she names either ''character'' or ''location'', then chooses and discards from play (cannot be saved) one card of the named type he or she controls, if able.', NULL, NULL, NULL, 3, NULL, 'pots38.jpg'),
(1068, 'Ser Jorah Mormont', 3, 1, 2, 'Stealth. After Ser Jorah Mormont leaves play, all characters you control get -1 STR until the end of the phase.', NULL, NULL, NULL, 3, NULL, 'pots39.jpg'),
(1069, 'Summer Sea', 3, 2, 0, 'Marshalling : discard Summer Sea from play to reduce the cost of the next Targaryen or Martell character you play this phase by two.', NULL, 1, NULL, NULL, NULL, 'pots28.jpg');
INSERT INTO `carte_carte` (`CarteID`, `Nom`, `Extension`, `Type`, `Cout`, `Texte`, `Gold`, `Influence`, `Initiative`, `Force`, `Prise`, `Image`) VALUES
(1070, 'The Hound', 3, 1, 1, 'No attachments except weapon. After a character''s STR is lowered, return The Hound to his owner''s hand.', NULL, NULL, NULL, 4, NULL, 'pots35.jpg'),
(1071, 'Dorne', 3, 2, 1, 'Marshalling : kneel Dorne to choose one Trait. Until the end of the phase, reduce the gold cost for you to marshall cards with that Trait by one.', NULL, NULL, NULL, NULL, NULL, 'pots31.jpg'),
(1072, 'Ser Guyard Morrigen', 5, 1, 3, 'No attachments except weapon. Baratheon Lord characters you control gain stealth.', NULL, NULL, NULL, 3, NULL, 'storm5.jpg'),
(1073, 'Ser Parmen Crane', 5, 1, 3, 'No attachments except weapon. Baratheon Lord characters you control gain : ""Response : kneel one influence to save this character from being killed.""', NULL, NULL, NULL, 3, NULL, 'storm6.jpg'),
(1074, 'Salladhor Saan', 5, 1, 4, 'Marshalling : kneel Salladhor Saan to choose and discard one location from play.', NULL, NULL, NULL, 2, NULL, 'storm7.jpg'),
(1075, 'Ser Cortnay Penrose', 5, 1, 3, 'During power challenges, Ser Cortnay Penrose gets +2 STR and gains vigilant.', NULL, NULL, NULL, 3, NULL, 'storm8.jpg'),
(1076, 'Maester Pylos', 5, 1, 2, 'Stealth. Response : after you win an intrigue challenge in which Maester Pylos attacked alone, discard (at random) one card in Shadows controlled by the losing opponent.', NULL, NULL, NULL, 2, NULL, 'storm9.jpg'),
(1077, 'Marya Seaworth', 5, 1, 2, 'Any Phase : kneel Marya Seaworth to choose and stand one character.', NULL, NULL, NULL, 1, NULL, 'storm10.jpg'),
(1078, 'Veteran Knight', 5, 1, 2, 'No attachments except weapon. While Veteran Knight is attacking or defending, opponent''s participating characters lose all war crests.', NULL, NULL, NULL, 2, NULL, 'storm11.jpg'),
(1079, 'Sister of Truth', 5, 1, 1, 'House Baratheon only. Response : after Sister of Truth comes out of Shadows, choose one shadows card in play. Return that card to Shadows.', NULL, NULL, NULL, 2, NULL, 'storm12.jpg'),
(1080, 'Bearer of the Light', 5, 1, 0, 'Marshalling : kneel Bearer of the Light to lower the cost of the next Asshai character you play this phase by one.', NULL, NULL, NULL, 1, NULL, 'storm13.jpg'),
(1081, 'Asshai Initiate', 5, 1, 2, 'Any Phase : discard the top two cards of your deck to choose one character in any dead pile. Move that character to its owner''s discard pile. (Limit once per round.)', NULL, NULL, NULL, 2, NULL, 'storm14.jpg'),
(1082, 'Knights of the Storm', 5, 1, 5, 'Renown. No attachments. Response : after you play Knights of the Storm from your hand, you become the first player. (Players who have already marshalled cannot marshall again.)', NULL, NULL, NULL, 5, NULL, 'storm15.jpg'),
(1083, 'Stannis''s Cavalry', 5, 1, 4, 'No attachments. Deadly. While there is at least one Night''s Watch character in play, Stannis''s Cavalry gains renown.', NULL, NULL, NULL, 4, NULL, 'storm16.jpg'),
(1084, 'The Stormlands', 5, 2, 2, 'Your revealed plot card gains the Power Struggle trait. If it has the printed Power Struggle trait, raise your claim value by one during challenges.', NULL, NULL, NULL, NULL, NULL, 'storm24.jpg'),
(1085, 'Salla''s Escort Ship', 5, 2, 2, 'Challenges : kneel Salla''s Escort Ship to choose two characters. Until the end of the phase, one of those characters gets -1 STR, and the other gets +1 STR.', NULL, NULL, NULL, NULL, NULL, 'storm25.jpg'),
(1086, 'King Robert''s Chambers', 5, 2, 1, 'You may choose to play King Robert''s Chambers as an attachment to your House card.', 1, 1, NULL, NULL, NULL, 'storm26.jpg'),
(1087, 'Great Hall', 5, 2, 2, 'Limited. Marshalling : kneel Great Hall to lower the cost of the next Baratheon character you play this phase by 2.', NULL, NULL, NULL, NULL, NULL, 'storm27.jpg'),
(1088, 'Stormlands Fiefdoms', 5, 2, 1, 'Limited. Marshalling : kneel Stormlands Fiefdoms to lower the cost of the next Baratheon card you play this phase by one.', NULL, 1, NULL, NULL, NULL, 'storm28.jpg'),
(1089, 'Pyre of the False Gods', 5, 2, 2, 'After you play an event card from your hand, put it on the bottom of your deck instead of discarding it. Marshalling : kneel Pyre of the False Gods and pay two gold to return one event card from your discard pile to your hand.', NULL, NULL, NULL, NULL, NULL, 'storm30.jpg'),
(1090, 'Smuggler''s Cove', 5, 2, 1, 'Challenges : during a power challenge, kneel Smuggler''s Cove to choose one participating character. Until the end of the phase, that character gets +2 STR and gains stealth.', NULL, NULL, NULL, NULL, NULL, 'storm31.jpg'),
(1091, 'Storm''s End', 5, 2, 2, 'If you win dominance, instead of claiming one power for your House, you may claim one power each for two different Baratheon characters.', NULL, NULL, NULL, NULL, NULL, 'storm32.jpg'),
(1092, 'Obey the King', 5, 5, NULL, 'House baratheon only. Challenges : choose and stand or kneel one character with at least one power.', NULL, NULL, NULL, NULL, NULL, 'storm33.jpg'),
(1093, 'Heart of the Stag', 5, 5, NULL, 'Challenges : choose one participating Baratheon character. That character gets +2 STR and gains renown until the end of the challenge.', NULL, NULL, NULL, NULL, NULL, 'storm34.jpg'),
(1094, 'Bound by Blood', 5, 5, NULL, 'Challenges : return one Baratheon character to your hand (cannot be saved) to put another Baratheon character with the same cost (and different title) into play from your hand.', NULL, NULL, NULL, NULL, NULL, 'storm35.jpg'),
(1095, 'Dark Prophecy', 5, 5, NULL, 'House Baratheon only. Response : after you win dominance or after you win a power challenge, reveal the top five cards of an opponent''s deck, discard one of the cards, and put the rest on the top of the deck in any order.', NULL, NULL, NULL, NULL, NULL, 'storm37.jpg'),
(1096, 'See who is Stronger', 5, 5, NULL, 'House Baratheon only. Any Phase : kneel three influence to choose one Knight or one Army character in your discard or dead pile. Put that character into play.', NULL, NULL, NULL, NULL, NULL, 'storm38.jpg'),
(1097, 'Ruby of R''hllor', 5, 4, 2, 'Asshai character only. Vigilant. Attached character is immune to opponent''s events. Response : after a card is discarded from an opponent''s hand, kneel Ruby of R''hllor to draw one card.', NULL, NULL, NULL, NULL, NULL, 'storm21.jpg'),
(1098, 'Accepted Destiny', 5, 4, 1, 'Attached character gets +1 STR for each power on your House.', NULL, NULL, NULL, NULL, NULL, 'storm22.jpg'),
(1099, 'Crown of Azor Ahai', 5, 4, 1, 'Unique Baratheon character only. Setup. If Crown of Azor Ahai is standing and White Raven is not in play, it is Summer. If Crown of Azor Ahai is knelt and Black Raven is not in play, it is Winter. Any Phase : kneel Crown of Azor Ahai.', NULL, NULL, NULL, NULL, NULL, 'storm23.jpg'),
(1100, 'The King''s Law', 5, 6, NULL, 'At the end of the marshalling phase, discard all cards in Shadows.', 3, NULL, 9, NULL, 1, 'storm49.jpg'),
(1101, 'Forgotten Plans', 5, 6, NULL, 'Treat all plots with a name other than Forgotten Plans as if their text box were blank during every phase except the plot phase.', 3, NULL, 4, NULL, 1, 'storm50.jpg'),
(1102, 'The Power of Faith', 5, 6, NULL, 'You may have up to two copies of The Power of Faith in your plot deck. Holy characters you control gain a military icon and do not kneel to attack.', 3, NULL, 6, NULL, 1, 'storm51.jpg'),
(1103, 'Assault on King''s Landing', 5, 6, NULL, 'Characters and locations cannot be saved.', 3, NULL, 5, NULL, 1, 'storm52.jpg'),
(1104, 'Regroup', 5, 6, NULL, 'When revealed, place the top card of your discard pile on top of your deck.', 2, NULL, 2, NULL, 2, 'storm53.jpg'),
(1105, 'Feast or Famine', 5, 6, NULL, 'When revealed, you may choose to add +6 gold to your income this marshalling phase. If you do, you cannot initiate challenges this round.', 0, NULL, 5, NULL, 2, 'storm54.jpg'),
(1106, 'Lineage and Legacy', 5, 6, NULL, 'A player cannot initiate a military challenge unless he or she has won a power challenge that phase.', 4, NULL, 4, NULL, 1, 'storm55.jpg'),
(1107, 'Hedge Knight', 5, 1, 1, '', NULL, NULL, NULL, 1, NULL, 'storm40.jpg'),
(1108, 'Ser Preston Greenfield', 5, 1, 3, 'No attachments. Response : after you win dominance, each player must choose and discard all but four cards in his or her hand.', NULL, NULL, NULL, 3, NULL, 'storm41.jpg'),
(1109, 'Fanatical Follower', 5, 1, 1, 'Fanatical Follower gets +1 STR for each Roseroad and each Searoad in play.', NULL, NULL, NULL, 1, NULL, 'storm42.jpg'),
(1110, 'The Roseroad', 5, 2, 0, 'Limited.', 1, NULL, NULL, NULL, NULL, 'storm44.jpg'),
(1111, 'The Searoad', 5, 2, 0, 'Limited.', 1, NULL, NULL, NULL, NULL, 'storm45.jpg'),
(1112, 'King''s Pavillion', 5, 2, 2, 'Each character gets +3 STR while it is standing.', NULL, NULL, NULL, NULL, NULL, 'storm46.jpg'),
(1113, 'Superior Claim', 5, 5, NULL, 'Response : after you win a power challenge by four or more total STR, claim two power for your House. Limit 1 per challenge.', NULL, NULL, NULL, NULL, NULL, 'storm47.jpg'),
(1114, 'Narrow Escape', 5, 5, NULL, 'Any Phase : put into play from their owner''s dead piles or discard piles all characters that were killed or discarded this phase. Any opponent may discard his or her hand of at least one card to cancel this effect.', NULL, NULL, NULL, NULL, NULL, 'storm48.jpg'),
(1115, 'Knighted', 5, 4, 0, 'Attached character gains the Knight trait, and gets +1 STR.', NULL, NULL, NULL, NULL, NULL, 'storm43.jpg'),
(1116, 'Knights of the Realm', 5, 3, NULL, 'While you control more Knight characters than each other player, draw one additional card in the draw phase. While you control fewer Knight characters than each other player, draw one fewer card in the draw phase.', NULL, NULL, NULL, NULL, NULL, 'storm39.jpg'),
(1117, 'Narrow Sea', 5, 2, 0, 'Marshalling : discard Narrow Sea from play to reduce the cost of the next Stark or Baratheon character you play this phase by two.', NULL, 1, NULL, NULL, NULL, 'storm29.jpg'),
(1118, 'Direct Assault', 5, 5, NULL, 'House Stark or house Baratheon only. Challenges : choose one character with a military and a power icon that is attacking alone. For the duration of the challenge, that character gets +2 STR. If you win the challenge, instead of the normal claim effects, choose a non-unique location controlled by the losing opponent. Take control of that location.', NULL, NULL, NULL, NULL, NULL, 'storm36.jpg'),
(1119, 'Ser Emmon Cuy', 5, 1, 2, 'No attachments except weapon. Baratheon Lord characters you control get +1 STR.', NULL, NULL, NULL, 2, NULL, 'storm4.jpg'),
(1120, 'Stannis Baratheon', 5, 1, 4, 'Renown. If Stannis Baratheon is the only Baratheon King character in play, he gains : ""Players cannot draw cards through card effects.""', NULL, NULL, NULL, 3, NULL, 'storm3.jpg'),
(1121, 'Renly Baratheon', 5, 1, 5, 'Renown. If Renly Baratheon is the only Baratheon King character in play, he gains : ""Reduce the cost to play other Baratheon characters by one.""', NULL, NULL, NULL, 3, NULL, 'storm2.jpg'),
(1122, 'Robert Baratheon', 5, 1, 5, 'Renown. If Robert Baratheon is the only Baratheon King character in play, he gains : ""You may initiate an additional power challenge during the challenge phase.""', NULL, NULL, NULL, 3, NULL, 'storm1.jpg'),
(1123, 'Herald of Storm''s End', 5, 1, 0, 'House Baratheon only.', NULL, NULL, NULL, 1, NULL, 'storm20.jpg'),
(1124, 'Bastard in Hiding', 5, 1, 1, '', NULL, NULL, NULL, 1, NULL, 'storm19.jpg'),
(1125, 'Vanguard Lancer', 5, 1, 2, '', NULL, 1, 1, 2, NULL, 'storm18.jpg'),
(1126, 'Lost Captain', 5, 1, 3, 'Stealth. Response : after you win a challenge by four or more total STR, return Lost Captain from your discard pile or dead pile to your hand.', NULL, NULL, NULL, 3, NULL, 'storm17.jpg'),
(1127, 'Painted Dogs', 32, 1, 2, 'Any Phase : kneel Painted Dogs to choose one character. That character gets +2 STR until the end of the phase (+4 STR instead if you have fewer cards in hand than each opponent).', NULL, NULL, NULL, 2, NULL, 'brotherhood3.jpg'),
(1128, 'Fog of War', 32, 5, NULL, 'Lannister only. Dominance : each player chooses one character he or she controls. Those characters do not stand during the standing phase this round.', NULL, NULL, NULL, NULL, NULL, 'brotherhood4.jpg'),
(1129, 'The Bastard of Bolton', 32, 1, 3, 'Stark only. Deadly. Response : after control of a character changes, put The Bastard of Bolton into play from your hand.', NULL, NULL, NULL, 2, NULL, 'brotherhood1.jpg'),
(1130, 'Dubious Loyalties', 32, 4, 1, 'Attached character gains the House Bolton trait. Response : after you win a challenge in which attached character participated, take control of attached character if it is not under your control.', NULL, NULL, NULL, NULL, NULL, 'brotherhood2.jpg'),
(1131, 'Edric Dayne', 32, 1, 3, 'If Edric Dayne is killed, choose and discard one influence providing location from play. Response : after an influence providing location enters play, kneel that location.', NULL, NULL, NULL, 3, NULL, 'brotherhood15.jpg'),
(1132, 'Southron Vessel', 32, 2, 1, 'Marshalling : kneel Southron Vessel to move a gold token from your gold pool to a House Dayne character, or from a House Dayne character to your gold pool.', NULL, NULL, NULL, NULL, NULL, 'brotherhood16.jpg'),
(1133, 'Robert''s Loyalists', 32, 1, 3, 'No attachments. Robert''s Loyalists get +2 STR while attacking any opponent with a non-Baratheon, non-neutral House card.', NULL, NULL, NULL, 3, NULL, 'brotherhood5.jpg'),
(1134, 'The King''s Ground', 32, 4, 1, 'Baratheon only. Attach to a location you control. Attached location gains Vigilant.', NULL, NULL, NULL, NULL, NULL, 'brotherhood6.jpg'),
(1135, 'Motley Crewman', 32, 1, 2, 'Any effect that discards one or more cards from an opponent''s deck discards an additional card.', NULL, NULL, NULL, 1, NULL, 'brotherhood7.jpg'),
(1136, 'Ours for the Taking', 32, 5, NULL, 'Greyjoy only. Any Phase : choose one location that would kneel to trigger its effect. Copy that ability (paying any additional costs), without kneeling the location.', NULL, NULL, NULL, NULL, NULL, 'brotherhood8.jpg'),
(1137, 'Rakharo', 32, 1, 3, 'No attachments except weapon. Response : after you win a military challenge in which every attacking character has the Dothraki trait, discard one card at random from the losing opponent''s hand.', NULL, NULL, NULL, 3, NULL, 'brotherhood9.jpg'),
(1138, 'Drogo''s Horde', 32, 1, 6, 'Deadly. No attachments except weapon. Reduce the cost to play Drogo''s Horde by one for each Dothraki character you control.', NULL, NULL, NULL, 6, NULL, 'brotherhood10.jpg'),
(1139, 'Bitter Crone', 32, 1, 2, 'During military challenges ,characters cannot be saved.', NULL, NULL, NULL, 2, NULL, 'brotherhood11.jpg'),
(1140, 'Vaes Dothrak', 32, 2, 3, 'No attachments. Response : after you win a military challenge in which at least one Dothraki character attacked, kneel Vaes Dothrak to (choose one) : draw one card, discard one card at random from the losing opponent''s hand, or move one power from the losing opponent''s House to your own.', NULL, NULL, NULL, NULL, NULL, 'brotherhood13.jpg'),
(1141, 'Deadly Khalasar', 32, 5, NULL, 'Response : after an opponent''s character is killed for military claim, stand all Dothraki characters in play.', NULL, NULL, NULL, NULL, NULL, 'brotherhood14.jpg'),
(1142, 'Rakharo''s Arakh', 32, 4, 1, 'Targaryen only. Ambush. Dothraki character only. Attached character gets +1 STR for each character in each opponent''s dead pile. If attached character is Rakharo, he also gains Deadly.', NULL, NULL, NULL, NULL, NULL, 'brotherhood12.jpg'),
(1143, 'The Prince That Was Promised', 32, 6, NULL, 'Any character with more attachments than each other character in play does not kneel to attack or defend.', 4, NULL, 3, NULL, 1, 'brotherhood20.jpg'),
(1144, 'Beric Dondarrion', 32, 1, 4, 'Renown. If you have no power on your House card, Beric Dondarrion cannot be killed or discarded from play.', NULL, NULL, NULL, 3, NULL, 'brotherhood17.jpg'),
(1145, 'Ill Tidings', 32, 5, NULL, 'Challenges : kneel a Maester or a character to choose and discard one attachment from play. Then, if you have no power on your House, draw one card.', NULL, NULL, NULL, NULL, NULL, 'brotherhood19.jpg'),
(1146, 'Campfire Mime', 33, 1, 2, 'Campfire Mime gains the traits of all other characters you control.', NULL, NULL, NULL, 2, NULL, 'brotherhood23.jpg'),
(1147, 'The Bastard''s Elite', 33, 1, 2, 'No attachments except weapon. After a player wins a military challenge against you, that player takes control of The Bastard''s Elite.', NULL, NULL, NULL, 4, NULL, 'brotherhood21.jpg'),
(1148, 'Abandoned Fort', 33, 2, 2, 'Challenges : kneel Abandoned Fort to return an attacking House Bolton character to its owner''s hand.', NULL, NULL, NULL, NULL, NULL, 'brotherhood22.jpg'),
(1149, 'Starfall Merchant', 33, 1, 2, 'After you kneel Starfall Merchant to pay an influence cost, discard it from play (cannot be saved).', NULL, 3, NULL, 2, NULL, 'brotherhood35.jpg'),
(1150, 'Fallen and Reborn', 33, 5, NULL, 'Response : after a House Dayne character is killed, kneel two influence to put another House Dayne character into play from your hand.', NULL, NULL, NULL, NULL, NULL, 'brotherhood36.jpg'),
(1151, 'Melisandre', 33, 1, 4, 'Renown. Response : after you win an intrigue challenge in which Melisandre participated, move one power from any character controlled by the losing opponent to Melisandre. Then, if that was the last power on that character, kill it.', NULL, NULL, NULL, 3, NULL, 'brotherhood25.jpg'),
(1152, 'Wicked Seductress', 33, 1, 3, 'Response : after Wicked Seductress is knelt, choose and kneel one character without an intrigue icon.', NULL, NULL, NULL, 2, NULL, 'brotherhood26.jpg'),
(1153, 'Intolerent Priest', 33, 1, 2, 'If you control at least three other Asshai characters, Intolerant Priest gains +1 STR, a holy crest, and a military icon.', NULL, NULL, NULL, 2, NULL, 'brotherhood27.jpg'),
(1154, 'Fanatic', 33, 4, 1, 'Attached character gains a holy crest and the Asshai trait. If attached character has a printed holy crest, it gets +1 STR and gains Vigilant.', NULL, NULL, NULL, NULL, NULL, 'brotherhood28.jpg'),
(1155, 'Ambitious Oarsman', 33, 1, 1, 'Marshalling : kneel Ambitious Oarsman or kneel a Warship location to reduce the cost of the next Raider character you play this phase by one.', NULL, NULL, NULL, 1, NULL, 'brotherhood31.jpg'),
(1156, 'River Blockade', 33, 2, 0, 'Cancel the first location effect triggered by an opponent each round.', NULL, NULL, NULL, NULL, NULL, 'brotherhood32.jpg'),
(1157, 'Aggo', 33, 1, 3, 'Deadly. Response : after you win a military challenge in which every attacking character has the Dothraki trait, move one power from the losing opponent''s House card to your own.', NULL, NULL, NULL, 3, NULL, 'brotherhood33.jpg'),
(1158, 'Aggo''s Bow', 33, 4, 2, 'Targaryen only. Ambush. Dothraki character only. Challenges : if attached character is attacking in a military challenge, kneel Aggo''s Bow to choose and kill one defending character. (Cannot be saved if attached character is Aggo.)', NULL, NULL, NULL, NULL, NULL, 'brotherhood34.jpg'),
(1159, 'Many Powers Long Asleep', 33, 6, NULL, 'When revealed, put a holy character into play from your dead pile.', 3, NULL, 5, NULL, 1, 'brotherhood40.jpg'),
(1160, 'Thoros of Myr', 33, 1, 3, 'Renown. If you have no power on your House card, Thoros of Myr gains : ""Response : kneel Thoros of Myr and discard a power from a character you control to save a Brotherhood character from being killed.""', NULL, NULL, NULL, 2, NULL, 'brotherhood37.jpg'),
(1161, 'Tom Sevenstrings', 33, 1, 3, 'If you have no power on your House card, Tom Sevenstrings gains : ""Response : kneel Tom Sevenstrings to cancel the effects of an event card just played.""', NULL, NULL, NULL, 2, NULL, 'brotherhood38.jpg'),
(1162, 'Mountain Tactics', 33, 5, NULL, 'Any Phase : kneel one influence to stand or kneel one Clansman character (up to two Clansman characters instead if you have fewer cards in hand than each opponent).', NULL, NULL, NULL, NULL, NULL, 'brotherhood24.jpg'),
(1163, 'Lord of Light, Protect Us', 33, 5, NULL, 'Response : kneel an Asshai character to choose a character that just triggered its ability. Cancel the effects of that ability. Then, if you control at least three Asshai characters, you may return the chosen character to its owner''s hand.', NULL, NULL, NULL, NULL, NULL, 'brotherhood30.jpg'),
(1164, 'The Brotherhood Without Banners', 33, 3, NULL, 'If you would claim or move power to your House, you must place it on a Brotherhood character you control instead. Opponents may choose and take power from your Brotherhood characters to fulfill the claim of power challenges initiated against you.', NULL, NULL, NULL, NULL, NULL, 'brotherhood39.jpg'),
(1165, 'Altar of Fire', 33, 2, 1, 'Response : after you win an intrigue challenge in which at least one holy character participated, kneel Altar of Fire to look at the losing opponent''s hand. Choose and discard one card from that hand.', NULL, NULL, NULL, NULL, NULL, 'brotherhood29.jpg'),
(1166, 'Timett Son of Timett', 34, 1, 4, 'Renown. Knelt Clansman characters you control cannot be killed.', NULL, NULL, NULL, 3, NULL, 'brotherhood43.jpg'),
(1167, 'The Burned Men', 34, 1, 5, 'Deadly. Raise your Claim value by one during any challenge in which The Burned Men is attacking if you have fewer cards in hand than the defending player.', NULL, NULL, NULL, 5, NULL, 'brotherhood44.jpg'),
(1168, 'Tyrion''s Enforcers', 34, 1, 3, 'If you have fewer cards in hand than each opponent, Tyrion''s Enforcers can attack or defend military challenges while knelt.', NULL, NULL, NULL, 3, NULL, 'brotherhood45.jpg'),
(1169, 'Hidden Vale Pass', 34, 2, 1, 'Any Phase : kneel Hidden Vale Pass to put a Clansman character into play from your hand, knelt as an attacker during any challenge you have initiated. At the end of the challenge, discard that character from play if it is still in play.', NULL, NULL, NULL, NULL, NULL, 'brotherhood47.jpg'),
(1170, 'Rise of the Mountain Clans', 34, 5, NULL, 'Challenges : until the end of the phase, knelt Clansman characters you control can be declared as attackers during  challenges.', NULL, NULL, NULL, NULL, NULL, 'brotherhood48.jpg'),
(1171, 'Vale Scavenger', 34, 4, 1, 'Clansman character only. Any Phase : kneel attached character to choose a player. That player draws one card.', NULL, NULL, NULL, NULL, NULL, 'brotherhood46.jpg'),
(1172, 'Reek', 34, 1, 2, 'Stark only. Response: After you win an intrigue challenge in which Reek participated as an attacker, give the defending player control of Reek to choose and take control of one character controlled by that player.', NULL, NULL, NULL, 1, NULL, 'brotherhood41.jpg'),
(1173, 'Imposter !', 34, 4, 1, 'Attached character gets +1 STR for every House affiliation other than Stark among the cards you control. Any Phase : kneel one influence to give attached character the House affiliation of your choice until the end of the phase.', NULL, NULL, NULL, NULL, NULL, 'brotherhood42.jpg'),
(1174, 'Lost Spearman', 34, 1, 1, 'After you play Lost Spearman from your hand, any opponent may kneel one influence to return him to your hand.', NULL, NULL, NULL, 3, NULL, 'brotherhood55.jpg'),
(1175, 'Patience', 34, 5, NULL, 'House Martell only. Any Phase : choose and return one character you control to its owner''s hand.', NULL, NULL, NULL, NULL, NULL, 'brotherhood56.jpg'),
(1176, 'Ser Eldon Estermont', 34, 1, 4, 'Renown. While Ser Eldon Estermont is attacking, characters with fewer power than him cannot be declared as defenders.', NULL, NULL, NULL, 3, NULL, 'brotherhood49.jpg'),
(1177, 'Black Amethysts', 34, 4, 0, 'Asshai character only. Setup. Attached character gains deadly.', NULL, NULL, NULL, NULL, NULL, 'brotherhood50.jpg'),
(1178, 'Island Smuggler', 34, 1, 2, 'Response : kneel Island Smuggler to cancel an effect that would move a card out of a player''s dead or discard pile.', NULL, NULL, NULL, 2, NULL, 'brotherhood51.jpg'),
(1179, 'Driftwood Crown', 34, 4, 1, 'Greyjoy character only. Any Phase : kneel Driftwood Crown to give attached character one of the following crest and icon pairs until the end of the phase : war and military, noble and power, or holy and intrigue.', NULL, NULL, NULL, NULL, NULL, 'brotherhood52.jpg'),
(1180, 'Blood-Crazed Screamer', 34, 1, 2, 'If you have won a single military challenge as the attacker this phase, you may declare one additional military challenge (to a maximum of two) by declaring Blood-Crazed Screamer and any number of eligible Dothraki characters as attackers.', NULL, NULL, NULL, 1, NULL, 'brotherhood53.jpg'),
(1181, 'Wedding Feast', 34, 5, NULL, 'Targaryen only. Play only if you have won an intrigue and a power challenge as the attacker this phase. Challenges : kneel any number of standing Dothraki characters to have them each claim one power.', NULL, NULL, NULL, NULL, NULL, 'brotherhood54.jpg'),
(1182, 'Stoic Resolve', 34, 6, NULL, 'Knelt characters cannot be killed.', 3, NULL, 6, NULL, 1, 'brotherhood60.jpg'),
(1183, 'Lem Lemoncloak', 34, 1, 2, 'Deadly. If you have no power on your House card, Lem Lemoncloak gets +1 STR for each Brotherhood character you control.', NULL, NULL, NULL, 2, NULL, 'brotherhood57.jpg'),
(1184, 'Lady Stoneheart', 34, 1, 3, 'Renown. Dominance : put Lady Stoneheart into play from your dead pile. Then, discard all power from your House card.', NULL, NULL, NULL, 3, NULL, 'brotherhood58.jpg'),
(1185, 'Son of the Mist', 35, 1, 2, 'Response : after a player plays the last card from his or her hand, kneel a Clansman character to have Son of the Mist claim one power.', NULL, NULL, NULL, 2, NULL, 'brotherhood63.jpg'),
(1186, 'Ill-Begotten Spoils', 35, 4, 2, 'While attached character is attacking an opponent with more cards in hand than you, raise the Claim value on your revealed plot card by one.', NULL, NULL, NULL, NULL, NULL, 'brotherhood64.jpg'),
(1187, 'Steelshanks'' Reserves', 35, 1, 1, 'No attachments. During the challenge phase, the active player gains control of Steelshanks'' Reserves.', NULL, NULL, NULL, 4, NULL, 'brotherhood61.jpg'),
(1188, 'In Ramsay''s Name', 35, 5, NULL, 'Any Phase : until the end of the phase, each time a House Bolton character changes control, that character claims one power.', NULL, NULL, NULL, NULL, NULL, 'brotherhood62.jpg'),
(1189, 'Silent Assassin', 35, 1, 3, 'Deadly. Challenges : kneel Silent Assassin to stand and remove one of your attacking characters from the current challenge. Then, Silent Assassin is considered to be participating in the challenge as an attacker.', NULL, NULL, NULL, 1, NULL, 'brotherhood75.jpg'),
(1190, 'Poisoned Knife', 35, 4, 2, 'Attached character gains stealth. Response : after attached character declares stealth, discard the bypassed character from play unless its controller kneels one influence or pays one gold to the treasury.', NULL, NULL, NULL, NULL, NULL, 'brotherhood76.jpg'),
(1191, 'Stormlands Smuggler', 35, 1, 1, 'Baratheon only. Stealth. Immune to events.', NULL, NULL, NULL, 2, NULL, 'brotherhood65.jpg'),
(1192, 'Massey''s Hook', 35, 2, 1, 'Any Phase : kneel Massey''s Hook to choose and stand one character with stealth.', NULL, NULL, NULL, NULL, NULL, 'brotherhood66.jpg'),
(1193, 'Euron Crow''s Eye', 35, 1, 5, 'Renown. While Euron Crow''s Eye is attacking, Raider characters gain stealth and your opponents cannot play events.', NULL, NULL, NULL, 4, NULL, 'brotherhood67.jpg'),
(1194, 'Cragorn', 35, 1, 2, 'Any Phase : return Cragorn to your hand to take one gold from an opponent''s gold pool and add it to your own.', NULL, NULL, NULL, 1, NULL, 'brotherhood68.jpg'),
(1195, 'Euron''s Mongrel', 35, 1, 2, 'Limited Response : after a card is discarded from a player''s deck, kneel Euron''s Mongrel or kneel a Warship location to choose and discard one copy of that card from play. (Limit 1 limited response per round.)', NULL, NULL, NULL, 2, NULL, 'brotherhood69.jpg'),
(1196, 'Longship Silence', 35, 2, 2, 'Challenges : kneel Longship Silence to choose one attacking Raider character. Until the end of the challenge, that character gains stealth. If you win the challenge, draw one card.', NULL, NULL, NULL, NULL, NULL, 'brotherhood71.jpg'),
(1197, 'River Raid', 35, 5, NULL, 'Greyjoy only. Response : after a character card is discarded from an opponent''s deck, put that card into play under your control. At the end of the phase, return that character to its owner''s discard pile.', NULL, NULL, NULL, NULL, NULL, 'brotherhood72.jpg'),
(1198, 'Horn of Dragons', 35, 4, 2, 'Unique character only. Attached character gets +4 STR. Any Phase : kneel Horn of Dragons to take control of a Dragon character until the end of the phase.', NULL, NULL, NULL, NULL, NULL, 'brotherhood70.jpg'),
(1199, 'Horseback Hunters', 35, 1, 2, 'Targaryen only. Ambush. After you lose a military challenge, return Horseback Hunters to your hand.', NULL, NULL, NULL, 3, NULL, 'brotherhood73.jpg'),
(1200, 'The Womb of the World', 35, 2, 2, 'Response : after you win dominance, kneel The Womb of the World to return a non-unique Dothraki character from your dead pile to your hand.', NULL, NULL, NULL, NULL, NULL, 'brotherhood74.jpg'),
(1201, 'Retaliation !', 35, 6, NULL, 'If you win initiative, you must choose an opponent as the first player.', 4, NULL, 8, NULL, 2, 'brotherhood80.jpg'),
(1202, 'The Mad Huntsman', 35, 1, 3, 'Stealth. If you have no power on your House card, The Mad Huntsman does not kneel to attack or defend.', NULL, NULL, NULL, 3, NULL, 'brotherhood77.jpg'),
(1203, 'Hollow Hill', 35, 2, 1, 'If you have no power on your House card, reduce the gold penalty on all characters you play from your hand by one. Response : after you play a character with an affiliation that does not match any other card you control (including your House card), draw one card.', NULL, NULL, NULL, NULL, NULL, 'brotherhood78.jpg'),
(1204, 'Whispers from the Hill', 35, 5, NULL, 'Response : after a character is killed, move up to three power from that character to another character controlled by the same player. Then, draw one card.', NULL, NULL, NULL, NULL, NULL, 'brotherhood79.jpg'),
(1205, 'Tribeless Vagabond', 36, 1, 2, 'Stealth. Challenges : discard one card from your hand to give Tribeless Vagabond an icon of your choice until the end of the phase.', NULL, NULL, NULL, 2, NULL, 'brotherhood83.jpg'),
(1206, 'Tyrion''s Thug', 36, 4, 1, 'Clansman character only. Any Phase : discard one card from your hand to stand or kneel attached character.', NULL, NULL, NULL, NULL, NULL, 'brotherhood84.jpg'),
(1207, 'Steelshanks Walton', 36, 1, 2, 'Deadly. Dominance : if you won dominance this round, take control of Steelshanks Walton. (Any player may trigger this effect.)', NULL, NULL, NULL, 3, NULL, 'brotherhood81.jpg'),
(1208, 'The Weeping Water', 36, 2, 2, 'After a character changes control, stand The Weeping Water. Any Phase : kneel The Weeping Water to return the topmost House Bolton card in your discard pile to the top of your deck.', NULL, NULL, NULL, NULL, NULL, 'brotherhood82.jpg'),
(1209, 'Tyene Sand', 36, 1, 2, 'Sand Snake characters you control gain an intrigue icon and stealth.', NULL, NULL, NULL, 2, NULL, 'brotherhood91.jpg'),
(1210, 'Nymeria Sand', 36, 1, 3, 'Sand Snake characters you control gain a military icon and Deadly.', NULL, NULL, NULL, 3, NULL, 'brotherhood92.jpg'),
(1211, 'Bastard Daughter', 36, 1, 2, 'Response : after you lose a challenge, discard Bastard Daughter from play to put a unique Sand Snake character into play from your hand or discard pile.', NULL, NULL, NULL, 2, NULL, 'brotherhood93.jpg'),
(1212, 'Alchemist''s Shop', 36, 2, 1, 'Your characters with Weapon attachments you control get +2 STR and gain Deadly.', NULL, NULL, NULL, NULL, NULL, 'brotherhood95.jpg'),
(1213, 'His Viper Eyes', 36, 5, NULL, 'Martell only. Response : after you lose a challenge in which at least one Sand Snake character participated, kneel one influence to look at an opponent''s hand. Discard one event card from that hand, if able.', NULL, NULL, NULL, NULL, NULL, 'brotherhood96.jpg'),
(1214, 'Blood of the Viper', 36, 4, 1, 'Martell character only. Attached character gains the Sand Snake trait and ''Sand Snake characters you control get +1 STR.''', NULL, NULL, NULL, NULL, NULL, 'brotherhood94.jpg'),
(1215, 'Shadow Enchantress', 36, 1, 3, 'If there is at least one card in Shadows, Asshai characters gain a military icon and get +1 STR for each card in Shadows.', NULL, NULL, NULL, 3, NULL, 'brotherhood85.jpg'),
(1216, 'King Robert''s Debt', 36, 5, NULL, 'Baratheon only. Response : after you win a challenge, draw one card for each power claimed for renown during that challenge.', NULL, NULL, NULL, NULL, NULL, 'brotherhood86.jpg'),
(1217, 'Bloodthirsty Crew', 36, 1, 3, 'Intimidate. Deadly. Response : after you win an unopposed challenge in which Bloodthirsty Crew participated, discard the top two cards of the losing opponent''s deck.', NULL, NULL, NULL, 2, NULL, 'brotherhood87.jpg'),
(1218, 'Refurbished Hulk', 36, 2, 0, 'Greyjoy only. Limited. Marshalling : kneel Refurbished Hulk to reduce the cost of the next location you play this phase by two.', NULL, NULL, NULL, NULL, NULL, 'brotherhood88.jpg'),
(1219, 'Jhogo', 36, 1, 3, 'If he is attacking alone, Jhogo gains stealth. Response : after you win a military challenge in which Jhogo participated, draw one card for each attacking Dothraki character.', NULL, NULL, NULL, 3, NULL, 'brotherhood89.jpg'),
(1220, 'Jhogo''s Whip', 36, 4, 2, 'Targaryen only. Ambush. Dothraki character only. Challenges : if attached character is attacking, kneel Jhogo''s Whip to stand and remove a character from the current challenge. (Up to two characters instead if attached character is Jhogo.)', NULL, NULL, NULL, NULL, NULL, 'brotherhood90.jpg'),
(1221, 'Bungled Orders', 36, 6, NULL, 'After a player loses a challenge, that player must reveal a new plot card.', 3, NULL, 3, NULL, 1, 'brotherhood100.jpg'),
(1222, 'Jack-be-Lucky', 36, 1, 3, 'If you have no power on your House card, Jack-be-Lucky gains : ""Dominance : discard one card from your hand to draw one card.""', NULL, NULL, NULL, 2, NULL, 'brotherhood97.jpg'),
(1223, 'Orphaned Recruit', 36, 1, 2, 'Response : after Orphaned Recruit enters play, move one power from any player''s House card to Orphaned Recruit.', NULL, NULL, NULL, 2, NULL, 'brotherhood98.jpg'),
(1224, 'Gossip and Lies', 36, 5, NULL, 'Challenges : choose one participating character. Until the end of the challenge, that character gets +1 STR for each power you have that is not on your House card.', NULL, NULL, NULL, NULL, NULL, 'brotherhood99.jpg'),
(1225, 'Shagga Son of Dolf', 37, 1, 3, 'Deadly. Knelt Clansman characters you control can be declared as defenders during military challenges.', NULL, NULL, NULL, 3, NULL, 'brotherhood107.jpg'),
(1226, 'Mountain Camp', 37, 2, 0, 'Marshalling : kneel Mountain Camp to reduce the cost of the next Clansman character you play this phase by two. That character comes into play knelt.', NULL, NULL, NULL, NULL, NULL, 'brotherhood108.jpg'),
(1227, 'Roose Bolton', 37, 1, 4, 'Roose Bolton does not kneel to attack during intrigue challenges. Response : after you win a challenge in which Roose Bolton participated, all players take control of each character they own currently in play.', NULL, NULL, NULL, 3, NULL, 'brotherhood101.jpg'),
(1228, 'The Flayed Men', 37, 1, 2, 'No attachments except weapon. After a player wins a power challenge against you, that player gains control of The Flayed Men.', NULL, NULL, NULL, 5, NULL, 'brotherhood102.jpg'),
(1229, 'Bolton Loyalist', 37, 1, 2, 'After a player wins an intrigue challenge against you, that player takes control of Bolton Loyalist.', NULL, NULL, NULL, 3, NULL, 'brotherhood103.jpg'),
(1230, 'The Dreadfort', 37, 2, 2, 'Response : after you play or take control of a House Bolton character with STR three or higher, draw one card.', NULL, NULL, NULL, NULL, NULL, 'brotherhood105.jpg'),
(1231, 'Terror in the Dungeons', 37, 5, NULL, 'Response : after a player takes control of a House Bolton character, kneel one influence to kill that character and another character of equal or lower printed cost controlled by the same player.', NULL, NULL, NULL, NULL, NULL, 'brotherhood106.jpg'),
(1232, 'Bloody Scourge', 37, 4, 2, 'House Bolton character only. Setup. Response : after you win a challenge in which attached character participated, kneel Bloody Scourge to choose and discard one kneeling character from play.', NULL, NULL, NULL, NULL, NULL, 'brotherhood104.jpg'),
(1233, 'Obella Sand', 37, 1, 1, 'Sand Snake characters you control gain a power icon and vengeful.', NULL, NULL, NULL, 1, NULL, 'brotherhood115.jpg'),
(1234, 'No Use For Grief', 37, 5, NULL, 'Martell only. Response : after a Sand Snake character is killed, kneel one influence to search your deck for one Sand Snake character, reveal it, and add it to your hand. (Kneel three influence to search for any number of Sand Snake characters and put them into play instead if The Red Viper was just killed). Then shuffle your deck.', NULL, NULL, NULL, NULL, NULL, 'brotherhood116.jpg'),
(1235, 'Knight of Summerhall', 37, 1, 3, 'No attachments except weapon. Any Phase : kneel a holy character to put Knight of Summerhall into play from your dead pile.', NULL, NULL, NULL, 3, NULL, 'brotherhood109.jpg'),
(1236, 'Bound by the Light', 37, 5, NULL, 'Asshai character only. Response : after attached character is killed, search your deck for another Asshai character of equal or lower printed cost and put it into play. Then, shuffle your deck.', NULL, NULL, NULL, NULL, NULL, 'brotherhood110.jpg'),
(1237, 'Euron''s Enforcers', 37, 1, 5, 'Intimidate. No attachments. Euron''s Enforcers get +1 STR for each Raider character you control.', NULL, NULL, NULL, 3, NULL, 'brotherhood111.jpg'),
(1238, 'We Take Westeros !', 37, 5, NULL, 'House Greyjoy only. Limited Response : after you win a power challenge in which at least one Raider character participated, discard the top X cards of the losing opponent''s deck. X is the amount by which you won the challenge. (Limit one limited response per round.)', NULL, NULL, NULL, NULL, NULL, 'brotherhood112.jpg'),
(1239, 'Dothraki Handmaiden', 37, 1, 1, 'Challenges : kneel Dothraki Handmaiden to choose an attacking Dothraki character. Until the end of the challenge, that character gets +2 STR.', NULL, NULL, NULL, 1, NULL, 'brotherhood113.jpg'),
(1240, 'Black Hatchling', 37, 1, 1, 'No attachments. Discard Black Hatchling from play any time you control Drogon. Black Hatchling cannot defend.', NULL, NULL, NULL, 2, NULL, 'brotherhood114.jpg'),
(1241, 'Relentless Persecution', 37, 6, NULL, 'When revealed, kneel all non-unique characters in play.', 3, NULL, 5, NULL, 1, 'brotherhood120.jpg'),
(1242, 'Anguy the Archer', 37, 1, 3, 'Deadly. If you have no power on your House card, Anguy the Archer gains : ""Response : after an opponent''s character is killed, Anguy the Archer claims one power (limit three per phase).""', NULL, NULL, NULL, 3, NULL, 'brotherhood117.jpg'),
(1243, 'Stoney Sept', 37, 2, 1, 'Any Phase : kneel Stoney Sept to choose and return one Brotherhood character you control to its owner''s hand.', NULL, NULL, NULL, NULL, NULL, 'brotherhood118.jpg'),
(1244, 'Flaming Sword', 37, 4, 1, 'Limit one per character. Attached character gets +1 STR and cannot have its STR lowered by card effects. If attached character is Beric Dondarrion, he gains : ''After Beric Dondarrion claims power for renown, he claims one additional power.''', NULL, NULL, NULL, NULL, NULL, 'brotherhood119.jpg'),
(1245, 'Damon Marbrand', 62, 1, 3, 'Any Phase : discard a card from your hand to choose a character. Until the end of the phase, that character gets +3 STR during intrigue challenges for each Bannerman character you control.', NULL, NULL, NULL, 3, NULL, 'kr7.jpg'),
(1246, 'Ashemark', 62, 2, 1, 'Any Phase : discard a card from your hand to add one gold token from the treasury to your gold pool. (Limit 3 times per phase.)', NULL, NULL, NULL, NULL, NULL, 'kr8.jpg'),
(1247, 'Trebuchet', 62, 4, 1, 'Any Phase : discard Trebuchet from play to give each of your participating characters +X STR until the end of the challenge. X is the number of cards in your hand.', NULL, NULL, NULL, NULL, NULL, 'kr9.jpg'),
(1248, 'Mors Umber', 62, 1, 3, 'Any Phase : discard a card from your hand to choose a character. Until the end of the phase, that character gets +1 STR for each Bannerman character you control.', NULL, NULL, NULL, 3, NULL, 'kr13.jpg'),
(1249, 'Northland Keep', 62, 2, 1, 'Any Phase : kneel Northland Keep to choose a participating character with a higher STR than printed cost. Remove that character from the challenge.', NULL, NULL, NULL, NULL, NULL, 'kr14.jpg'),
(1250, 'Breaching the Wall', 62, 5, NULL, 'Stark only. Limited Response : after you win a military challenge, choose and kill any number of characters with a higher STR than printed cost that are controlled by the loosing opponent. (Limit 1 limited response per round.)', NULL, NULL, NULL, NULL, NULL, 'kr15.jpg'),
(1251, 'Edric Dayne', 62, 1, 3, 'Any Phase : discard a card from your hand to choose X characters. Until the end of the phase, those characters gain ''immune to events.'' X is the number of Bannerman characters you control.', NULL, NULL, NULL, 3, NULL, 'kr10.jpg'),
(1252, 'Southron Stronghold', 62, 2, 1, 'Any Phase : discard a card from your hand to stand Southron Stronghold.', 1, 1, NULL, NULL, NULL, 'kr11.jpg'),
(1253, 'Poisoned Well', 62, 4, 0, 'Attach to a location. Response : after attached location''s effect is triggered, return it to its owner''s hand.', NULL, NULL, NULL, NULL, NULL, 'kr12.jpg'),
(1254, 'Alester Florent', 62, 1, 3, 'Any Phase : discard a card from your hand to choose a character. Until the end of the phase, that character gets +3 STR during power challenges for each Bannerman character you control.', NULL, NULL, NULL, 3, NULL, 'kr1.jpg'),
(1255, 'Brightwater Keep', 62, 2, 1, 'No attachments. Response : after a card is discarded from a player''s hand, kneel Brightwater Keep to return that card to its owner''s hand.', NULL, NULL, NULL, NULL, NULL, 'kr2.jpg'),
(1256, 'Gorold Goodbrother', 62, 1, 3, 'Any Phase : discard a card from your hand to choose and kneel X locations. X is the number of Bannerman characters you control.', NULL, NULL, NULL, 3, NULL, 'kr4.jpg'),
(1257, 'Hammerhorn', 62, 2, 1, 'No attachments. The player with the most cards at his or her command at the beginning of the draw phase draws one less card (to a minimum of one) when he or she draws for that phase.', NULL, NULL, NULL, NULL, NULL, 'kr5.jpg'),
(1258, 'Scaling Ladder', 62, 4, 1, 'While attached location is knelt, its controller cannot declare defenders during military challenges.', NULL, NULL, NULL, NULL, NULL, 'kr6.jpg'),
(1259, 'Ser Raymun Darry', 62, 1, 3, 'Any Phase : discard a card from your hand to put an attachment of cost X or lower into play from your hand. X is the number of Bannerman characters you control.', NULL, NULL, NULL, 3, NULL, 'kr16.jpg'),
(1260, 'Castle Darry', 62, 2, 0, 'Immune to plot card effects. At the end of the standing phase, claim one power for your House if you control more attachments than each opponent.', NULL, NULL, NULL, NULL, NULL, 'kr17.jpg'),
(1261, 'Rain of Fire', 62, 5, NULL, 'Play only if you control at least one printed Dragon character. Challenges : discard all attachment cards from play. Then discard the top card of your deck for each attachment discarded by this effect.', NULL, NULL, NULL, NULL, NULL, 'kr18.jpg'),
(1262, 'Rally Cry', 62, 6, NULL, 'When revealed, choose and discard one character or location with cost X or lower controlled by the player with the most cards at his or her command. X is the combined number of plots in all players'' used piles.', 3, NULL, 0, NULL, 1, 'kr20.jpg'),
(1263, 'Into the Breach', 62, 5, NULL, 'Any Phase : put a Baratheon character into play from your hand. At the end of the phase, if that character is still in play, discard it.', NULL, NULL, NULL, NULL, NULL, 'kr3.jpg'),
(1264, 'Storm the Gate', 62, 5, NULL, 'Baratheon or Greyjoy only. Dominance : kneel three influence or pay three gold to discard all kneeling characters from play.', NULL, NULL, NULL, NULL, NULL, 'kr19.jpg'),
(1265, 'King''s Landing Guard', 63, 1, 4, 'No attachments. Response : after you win a military challenge in which King''s Landing Guard participated, discard one card at random from the losing player''s hand.', NULL, NULL, NULL, 5, NULL, 'kr27.jpg'),
(1266, 'Tommen Baratheon', 63, 1, 1, 'Lannister only. Any Phase : if it is Summer, kneel Tommen Baratheon to look at the top four cards of your deck. Switch any one of those cards with a card in your hand, if able. Then, put the remaining cards on top of your deck in any order.', NULL, NULL, NULL, 1, NULL, 'kr28.jpg'),
(1267, 'Bran Stark', 63, 1, 2, 'If it is Winter, Bran Stark gains ''Challenges : during a challenge, kneel Bran Stark to choose and kneel a standing non-participating, non-Army character with higher STR than printed cost. That character is now participating in the current challenge on your side.''', NULL, NULL, NULL, 2, NULL, 'kr33.jpg'),
(1268, 'Winterfell', 63, 2, 3, 'Stark only. No attachments. Challenges : if it is Winter, kneel Winterfell to increase the claim of the current challenge by one.', NULL, NULL, NULL, NULL, NULL, 'kr34.jpg'),
(1269, 'Oberyn''s Shield Bearer', 63, 1, 2, 'Martell only. Any Phase : if it is Summer, discard Oberyn''s Shield Bearer (cannot be saved) to cancel the next three effects triggered by a single opponent (of your choice) this round.', NULL, NULL, NULL, 2, NULL, 'kr31.jpg'),
(1270, 'Ellaria Sand', 63, 1, 3, 'Martell only. Bastard. While it is Summer, Ellaria Sand gains : ''Response : after an opponent plays or puts a character into play, Ellaria Sand claims two power if that player controls more characters than you. (Limit 3 times per phase.)''', NULL, NULL, NULL, 3, NULL, 'kr30.jpg'),
(1271, 'The Long Plan', 63, 5, NULL, 'Martell only. Response : after you have lost your third challenge in the same phase, bring The Long Plan out of Shadows by paying the rest of its gold cost. Then, claim three power for your House. (Limit 1 per phase.)', NULL, NULL, NULL, NULL, NULL, 'kr32.jpg'),
(1272, 'Ser Imry Florent', 63, 1, 2, 'Ser Imry Florent cannot be returned to your hand. If it is Summer or Winter, Ser Imry Florent gets +2 STR and gains deadly.', NULL, NULL, NULL, 1, NULL, 'kr21.jpg'),
(1273, 'Ser Garlan Tyrell', 63, 1, 3, 'Renown. Deadly. If it is Summer, kneel Ser Garlan Tyrell and discard all power from him.', NULL, NULL, NULL, 3, NULL, 'kr22.jpg'),
(1274, 'Balon Greyjoy', 63, 1, 4, 'Greyjoy only. Renown. If it is Winter, each of your characters gets +2 STR while you control more locations than each opponent.', NULL, NULL, NULL, 3, NULL, 'kr24.jpg'),
(1275, 'Longship Great Kraken', 63, 2, 1, 'If it is not Summer, Longship Great Kraken gains : ''Dominance : each opponent must discard the top X cards of his or her deck, where X is the number of characters in his or her dead pile. (Limit once per round.)''', NULL, NULL, NULL, NULL, NULL, 'kr25.jpg'),
(1276, 'Khal Drogo', 63, 1, 4, 'Targaryen only. Renown. If it is Summer, each of your characters gets +2 STR while you control more attachments than each opponent.', NULL, NULL, NULL, 3, NULL, 'kr36.jpg'),
(1277, 'Dothraki Vanguard', 63, 1, 3, 'Response : after you play Dothraki Vanguard from your hand, reveal the top five cards of your deck. You may put one revealed Dothraki character into play. Shuffle the other cards back into your deck.', NULL, NULL, NULL, 2, NULL, 'kr38.jpg'),
(1278, 'Slaver''s Bay', 63, 2, 2, 'Response : if it is Symmer, after you win a power challenge, kneel Slaver''s Bay to put a non-unique character from any opponent''s discard pile into play under your control.', NULL, NULL, NULL, NULL, NULL, 'kr37.jpg'),
(1279, 'The Kingsroad', 63, 2, 1, 'After you win a challenge, kneel all copies of The Kingsroad in play to choose an opponent. Then, if it is Winter, that player must discard one card at random from his or her hand.', 1, NULL, 1, NULL, NULL, 'kr23.jpg'),
(1280, 'The Kingsroad', 63, 2, 1, 'After you win a challenge, kneel all copies of The Kingsroad in play. Then, if it is Summer, draw one card.', 1, NULL, 1, NULL, NULL, 'kr29.jpg'),
(1281, 'Green Dream', 63, 5, NULL, 'Dominance : if you are running a Seasons agenda, search your deck for a non-Raven card with either the word ''Summer'' or ''Winter'' in its text box, reveal it, and add it to your hand. Then, shuffle your deck.', NULL, NULL, NULL, NULL, NULL, 'kr35.jpg'),
(1282, 'A Song of Fire', 63, 3, NULL, 'If no opponent is running a Seasons agenda, it cannot be Winter. If it is Summer, increase each player''s draw cap by one.', NULL, NULL, NULL, NULL, NULL, 'kr39.jpg'),
(1283, 'A Song of Ice', 63, 3, NULL, 'If no opponent is running a Seasons agenda, it cannot be Summer. If it is Winter, each player must choose and discard down to four cards in hand at the end of the dominance phase.', NULL, NULL, NULL, NULL, NULL, 'kr40.jpg'),
(1284, 'Janos Slynt', 64, 1, 2, 'Response : after one or more cards are discarded from an opponent''s hand, stand Janos Slynt to draw one card.', NULL, NULL, NULL, 2, NULL, 'kr67.jpg'),
(1285, 'Janos''s Conspirator', 64, 1, 2, 'Response : after you play Janos''s Conspirator from your hand, choose and kneel a character if there is a Wildling or another Night''s Watch character in play.', NULL, NULL, NULL, 2, NULL, 'kr68.jpg'),
(1286, 'Secret Orders', 64, 5, NULL, 'Lannister only. Any Phase : choose a character. Until the end of the phase, that character''s base STR is X. X is the amount of gold in its controller''s gold pool when this effect resolves.', NULL, NULL, NULL, NULL, NULL, 'kr69.jpg'),
(1287, 'Jon Snow', 64, 1, 3, 'Deadly. Your Wildling characters get +1 STR. Your Night''s Watch characters gain ''immune to events.''', NULL, NULL, NULL, 2, NULL, 'kr73.jpg'),
(1288, 'Yoren', 64, 1, 1, 'If it is not Summer, Yoren can defend intrigue challenges declared against you, even while kneeling.', NULL, NULL, NULL, 2, NULL, 'kr74.jpg'),
(1289, 'Damphair''s Drowned', 63, 1, 1, 'If you control more locations than each opponent, Damphair''s Drowned gets +1 STR and gains an intrigue icon with a naval enhancement.', NULL, NULL, NULL, 1, NULL, 'kr26.jpg');
INSERT INTO `carte_carte` (`CarteID`, `Nom`, `Extension`, `Type`, `Cout`, `Texte`, `Gold`, `Influence`, `Initiative`, `Force`, `Prise`, `Image`) VALUES
(1290, 'Viper''s Paramour', 64, 1, 1, 'Ally characters cannot be declared as defenders while Viper''s Paramour is attacking.', NULL, NULL, NULL, 1, NULL, 'kr70.jpg'),
(1291, 'Dayne Spearman', 64, 1, 1, 'Martell only. Response : after you lose a challenge, put Dayne Spearman into shadows to choose a character. That character loses a military, an intrigue, and a power icon until the end of the phase.', NULL, NULL, NULL, 2, NULL, 'kr71.jpg'),
(1292, 'Dornish Hermitage', 64, 2, 1, 'Any phase : discard a card from your hand to choose a character. Until the end of the phase, that character gains an icon of your choice.', NULL, NULL, NULL, NULL, NULL, 'kr72.jpg'),
(1293, 'Stannis Baratheon', 64, 1, 4, 'Baratheon only. Renown. If it is Winter, Stannis Baratheon gets +1 STR and gains ''Response : after you play an event card, choose a character without any power on it. That character claims one power.''', NULL, NULL, NULL, 3, NULL, 'kr62.jpg'),
(1294, 'Melisandre''s Favor', 64, 4, 3, 'Baratheon only. Take control of attached character. At the end of the dominance phase, discard Melisandre''s Favor from play.', NULL, NULL, NULL, NULL, NULL, 'kr63.jpg'),
(1295, 'Gormond Goodbrother', 64, 1, 2, 'Response : kneel Gormond Goodbrother to save a location you control from being discarded from play.', NULL, NULL, NULL, 2, NULL, 'kr64.jpg'),
(1296, 'Hammerhorn Raiders', 64, 1, 4, 'While Hammerhorn Raiders is attacking, raise the claim value on your revealed plot card by one if you win the challenge by counting at least twice STR as the defending player.', NULL, NULL, NULL, 4, NULL, 'kr65.jpg'),
(1297, 'Plunder', 64, 5, NULL, 'Greyjoy only. Any Phase : choose an opponent. Add one gold token to your gold pool from the treasury for each location that opponent controls.', NULL, NULL, NULL, NULL, NULL, 'kr66.jpg'),
(1298, 'Loyal to the Last', 64, 5, NULL, 'Challenges : during a power challenge, kneel two of your Targaryen characters to kill all attacking characters. Limit 1 per challenge.', NULL, NULL, NULL, NULL, NULL, 'kr76.jpg'),
(1299, 'Aegon''s Favor', 64, 4, 0, 'Setup. Attach to a character you control. Challenges : discard the top card of your deck to give attached character +1 STR until the end of the phase. (Limit 5 per round.)', NULL, NULL, NULL, NULL, NULL, 'kr75.jpg'),
(1300, 'Betrayal at the Wall', 64, 6, NULL, 'Increase the size of your plot deck by one. (Limit 1 per plot deck.) When revealed, choose and reveal a new plot card if you control two or more Night''s Watch or Wildling characters. (Cannot be canceled.)', 1, NULL, 11, NULL, 1, 'kr79.jpg'),
(1301, 'Befouled River', 64, 6, NULL, 'When revealed, the player with the most cards at his or her command must choose and discard two cards that are under his or her command.', 2, NULL, 0, NULL, 2, 'kr80.jpg'),
(1302, 'Eastwatch Envoy', 64, 1, 2, 'Stealth. While Eastwatch Envoy gains an icon, it also gains a naval enhancement with that icon.', NULL, NULL, NULL, 3, NULL, 'kr77.jpg'),
(1303, 'Ygritte', 64, 1, 3, 'Response : after you play Ygritte from your hand, choose and take control of a neutral or Night''s Watch character until Ygritte leaves play.', NULL, NULL, NULL, 2, NULL, 'kr78.jpg'),
(1304, 'Coldhands', 64, 1, 2, 'Coldhands cannot be saved. Response : after you play Coldhands from your hand, choose one non-Army character controlled by each player, if able, and remove those characters from the game. When Coldhands leaves play, return the removed cards to play under their owners'' control.', NULL, NULL, NULL, 3, NULL, 'kr61.jpg'),
(1305, 'Ashemark Knight', 65, 1, 2, 'Any Phase : discard a card from your hand to draw one card.', NULL, NULL, NULL, 2, NULL, 'kr86.jpg'),
(1306, 'Ser Gregor''s Dog', 65, 1, 0, 'After a card is discarded from any player''s hand, Ser Gregor''s Dog gets +1 STR until the end of the phase.', NULL, NULL, NULL, 0, NULL, 'kr87.jpg'),
(1307, 'Harry the Riverlands', 65, 5, NULL, 'Lannister only. Any Phase : kneel any number of characters with combined printed cost three or lower.', NULL, NULL, NULL, NULL, NULL, 'kr88.jpg'),
(1308, 'Harwin', 65, 1, 2, 'While any opponent''s House card has more power than your House card, Harwin gains, ''Response : after you win a military challenge, search your deck for a card, shuffle your deck, and then put that card on top of your deck.''', NULL, NULL, NULL, 2, NULL, 'kr93.jpg'),
(1309, 'Robb Stark', 65, 1, 4, 'Renown. Response : after you win a challenge in which Robb Stark participated, choose and kill a character with a higher STR than its printed cost. (Cannot be saved.)', NULL, NULL, NULL, 3, NULL, 'kr92.jpg'),
(1310, 'Obara Sand', 65, 1, 3, 'Obara Sand gets +2 and gains renown while she is attacking a player who controls more characters than you.', NULL, NULL, NULL, 3, NULL, 'kr89.jpg'),
(1311, 'Prepare for War', 65, 5, NULL, 'Martell only. Any Phase : choose any number of influence providing cards with combined printed cost three or lower. Kneel all chosen cards or stand all chosen cards.', NULL, NULL, NULL, NULL, NULL, 'kr91.jpg'),
(1312, 'Doran''s Favor', 65, 4, 0, 'Setup. Attach to a character you control. Discard attached character from play (cannot be saved) when you kneel Doran''s Favor to pay an influence cost.', NULL, 4, NULL, NULL, NULL, 'kr90.jpg'),
(1313, 'Brightwater Man-at-Arms', 65, 1, 2, 'Deadly. Brightwater Man-at-Arms does not kneel to attack or defend. At the end of the dominance phase, discard Brightwater Man-at-Arms from play.', NULL, NULL, NULL, 4, NULL, 'kr81.jpg'),
(1314, 'Forced March', 65, 5, NULL, 'Baratheon only. Any Phase : stand any number of characters with combined printed cost three or lower.', NULL, NULL, NULL, NULL, NULL, 'kr82.jpg'),
(1315, 'A Noble Cause', 65, 3, NULL, 'Baratheon only. You draw one less card during the draw phase (to a minimum of one). Your Baratheon characters with printed cost two or higher gain renown.', NULL, NULL, NULL, NULL, NULL, 'kr98.jpg'),
(1316, 'Asha Greyjoy', 65, 1, 4, 'Renown. If any opponent has more power on his or her House card than you, Asha Greyjoy cannot be killed.', NULL, NULL, NULL, 3, NULL, 'kr83.jpg'),
(1317, 'Pyke', 65, 2, 0, 'No attachments. Immune to events and character abilities. Power on Pyke counts towards your victory total. Any phase : kneel Pyke to move one power from your House card to Pyke.', NULL, NULL, NULL, NULL, NULL, 'kr84.jpg'),
(1318, 'Storming the Shore', 65, 5, NULL, 'Greyjoy only. Any Phase : choose and kneel any number of locations with combined printed cost three or lower.', NULL, NULL, NULL, NULL, NULL, 'kr85.jpg'),
(1319, 'The Old Way', 65, 3, NULL, 'Greyjoy only. After a challenge resolves, the player who counted the lowest total STR must choose and kill a participating character he or she controls.', NULL, NULL, NULL, NULL, NULL, 'kr99.jpg'),
(1320, 'Griffin''s Roost', 65, 2, 1, 'Targaryen only. While any opponent''s House card has more power than your House card, raise the claim value on your revealed plot card by one during  challenges.', NULL, NULL, NULL, NULL, NULL, 'kr94.jpg'),
(1321, 'Daenerys''s Favor', 65, 4, 0, 'Attach to a character you control. Attached character gets +3 STR, gains the Bannerman trait, and gains a military, an intrigue, and a power icon. After you lose a power challenge, discard attached character from play. (Cannot be saved.)', NULL, NULL, NULL, NULL, NULL, 'kr95.jpg'),
(1322, 'Redwyne Straits', 65, 6, NULL, 'When revealed, the player with the fewest cards at his or her command adds four gold to his or her gold pool.', 4, NULL, 0, NULL, 1, 'kr100.jpg'),
(1323, 'Gendry', 65, 1, 1, 'While any opponent''s House card has more power than your House card, Gendry gains, ''Response : after you win a challenge in which Gendry participated, move one power from the losing player''s House card to Gendry.''', NULL, NULL, NULL, 1, NULL, 'kr96.jpg'),
(1324, 'Lady of the Leaves', 65, 1, 2, 'Immune to events. While any opponent''s House card has more power than your House card, Lady of the Leaves gains : ''Any Phase : kneel Lady of the Leaves to choose a character. Until the end of the phase, treat that character as if its printed text box were blank.''', NULL, NULL, NULL, 2, NULL, 'kr97.jpg'),
(1325, 'Grand Maester Pycelle', 66, 1, 3, 'Response : after you win a challenge in which Grand Maester Pycelle participated, discard up to two cards at random from the losing opponent''s hand. Then, that player adds the same number of cards from the top of his deck to his hand.', NULL, NULL, NULL, 3, NULL, 'kr107.jpg'),
(1326, 'Lashing Out', 66, 5, NULL, 'During an intrigue challenge, kneel two of your Lannister characters to kill all attacking characters. Limit 1 per challenge.', NULL, NULL, NULL, NULL, NULL, 'kr109.jpg'),
(1327, 'Tywin''s Favor', 66, 4, 0, 'Setup. Attach to a character you control. Any Phase : discard attached character from play to add four gold tokens to your gold pool from the treasury.', NULL, NULL, NULL, NULL, NULL, 'kr108.jpg'),
(1328, 'Sansa Stark', 66, 1, 2, 'Response : after you play Sansa Stark from your hand, search your deck for a card. If you have the fewest cards at your command, add it to your hand. Otherwise, discard it. Shuffle your deck.', NULL, NULL, NULL, 2, NULL, 'kr114.jpg'),
(1329, 'Robb''s Favor', 66, 4, 1, 'Attach to a Stark character you control. Limit one per character. While attached character is attacking alone, increase the claim value on your revealed plot card by two. If you win that challenge, discard attached character from play (cannot be saved).', NULL, NULL, NULL, NULL, NULL, 'kr115.jpg'),
(1330, 'Southron Heiress', 66, 1, 2, 'Southron Heiress gains stealth and deadly when attacking a player who controls more characters than you.', NULL, NULL, NULL, 2, NULL, 'kr110.jpg'),
(1331, 'Secret Schemes', 66, 5, NULL, 'Martell only. Challenges : kneel X influence to reveal X cards from the top of your deck and add them to your hand, if able. Then, shuffle X cards from your hand into your deck.', NULL, NULL, NULL, NULL, NULL, 'kr111.jpg'),
(1332, 'Bloodthirst', 66, 3, NULL, 'Martell only. At the end of the challenge phase, the player who controls the fewest characters draws two cards.', NULL, NULL, NULL, NULL, NULL, 'kr119.jpg'),
(1333, 'Maester Cressen', 66, 1, 0, 'Baratheon only. Response : after Maester Cressen comes out of shadows or after he is killed, return the topmost card of your discard pile to your hand.', NULL, NULL, NULL, 2, NULL, 'kr101.jpg'),
(1334, 'Mace Tyrell', 66, 1, 4, 'Renown. If it is not Summer, reduce the amount of power required for each player to win the game by one for each power on Mace Tyrell.', NULL, NULL, NULL, 3, NULL, 'kr102.jpg'),
(1335, 'Riches of the Reach', 66, 5, NULL, 'Baratheon only. Any Phase : draw four cards, ignoring the draw cap. You cannot draw cards for the rest of the game.', NULL, NULL, NULL, NULL, NULL, 'kr103.jpg'),
(1336, 'Gran Goodbrother', 66, 1, 2, 'If you control more locations than each opponent, Gran Goodbrother cannot be killed or discarded from play.', NULL, NULL, NULL, 2, NULL, 'kr104.jpg'),
(1337, 'Longship Maiden''s Bane', 66, 2, 2, 'Challenges : during a challenge, kneel Longship Maiden''s Bane to have it participate in the current challenge on your side as a character with ''cannot be killed'' and X STR. X is the number of Warship cards you control.', NULL, NULL, NULL, NULL, NULL, 'kr105.jpg'),
(1338, 'Euron''s Favor', 66, 4, 0, 'Setup. Attach to a character you control. Any Phase : discard a Warship location from play or from your hand to give attached character +4 STR and deadly until the end of the phase.', NULL, NULL, NULL, NULL, NULL, 'kr106.jpg'),
(1339, 'Viserion', 66, 1, 3, 'Stealth. No attachments. Rhaegal cannot be killed.', NULL, NULL, NULL, 3, NULL, 'kr116.jpg'),
(1340, 'Drogon', 66, 1, 3, 'Renown. No attachments. Viserion cannot be killed.', NULL, NULL, NULL, 4, NULL, 'kr117.jpg'),
(1341, 'Rhaegal', 66, 1, 3, 'Deadly. No attachments. Drogon cannot be killed.', NULL, NULL, NULL, 3, NULL, 'kr118.jpg'),
(1342, 'Summoned by the Conclave', 66, 6, NULL, 'When revealed, each player not running an agenda may search his or her deck for a character card, reveal it, and add it to his or her hand. Shuffle all searched decks.', 4, NULL, 1, NULL, 1, 'kr120.jpg'),
(1343, 'Littlefinger', 66, 1, 10, 'Stealth. Immune to opponents'' events. Reduce the cost to bring Littlefinger out of shadows by a single opponent''s (your choice) current power total. Increase the claim value on your revealed plot card by one when attacking an opponent with more power than you.', NULL, NULL, NULL, 3, NULL, 'kr112.jpg'),
(1344, 'Alleras', 66, 1, 2, 'No attachments. If you are not running an agenda, Alleras gains : ''Response : after an opponent running an agenda wins a challenge as the attacker against you, name a challenge type. That player cannot declare attackers or defenders during that challenge type until the end of the phase. (Limit once per phase.)''', NULL, NULL, NULL, 2, NULL, 'kr113.jpg'),
(1345, 'Tywin Lannister', 67, 1, 4, 'Renown. Tywin Lannister does not kneel to attack an opponent with more cards in hand than you.', NULL, NULL, NULL, 4, NULL, 'kr45.jpg'),
(1346, 'The Hound', 67, 1, 0, 'Lannister only. No attachments except Weapon. The Hound gets +1 STR for each card in shadows.', NULL, NULL, NULL, 4, NULL, 'kr46.jpg'),
(1347, 'Umber Champion', 67, 1, 2, 'Any Phase : discard Umber Champion from play (cannot be saved) to stand each defending character.', NULL, NULL, NULL, 2, NULL, 'kr49.jpg'),
(1348, 'Moat Cailin', 67, 2, 0, 'Stark only. While defending a challenge with at least one character, your side counts +1 STR for each card in shadows. Response : after a challenge is declared against you, bring Moat Cailin out of shadows.', NULL, NULL, NULL, NULL, NULL, 'kr50.jpg'),
(1349, 'Arianne Martell', 67, 1, 1, 'Martell only. Response : after Arianne Martell comes out of shadows, choose and reveal a new plot card.', NULL, NULL, NULL, 3, NULL, 'kr47.jpg'),
(1350, 'Palestone Sword Guard', 67, 1, 2, 'Any Phase : kneel one influence or discard one card from your hand to give Palestone Sword Guard +1 STR and an icon of your choice until the end of the phase.', NULL, NULL, NULL, 1, NULL, 'kr48.jpg'),
(1351, 'Shadow Killer', 67, 1, 2, 'Baratheon only. Stealth. Deadly. Response : after Shadow Killer comes out of shadows, choose and kill a character controlled by a player with more cards at his or her command than you (cannot be saved).', NULL, NULL, NULL, 1, NULL, 'kr41.jpg'),
(1352, 'Melisandre', 67, 1, 4, 'Renown. Holy characters in your dead pile count their STR toward dominance. Response : after you win dominance, choose a holy character in your dead pile and put it into play.', NULL, NULL, NULL, 3, NULL, 'kr42.jpg'),
(1353, 'Greydon Goodbrother', 67, 1, 0, 'Discard Greydon Goodbrother from play (cannot be saved) if you control fewer locations than any opponent.', NULL, NULL, NULL, 2, NULL, 'kr43.jpg'),
(1354, 'Longship Grey Ghost', 67, 2, 0, 'Greyjoy only. After you win an unopposed challenge, return Longship Grey Ghost to shadows. Response : after Longship Grey Ghost comes out of shadows, choose a character. That character cannot defend this phase.', NULL, NULL, NULL, NULL, NULL, 'kr44.jpg'),
(1355, 'Ser Jorah Mormont', 67, 1, 1, 'Targaryen only. No attachments except Weapon. If Ser Jorah Mormont is discarded from your hand, put him into shadows instead. Then, draw one card.', NULL, NULL, NULL, 3, NULL, 'kr51.jpg'),
(1356, 'Harpy''s Scourge', 67, 4, 1, 'Setup. Challenges : discard a card from your hand to choose a character. Until the end of the phase, that character gets -1 STR, and attached character gets +1 STR.', NULL, NULL, NULL, NULL, NULL, 'kr52.jpg'),
(1357, 'On My Oath', 67, 6, NULL, 'When revealed, put a Kingsguard or Queensguard character with the shadow crest into shadows from your dead or discard pile.', 3, NULL, 7, NULL, 1, 'kr60.jpg'),
(1358, 'Ser Barristan Selmy', 67, 1, 4, 'No attachments. Renown. Challenges : kneel one influence or pay one gold to bring a Kingsguard or Queensguard character out of shadows.', NULL, NULL, NULL, 4, NULL, 'kr53.jpg'),
(1359, 'Ser Jaime Lannister', 67, 1, 2, 'No attachments. Renown. Response : after a card comes out of shadows, draw one card. (Draw three cards instead if you control three or more Kingsguard characters.)', NULL, NULL, NULL, 3, NULL, 'kr54.jpg'),
(1360, 'Ser Meryn Trant', 67, 1, 1, 'No attachments. Stealth. Response : after a card comes out of shadows, each opponent must choose and kneel one standing character or location he controls, if able.)', NULL, NULL, NULL, 3, NULL, 'kr55.jpg'),
(1361, 'Ser Mandon Moore', 67, 1, 1, 'No attachments. Deadly. If you have more cards in shadows than each opponent, opponents'' characters cannot be saved.', NULL, NULL, NULL, 3, NULL, 'kr56.jpg'),
(1362, 'Ser Preston Greenfield', 67, 1, 0, 'No attachments. Any Phase : return a Kingsguard or Queensguard character you control to shadows. (Limit once per round.)', NULL, NULL, NULL, 2, NULL, 'kr57.jpg'),
(1363, 'Ser Arys Oakheart', 67, 1, 1, 'No attachments. Response : after a card comes out of shadows, choose and stand one character you control. (Limit 3 times per phase.)', NULL, NULL, NULL, 3, NULL, 'kr58.jpg'),
(1364, 'Ser Boros Blount', 67, 1, 0, 'No attachments. Response : after Ser Boros Blount comes out of shadows, each of your characters gets +1 STR until the end of the phase.', NULL, NULL, NULL, 2, NULL, 'kr59.jpg'),
(1365, 'Little Bird', 56, 1, 1, 'Challenges : kneel Little Bird to choose a character. Until the end of the phase that character gains (choose 1) : an intrigue icon, stealth or infamy.', NULL, NULL, NULL, 1, NULL, 'sea1.jpg'),
(1366, 'Blackwater Bay Veteran', 56, 1, 2, 'Infamy. While Blackwater Bay Veteran has one or more power on it, it gains a miltary naval enhancement.', NULL, NULL, NULL, 2, NULL, 'sea2.jpg'),
(1367, 'Fleet form The Arbor', 56, 1, 7, 'No attachments. Deadly. Lower the cost to play Fleet from The Arbor by three if any opponent is running an agenda. Response : after Fleet from The Arbor is declared as a naval attacker, choose another attacking character you control. Stand and remove that character from the challenge.', NULL, NULL, NULL, 7, NULL, 'sea3.jpg'),
(1368, 'Fleet from Wolf''s Den', 56, 1, 7, 'No attachments. Renown. Lower the cost to play Fleet from Wolf''s Den by three if any opponent is running an agenda. Response : after Fleet from Wolf''s Den is declared as a naval attacker, choose another attacking character you control. Stand and remove that character from the challenge.', NULL, NULL, NULL, 7, NULL, 'sea11.jpg'),
(1369, 'Wyman Manderly', 56, 1, 3, 'While Wyman Manderly is participating in a challenge, participating characters with STR 2 or lower do not count their STR.', NULL, NULL, NULL, 3, NULL, 'sea10.jpg'),
(1370, 'Lady Nym''s Guard', 56, 1, 7, 'No attachments. Stealth. Lower the cost to play Lady Nym''s Guard by three if any opponent is running an agenda. Response : discard a card from your hand to cancel a card effect just triggered that chooses one of your Sand Snake characters as the only target.', NULL, NULL, NULL, 7, NULL, 'sea13.jpg'),
(1371, 'Areo Hotah', 56, 1, 3, 'Vengeful. Response : after you lose a challenge in which Areo Hotah participated in as the defender, discard the top five cards of your deck to choose and kill a participating character.', NULL, NULL, NULL, 3, NULL, 'sea12.jpg'),
(1372, 'Melisandre''s Scheme', 56, 6, NULL, 'Baratheon only. You may play Baratheon characters out of your discard pile during the marshalling phase as if they were in your hand.', 4, NULL, 2, NULL, 1, 'sea9.jpg'),
(1373, 'Lady Olenna''s Guard', 56, 1, 4, 'Melee. Renown.', NULL, NULL, NULL, 3, NULL, 'sea7.jpg'),
(1374, 'Fleet from Lysene', 56, 1, 7, 'No attachments. Stealth. Lower the cost to play Fleet from Lysene by three if any opponent is running an agenda. Response : after Fleet from Lysene is declared as a naval attacker, choose another attacking character you control. Stand and remove that character from the challenge.', NULL, NULL, NULL, 7, NULL, 'sea8.jpg'),
(1375, 'Apostle of The Drowned God', 56, 1, 2, 'Response : after you win a challenge in which Apostle of The Drowned God participated, discard the top card of the losing opponent''s deck. If that card is a location, Apostle of The Drowned God claims one power.', NULL, NULL, NULL, 1, NULL, 'sea4.jpg'),
(1376, 'Fleet from Pyke', 56, 1, 7, 'No attachments. Deadly. Lower the cost to play Fleet from Pyke by three if any opponent is running an agenda. Response : after Fleet from Pyke is declared as a naval attacker, choose another attacking character you control. Stand and remove that character from the challenge.', NULL, NULL, NULL, 7, NULL, 'sea5.jpg'),
(1377, 'Victarion Greyjoy', 56, 1, 4, 'While Victarion Greyjoy is attacking, raise the claim value on your revealed plot card by one if you control more participating characters with naval enhancements than the defending opponent.', NULL, NULL, NULL, 3, NULL, 'sea6.jpg'),
(1378, 'Missandei', 56, 1, 2, 'While no opponent controls a Queen character, Missadei cannot be discarded from play.', NULL, 2, NULL, 1, NULL, 'sea14.jpg'),
(1379, 'Captain Groleo', 56, 1, 4, 'Response : after you win a challenge in which Captain Groleo participated by four or more total STR, search your deck for an attachment and add it to your hand. Then, shuffle your deck.', NULL, NULL, NULL, 3, NULL, 'sea15.jpg'),
(1380, 'Fleet from Volantis', 56, 1, 7, 'No attachments. Melee. Lower the cost to play Fleet from Volantis by three if any opponent is running an agenda. Response : after Fleet from Volantis is declared as a naval attacker, choose another attacking character you control. Stand and remove that character from the challenge.', NULL, NULL, NULL, 7, NULL, 'sos16.jpg'),
(1381, 'Naval Reinforcement', 56, 6, NULL, 'When revealed, if you are running the Black Sails agenda, reveal one character from The Hold and add it to your hand.', 4, NULL, 5, NULL, 1, 'sea19.jpg'),
(1382, 'Crossing the Ruby Ford', 56, 6, NULL, 'When revealed, each opponent must discard one power from a card he or she controls, if able. Then, if this your revealed plot card, trigger the ''when revealed'' effect on the top River plot card in your used pile.', 5, NULL, 3, NULL, 1, 'sea20.jpg'),
(1383, 'Summer Sea Corsair', 56, 1, 1, 'Response : after Summer Sea Corsair comes out of Shadows, reveal one card from the top of your deck for each Smuggler character you control. Choose one revealed card and add it to your hand. Then, shuffle the rest back into your deck.', NULL, NULL, NULL, 2, NULL, 'sea17.jpg'),
(1384, 'Black Sails', 56, 3, NULL, 'When you reveal Black Sails as your agenda, shuffle your deck and cut it into two stacks. Then, the opponent to your left chooses one stak to be The Hold, which is out of play. The other stack is your draw deck. Response : after you win a challenge in which you had at least one naval attacker, choose one card from The Hold. At the end of the phase, add it to your hand. (Limit once per phase.)', NULL, NULL, NULL, NULL, NULL, 'sea18.jpg'),
(1385, 'Paxter Redwyne', 57, 1, 4, 'Response : after you win initiative, add two gold tokens from the treasury to your gold pool.', NULL, NULL, NULL, 3, NULL, 'sea21.jpg'),
(1386, 'Arbor Queen', 57, 2, 1, 'Any Phase : kneel Arbor Queen to choose a character. Until the end of the phase, that character gets +1 STR for each gold token in your gold pool.', NULL, NULL, NULL, NULL, NULL, 'sea22.jpg'),
(1387, 'Lionstar', 57, 2, 1, 'Dominance : kneel Lionstar to move up to two gold tokens from your gold pool on Lionstar. (Any number of gold tokens instead if you won a challenge with a participating naval attacker this round.) Any phase : kneel Lionstar to move any number of gold tokens from it to your gold pool.', NULL, NULL, NULL, NULL, NULL, 'sos23.jpg'),
(1388, 'Northern Sailor', 57, 1, 2, 'Response : after you win a challenge in which Northern Sailor participated by four or more total STR, discard it to choose an opponent. That opponent must choose and kill a character he or she controls, if able.', NULL, NULL, NULL, 1, NULL, 'sea30.jpg'),
(1389, 'White Harbor Captain', 57, 1, 3, 'Response : after you win a challenge in which White Harbor Captain participated by four or more total STR, claim one power for your House.', NULL, NULL, NULL, 2, NULL, 'sea31.jpg'),
(1390, 'White Harbor Dromon', 57, 2, 2, 'Challenges : kneel White Harbor Dromond to choose a character. Until the end of the phase that character gains renown and a naval enhancement on each of its icons.', NULL, NULL, NULL, NULL, NULL, 'sea32.jpg'),
(1391, 'Doran''s Scheme', 57, 6, NULL, 'Martell only. When revealed, name a phase. Opponents cannot play event cards during that phase this round.', 3, NULL, 4, NULL, 1, 'sea35.jpg'),
(1392, 'Quentyn Martell', 57, 1, 3, 'Stealth. Response : after Quentyn Martell is killed, claim two power for your House', NULL, NULL, NULL, 3, NULL, 'sos33.jpg'),
(1393, 'Meadowlark', 57, 2, 2, 'Challenges : kneel Meadowlark to choose a challenge icon. Each character in play loses all enhancements on that icon.', NULL, NULL, NULL, NULL, NULL, 'sos34.jpg'),
(1394, 'River Runner', 57, 1, 2, 'Vigilant. Response : after River Runner stands for vigilant it gains an intrigue icon until the end of the phase.', NULL, NULL, NULL, 2, NULL, 'sea27.jpg'),
(1395, 'Ser Davos Seaworth', 57, 1, 4, 'Renown. Melee. Knelt Smuggler characters you control count their STR toward dominance.', NULL, NULL, NULL, 3, NULL, 'sea28.jpg'),
(1396, 'Black Betha', 57, 2, 1, 'Response : after you win a challenge in which you have declared a naval attacker, kneel Black Betha to attach the top card of your discard pile face-down to a unique Baratheon character as a duplicate. (Limit once per round.)', NULL, NULL, NULL, NULL, NULL, 'sos29.jpg'),
(1397, 'Ironborn Marauder', 57, 1, 2, '', NULL, NULL, NULL, 2, NULL, 'sea24.jpg'),
(1398, 'The Reader', 57, 1, 3, 'Response : after you win an unopposed challenge in which a unique Greyjoy character participated, choose one : draw one card or discard the top three cards of each opponent''s deck. (Limit once per phase.)', NULL, NULL, NULL, 3, NULL, 'sea25.jpg'),
(1399, 'Longship Golden Storm', 57, 2, 2, 'Your holy characters gain a military icon.', NULL, NULL, NULL, NULL, NULL, 'sea26.jpg'),
(1400, 'Selmy''s Scheme', 57, 6, NULL, 'Targaryen only. During power challenges your Army characters gain renown.', 4, NULL, 2, NULL, 1, 'sea38.jpg'),
(1401, 'Pentoshi Deckhand', 57, 1, 1, 'Response : after Pentoshi Deckhand has been declared as a naval attacker lower the cost of the next character you put into play using ambush this phase by one.', NULL, NULL, NULL, 1, NULL, 'sea36.jpg'),
(1402, 'Vhagar', 57, 2, 1, 'Response : after a character enters play under your control, kneel Vhagar and kneel one influence to attach the topmost attachment in your discard pile to that character, if able.', NULL, NULL, NULL, NULL, NULL, 'sos37.jpg'),
(1403, 'Naval Superiority', 57, 6, NULL, 'Raise the claim value on your revealed plot card by two during challenges in which you have declared a naval attacker.', 3, NULL, 3, NULL, 1, 'sea40.jpg'),
(1404, 'Battle for the Shield Islands', 57, 5, NULL, 'Plot : after the dominance phase this round, there is an epic phase during which each player may initiate a single challenge of his choice. Characters with one or more naval enhancements may be declared as attackers or defenders while kneeling. Instead of normal claim, the winner of each challenge may choose and take control of a location controlled by the loosing opponent. (Place this card next to your plot deck until the end of this epic phase.)', NULL, NULL, NULL, NULL, NULL, 'sea39.jpg'),
(1405, 'Cersei''s Scheme', 58, 6, NULL, 'Lannister only. If you win a challenge as the attacker and the defending player does not have more participating characters than you, choose and kneel one character controlled by the losing opponent.', 3, NULL, 6, NULL, 1, 'sea43.jpg'),
(1406, 'Ser Lancel Lannister', 58, 1, 2, 'Ser Lancel Lannister gets +1 STR for each holy character in play.', NULL, NULL, NULL, 2, NULL, 'sea41.jpg'),
(1407, 'The Bear and the Maiden Fair', 58, 5, NULL, 'Lannister only. Response : after you win an intrigue challenge by four or more total STR, the losing opponent chooses and discards two cards from hand. (Limit 1 per phase.)', NULL, NULL, NULL, NULL, NULL, 'sea42.jpg'),
(1408, 'Moreo Tumitis', 58, 1, 3, 'While you control at least one Warship, Moreo Tumitis gains renown.', NULL, NULL, NULL, 3, NULL, 'sea50.jpg'),
(1409, 'Swamps of the Neck', 58, 2, 1, 'Challenges : kneel Swamps of the Neck to choose a participating character you control. Stand that character, and remove it from the challenge.', NULL, NULL, NULL, NULL, NULL, 'sea51.jpg'),
(1410, 'Titan''s Daughter', 58, 2, 1, 'Response : after an opponent declares a naval attacker against you, kneel Titan''s Daughter to choose a standing character you control and kneel it as a defender.  If you win the challenge, search you deck for a character, reveal it, and shuffle your deck.  Then, put the revealed card on top of your deck.', NULL, NULL, NULL, NULL, NULL, 'sea52.jpg'),
(1411, 'Hellholt Docks', 58, 2, 1, 'Response : after an opponent kneels a location, kneel Hellholt Docks to choose and kneel a location.', NULL, NULL, NULL, NULL, NULL, 'sea53.jpg'),
(1412, 'Unbowed, Unbent, Unbroken', 58, 5, NULL, 'Martell only. Response : after you lose a challenge, discard your hand of at least one card to reveal the same number of cards from the top of your deck, and put them into your hand.', NULL, NULL, NULL, NULL, NULL, 'sea54.jpg'),
(1413, 'Salladhor Saan', 58, 1, 3, 'Response : after you play a Smuggler character, pay two gold to choose and discard from play one non-limited location with printed cost three or lower.', NULL, NULL, NULL, 3, NULL, 'sea47.jpg'),
(1414, 'Oakenshield Port', 58, 2, 2, 'When Oakenshield Port enters play put six gold tokens from the treasury on it.  Response : after you win a challenge, discard one gold token from Oakenshield Port to claim one power for your House (discard two gold tokens to claim 2two power for your House instead if a naval attacker or defender was participating in that challenge).', NULL, NULL, NULL, NULL, NULL, 'sea48.jpg'),
(1415, 'Ours is the Fury', 58, 5, NULL, 'Baratheon only. Response : after you win a power challenge by four or more total STR, stand all participating unique characters you control.', NULL, NULL, NULL, NULL, NULL, 'sea49.jpg'),
(1416, 'Victarion''s Scheme', 58, 6, NULL, 'Greyjoy only. During unopposed challenges, raise the claim value on your revealed plot card by one.', 3, NULL, 7, NULL, 1, 'sea46.jpg'),
(1417, 'Andrik the Unsmiling', 58, 1, 3, 'Response : after you win a challenge in which Andrik the Unsmiling participated by four or more total STR, choose the topmost location in the losing player''s discard pile and put it into play under your control.', NULL, NULL, NULL, 3, NULL, 'sea44.jpg'),
(1418, 'We Do Not Sow', 58, 5, NULL, 'Greyjoy only. Challenges : kneel two influence or kneel a character with one or more naval enhancement to turn all Warship locations you control into characters with STR equal to their printed cost, a military icon, and a power icon, until end of the phase.', NULL, NULL, NULL, NULL, NULL, 'sea45.jpg'),
(1419, 'House Targaryen Loyalist', 58, 1, 2, 'If you control one or more Dragon characters, House Targaryen Loyalist loses the Traitor trait and gains : ""House Targaryen Loyalist gains renown during power challenges.""', NULL, NULL, NULL, 2, NULL, 'sea55.jpg'),
(1420, 'Balerion', 58, 2, 2, 'Any Phase : kneel Balerion to lower the cost of the next character you put into play using ambush this phase by one.  That character claims one power when it comes into play and until the end of the phase, it gains a naval enhancement on its power icon, if able.', NULL, NULL, NULL, NULL, NULL, 'sea56.jpg'),
(1421, 'Fire and Blood', 58, 5, NULL, 'Targaryen only. Challenges : choose a Targaryen character. That character gets +2 STR until the end of the phase. Then, attach Fire and Blood to that character (counts as a Boon attachment with the text, ''Attached character gains cannot be discarded from play'').', NULL, NULL, NULL, NULL, NULL, 'sea57.jpg'),
(1422, 'Torrhen''s Square', 58, 6, NULL, 'If you have no other City plots in your used pile, raise the claim value on your revealed plot card by one during military challenges.', 3, NULL, 4, NULL, 1, 'sea58.jpg'),
(1423, 'Negotiations at the Great Sept', 58, 6, NULL, 'When Revealed : if you have no other City plots in your used pile, choose an opponent. You and that opponent may each choose to shuffle your hands of at least one card into your decks, and replace them with the top five cards of the same deck.', 3, NULL, 2, NULL, 2, 'sea59.jpg'),
(1424, 'The Long Voyage', 58, 3, NULL, 'Your minimum deck size is 85 cards.  When you draw during the draw phase, draw one additional card.', NULL, NULL, NULL, NULL, NULL, 'sea60.jpg'),
(1425, 'House Clegane Brigands', 59, 1, 4, 'If you are running a character agenda or are not running an agenda, House Clegane Brigands gains : ''Response : after you win an intrigue challenge, stand House Clegane Brigands''.', NULL, NULL, NULL, 5, NULL, 'sea61.jpg'),
(1426, 'Sitting the Iron Throne', 59, 5, NULL, 'Lannister only. Deathbound. Any Phase : pay one gold to choose a character to claim one power. (Limit three times per round.) Dominance : if you won dominance this phase, pay one gold to return Sitting the Iron Throne from your dead pile to your hand.', NULL, NULL, NULL, NULL, NULL, 'sea62.jpg'),
(1427, 'Riders of Karhold', 59, 1, 4, 'If you are running a character agenda or are not running an agenda, Riders of Karhold gains : ''Response : after you win a military challenge, reveal the top card of your deck. If it is a character add it to your hand, otherwise return it to the top of your deck.''', NULL, NULL, NULL, 5, NULL, 'sea69.jpg'),
(1428, 'Passing the Wall', 59, 5, NULL, 'Stark only. Any Phase : put a Night''s Watch character into play from your hand, then draw one card. At the end of the phase, if that character is still in play, return it to your hand.', NULL, NULL, NULL, NULL, NULL, 'sea70.jpg'),
(1429, 'Host of the Boneway', 59, 1, 4, 'If you are running a character agenda or are not running an agenda, Host of the Boneway gains : ''Response : after you win a challenge, reveal the top card of your deck. If it is an event card add it to your hand, otherwise return it to the top of your deck.''', NULL, NULL, NULL, 5, NULL, 'sea71.jpg'),
(1430, 'Greenblood Vessel', 59, 2, 1, 'Response : after an opponent declares a challenge against you, kneel Greenblood Vessel to choose a character you control. Until the end of the phase, that character gains an icon of your choice.', NULL, NULL, NULL, NULL, NULL, 'sea72.jpg'),
(1431, 'Shores of the Summer Sea', 59, 2, 0, 'Response : after you lose a challenge, kneel Shores of the Summer Sea to choose two cards in your discard pile. Shuffle those cards back into your deck.', NULL, NULL, NULL, NULL, NULL, 'sea73.jpg'),
(1432, 'Blackcrown Knights', 59, 1, 4, 'If you are running a character agenda or are not running an agenda, Blackcrown Knights gains : ''Response : after you win a power challenge in which Blackcrown Knights participated, discard one card from your hand to have Blackcrown Knights claim two power.''', NULL, NULL, NULL, 5, NULL, 'sea66.jpg'),
(1433, 'Dale Seaworth', 59, 1, 3, 'Joust. Response : after Dale Seaworth enters play or leaves play, choose and return one Baratheon card from your discard pile to your hand.', NULL, NULL, NULL, 2, NULL, 'sea067.jpg'),
(1434, 'Shores of the Blackwater', 59, 2, 0, 'Challenges : if you have won a challenge by four or more total STR this phase, kneel and discard Shores of the Blackwater from play to choose a character in your dead pile killed this phase. Return that character to your hand.', NULL, NULL, NULL, NULL, NULL, 'sea68.jpg'),
(1435, 'Raiders of Orkmont', 59, 1, 4, 'If you are running a character agenda or are not running an agenda, Raiders of Orkmont gains : ''Response : after you win a military challenge, look at the top three cards of the losing opponent''s deck. Discard up to two of those cards. Put the remaining cards back on the top of the deck in any order.''', NULL, NULL, NULL, 5, NULL, 'sea63.jpg'),
(1436, 'Deepwood Motte', 59, 2, 2, 'Challenges : kneel Deepwood Motte to discard the top three cards of an opponent''s deck (any player may discard one power from his or her House card to cancel this effect). If two or more non-character cards are discarded in this way, choose and stand a character.', NULL, NULL, NULL, NULL, NULL, 'sea64.jpg'),
(1437, 'Seized', 59, 4, 2, 'Attach to a non-unique non-limited location. Take control of attached location and discard all other attachments attached to it.', NULL, NULL, NULL, NULL, NULL, 'sea65.jpg'),
(1438, 'Dothraki Outrider', 59, 1, 3, 'Stealth. Dothraki Outrider gains renown during power challenges.', NULL, NULL, NULL, 3, NULL, 'sea74.jpg'),
(1439, 'Braided Screamers', 59, 1, 4, 'If you are running a character agenda or are not running an agenda, Braided Screamers gains : ''Response : after you play a Dothraki character of cost three or more, search the top five cards of your deck for a Dothraki character, reveal it, and add it to your hand. Then, shuffle your deck.''', NULL, NULL, NULL, 5, NULL, 'sea75.jpg'),
(1440, 'Port at Slaver''s Bay', 59, 2, 0, 'Marshalling : kneel Port at Slaver''s Bay to lower the cost of the next attachment you play this phase by one (by two instead if it is an out-of-House attachment).', NULL, NULL, NULL, NULL, NULL, 'sea76.jpg'),
(1441, 'King''s Landing Coup', 59, 6, NULL, 'If you have no other City plots in your used pile, reveal the top card of your deck and add it to your hand every time you win a challenge as defender.', 4, NULL, 8, NULL, 1, 'sea80.jpg'),
(1442, 'Margaery Tyrell', 59, 1, 3, 'While any opponent controls a Lady or Queen character, Margaery Tyrell gains melee. Response : after Margaery Tyrell is knelt as an attacker, choose and kneel a character controlled by the defending player. Then, that character is participating in this challenge as a defender. (Limit once per phase.)', NULL, NULL, NULL, 3, NULL, 'sea77.jpg'),
(1443, 'Blazewater Bay', 59, 2, 0, 'Marshalling : kneel and discard Blazewater Bay to lower the cost of the next card you play this phase with a naval enhancement by two.', NULL, 1, NULL, NULL, NULL, 'sea78.jpg'),
(1444, 'Blackwater Rush', 59, 2, 0, 'Challenges : kneel Blackwater Rush to choose a character with a naval enhancement. Until the end of the phase, that character gains deadly.', NULL, NULL, NULL, NULL, NULL, 'sea79.jpg'),
(1445, 'Arbor Guardsman', 60, 1, 3, 'Response : after you kneel a standing character using a card effect, add two gold to your gold pool from the treasury. (Limit once per round).', NULL, NULL, NULL, 3, NULL, 'sea81.jpg'),
(1446, 'Manderly''s Scheme', 60, 6, NULL, 'Stark only. During intrigue challenges against you, your characters with a military icon gain an intrigue icon.', 4, NULL, 3, NULL, 1, 'sea88.jpg'),
(1447, 'Wylla Manderly', 60, 1, 1, 'Stalwart. While Wylla Manderly is defending and there is at least one attacking Ally or Traitor character, she gets +3 STR.', NULL, NULL, NULL, 1, NULL, 'sea86.jpg'),
(1448, 'White Harbor', 60, 2, 2, 'Challenges : kneel White Harbor to choose a character controlled by an opponent with six or more power on his or her House Card. Until the end of the phase, that character cannot be saved and ignores any effect that would make it ''cannot be killed''.', NULL, NULL, NULL, NULL, NULL, 'sea87.jpg'),
(1449, 'Planky Town Orphan', 60, 1, 1, 'Response : after you play Planky Town Orphan from your hand, reveal the top card of your deck. Play that card as your next action this phase. Otherwise, return it to the top of your deck.', NULL, NULL, NULL, 1, NULL, 'sea89.jpg'),
(1450, 'Salty Dornishman', 60, 1, 3, 'Challenges : kneel one influence to choose one icon. Until the end of the phase, Salty DOrnishman gains that icon with a naval enhancement on it.', NULL, NULL, NULL, 3, NULL, 'sea90.jpg'),
(1451, 'Ser Cletus Yronwood', 60, 1, 3, 'Melee. Renown. If you are running a non-character agenda, treat Ser Cletus Yronwood''s printed text as if it were blank. Response : after Ser Cletus Yronwood is killed, draw two cards.', NULL, NULL, NULL, 2, NULL, 'sea91.jpg'),
(1452, 'Lyseni Pirate', 60, 1, 2, 'Response : after you win a challenge in which Lyseni Pirate was declared as a naval attacker or defender, it claims one power.', NULL, NULL, NULL, 2, NULL, 'sea84.jpg'),
(1453, 'Khorane Sathmantes', 60, 1, 3, 'Smuggler characters gain stealth.', NULL, NULL, NULL, 2, NULL, 'sea85.jpg'),
(1454, 'Iron Islands Brigand', 60, 1, 1, 'Response : discard Iron Islands Brigand from play to cancel the effects of a location card just triggered.', NULL, NULL, NULL, 1, NULL, 'sea82.jpg'),
(1455, 'Iron Fleet Scout', 60, 2, 1, 'Challenges : pay one gold to turn Iron Fleet Scout into a character with 2 STR, a military icon and a power icon, each with a naval enhancement on it, until the end of the phase.', NULL, NULL, NULL, NULL, NULL, 'sea83.jpg'),
(1456, 'Ser Rolly Duckfield', 60, 1, 3, 'While you control a Lord or Lady character, Ser Rolly Duckfield cannot be discarded from play.', NULL, NULL, NULL, 3, NULL, 'sea92.jpg'),
(1457, 'Guided by Quaithe', 60, 5, NULL, 'Targaryen only. Any phase : put a character or location card from your hand into Shadows as if it had the shadow crest. Then attach Guided by Quaithe to it. (Counts as a Condition attachment with the text : ''Pay the printed gold cost of the attached card to put it into play as your Shadows action. If Guided by Quaithe becomes unattached, return attached card to it''s owners hand if it is still in Shadows.'')', NULL, NULL, NULL, NULL, NULL, 'sea94.jpg'),
(1458, 'Blood Magic Ritual', 60, 4, 1, 'Targaryen only. Response : after Blood Magic Ritual comes out of Shadows, choose a non-Army character in your dead pile and put it into play. Attach Blood Magic Ritual to it. If Blood Magic Ritual leaves play kill attached character.', NULL, NULL, NULL, NULL, NULL, 'sea93.jpg'),
(1459, 'Aurane Waters', 60, 1, 3, 'If you have more than one opponent and Aurane Waters would be killed or discarded from play, instead Aurane Waters is added to the title pool (limit 1 per title pool). As a Title, Aurane Waters gains : ''Once per round name a challenge icon. Until the end of the phase, unique characters you control gain a naval enhancement on that icon, if able.''', NULL, NULL, NULL, 2, NULL, 'sea100.jpg'),
(1460, 'Dagger Lake Galley', 60, 2, 1, 'Any Phase : kneel Dagger Lake Galley to choose a unique character you control. That character gains a naval enahancement on the icon of your choice until the end of the phase.', NULL, NULL, NULL, NULL, NULL, 'sea95.jpg'),
(1461, 'Anointed by the Mother', 60, 5, NULL, 'Any House except Lannister. Response : kneel two influence or kneel a holy character to cancel a triggered effect that would cause a player to draw one or more cards. Instead, you draw that number of cards.', NULL, NULL, NULL, NULL, NULL, 'sea96.jpg'),
(1462, 'Judged by the Father', 60, 5, NULL, 'Any House except Targaryen. Any Phase : kneel two influence or kneel a holy character to choose a character with STR 3 or less in your dead pile and return it to hand.', NULL, NULL, NULL, NULL, NULL, 'sea97.jpg'),
(1463, 'Nurtured by the Crone', 60, 5, NULL, 'Any House except Martell. Nurtured by the Crone cannot be cancelled. Response : kneel two influence or kneel a holy character to cancel a triggered effect that chooses a unique character or location as its only target.', NULL, NULL, NULL, NULL, NULL, 'sea98.jpg'),
(1464, 'Desperate Measures', 60, 5, NULL, 'Any Phase : kneel one influence to search the top five cards of your deck. Reveal one of those cards and add it to your hand. Then, discard the other searched cards.', NULL, NULL, NULL, NULL, NULL, 'sea99.jpg'),
(1465, 'King''s Landing Dromon', 61, 2, 0, 'Lannister only. Response : after you win a challenge in which you declared one or more naval attackers or defenders, kneel King''s Landing Dromon to have that character claim one power.', NULL, NULL, NULL, NULL, NULL, 'sea101.jpg'),
(1466, 'House Manderly Escort', 61, 1, 2, 'House Manderly Escort gets +1 STR for each House Manderly character you control.', NULL, NULL, NULL, 1, NULL, 'sea109.jpg'),
(1467, 'Trident Guard', 61, 1, 1, 'Melee.', NULL, NULL, NULL, 0, NULL, 'sea110.jpg'),
(1468, 'Call of the Three-Eyed Crow', 61, 5, NULL, 'Stark only. Response : after a unique non-Army character you own enters your dead pile, put that character into play knelt under your control.', NULL, NULL, NULL, NULL, NULL, 'sea111.jpg'),
(1469, 'Starfall Skirmisher', 61, 1, 2, 'Melee.', NULL, NULL, NULL, 2, NULL, 'sea112.jpg'),
(1470, 'Choosing the Spear', 61, 5, NULL, 'Challenges : choose and stand a Martell character. That character gains melee until the end of the phase.', NULL, NULL, NULL, NULL, NULL, 'sea113.jpg'),
(1471, 'Shores of the Mander', 61, 2, 1, 'While you control at least one Captain character, your characters get +1 STR during the challenges phase.', NULL, NULL, NULL, NULL, NULL, 'sea106.jpg'),
(1472, 'Huntress', 61, 2, 2, 'No attachments. Challenges : kneel Huntress to choose a Lord or Captain character. Until the end of the phase, that character gains melee and renown.', NULL, NULL, NULL, NULL, NULL, 'sea107.jpg'),
(1473, 'Fury', 61, 2, 2, 'Any Phase : kneel Fury and discard two cards from your hand to choose and stand a Baratheon character without attachments. Then draw one card. (Draw two cards instead if you have won a challenge by four or more STR this round.)', NULL, NULL, NULL, NULL, NULL, 'sea108.jpg'),
(1474, 'Qarl the Maid', 61, 1, 2, 'Intimidate. Response : after you declare Qarl the Maid as a naval attacker, discard the top two cards of the defending player''s deck. Until the end of the phase, Qarl the Maid gets +2 STR for each event card discarded in this way.', NULL, NULL, NULL, 2, NULL, 'sea102.jpg'),
(1475, 'Ten Towers Longship', 61, 2, 1, 'You may discard an event card attached to Ten Towers Longship to play it as if it was in your hand. Then, place that event on the bottom of its owners deck. Response : after you win a challenge by four or more total STR, kneel Ten Towers Longship to choose an event card in the losing opponent''s discard pile. Attach that event card to Ten Towers Longship.', NULL, NULL, NULL, NULL, NULL, 'sea103.jpg'),
(1476, 'Longship Nightflyer', 61, 2, 2, 'Response : after you win an unopposed challenge, kneel Longship Nightflyer to have the losing opponent choose and discard a card from his or her hand.', NULL, NULL, NULL, NULL, NULL, 'sea104.jpg'),
(1477, 'Arms of the Kraken', 61, 5, NULL, 'Greyjoy only. Play before any challenges have been declared this phase. Challenges : until the end of the phase, when a player loses a challenge, he or she must choose a location he or she controls and return it to its owner''s hand.', NULL, NULL, NULL, NULL, NULL, 'sea105.jpg'),
(1478, 'Venomous Manticore', 61, 1, 1, 'Any Phase : kneel one influence to attach Venomous Manticore to a character (counts as a Creature attachment with the text ""Attached character gets -1 STR. Any Phase : kneel one influence to attach Venomous Manticore to another eligible character"").', NULL, NULL, NULL, 1, NULL, 'sea114.jpg'),
(1479, 'The Tattered Prince', 61, 1, 3, 'If The Tattered Prince would be killed, instead attach him to your House card as your only agenda with the text : ""Ignore all gold penalties when playing out-of-House Mercenary characters. Lower the cost of the first Mercenary character you play each round by one.""', NULL, NULL, NULL, 3, NULL, 'sea117.jpg'),
(1480, 'Blessed by the Maiden', 61, 5, NULL, 'Any House except Baratheon. Any Phase : kneel two influence or kneel a holy character to choose up to three cards in any player''s discard and dead piles and shuffle them into his or her deck.', NULL, NULL, NULL, NULL, NULL, 'sea118.jpg'),
(1481, 'Supported by the Smith', 61, 5, NULL, 'Any House except Greyjoy. Any Phase : kneel two influence or kneel a holy character to choose up to two locations with a total printed cost of two or less in your discard pile and put them into play.', NULL, NULL, NULL, NULL, NULL, 'sea119.jpg'),
(1482, 'Favored by the Warrior', 61, 5, NULL, 'Any House except Stark. Response : kneel two influence or kneel a holy character to save a unique character you control from being killed (any player may discard three power from his or her House to cancel this effect). Then search your deck for a copy of that character and attach it as a duplicate and shuffle your deck.', NULL, NULL, NULL, NULL, NULL, 'sea120.jpg'),
(1483, 'Randyll Tarly', 61, 1, 4, 'Melee. Response : after you declare Randyll Tarly as an attacker, choose any number of House Tyrell characters to gain vigilant until the end of the challenge.', NULL, NULL, NULL, 3, NULL, 'sea115.jpg'),
(1484, 'Cape Wrath', 61, 2, 0, 'Response : after you win a challenge by four or more total STR, choose a card you control that is currently in play with the shadow crest and return it to shadows.', NULL, NULL, NULL, NULL, NULL, 'sea116.jpg'),
(1485, 'Daven Lannister', 38, 1, 4, 'Infamy. Response : after you win dominance by four or more total STR, pay X gold to claim X power for Daven Lannister. X is the number of power currently on Daven Lannister. (Limit once per game.)', NULL, NULL, NULL, 3, NULL, 'oldtown3.jpg'),
(1486, 'Deep Den', 38, 2, 0, 'Response : after the challenges phase begins and you are the first player, kneel Deep Den to choose a new first player.', NULL, NULL, NULL, NULL, NULL, 'oldtown4.jpg'),
(1487, 'Lucas Blackwood', 38, 1, 1, 'Response : after Lucas Blackwood is killed, you may initiate a military challenge against an opponent of your choice as your next player action this phase.', NULL, NULL, NULL, 1, NULL, 'oldtown1.jpg');
INSERT INTO `carte_carte` (`CarteID`, `Nom`, `Extension`, `Type`, `Cout`, `Texte`, `Gold`, `Influence`, `Initiative`, `Force`, `Prise`, `Image`) VALUES
(1488, 'Widow''s Watch', 38, 2, 2, 'Response : after you play a unique card from your hand, kneel Widow''s Watch or kneel a learned character to search your deck for a copy of that card, reveal it, and add it to your hand. Then, shuffle your deck.', NULL, NULL, NULL, NULL, NULL, 'oldtown2.jpg'),
(1489, 'Tower Captain', 38, 1, 1, '', NULL, 1, NULL, 1, NULL, 'oldtown11.jpg'),
(1490, 'Doran''s Game', 38, 5, NULL, 'Martell only. Response : kneel a learned character or three influence to cancel the effects of an event card just played. Then, you may kneel a second learned character to attach that event to your House card. You may play that event as if it were in your hand.', NULL, NULL, NULL, NULL, NULL, 'oldtown12.jpg'),
(1491, 'The Laughing Storm', 38, 1, 3, 'Baratheon only. Deadly. While The Laughing Storm is standing, cards cannot be discarded from your hand.', NULL, NULL, NULL, 3, NULL, 'oldtown5.jpg'),
(1492, 'Lucky Bones', 38, 4, 1, 'Baratheon character only. Response : after you win a power challenge in which attached character participated, kneel Lucky Bones and discard the top two cards of your deck to draw one card. (Draw two cards instead if attached character is Ser Davos Seaworth.)', NULL, NULL, NULL, NULL, NULL, 'oldtown6.jpg'),
(1493, 'Gylbert Farwynd', 38, 1, 3, 'The cost to play non-noble cards cannot be reduced.', NULL, NULL, NULL, 3, NULL, 'oldtown7.jpg'),
(1494, 'Support of Saltcliff', 38, 4, 1, 'Ironborn character only. Response : after one or more cards are discarded from an opponent''s deck, stand attached character.', NULL, NULL, NULL, NULL, NULL, 'oldtown8.jpg'),
(1495, 'Daenerys Targaryen', 38, 1, 4, 'Renown. Targaryen characters you control get +1 STR', NULL, NULL, NULL, 3, NULL, 'oldtown9.jpg'),
(1496, 'The Dragon Strikes', 38, 5, NULL, 'Targaryen only. Challenges : kneel one influence to choose a Dragon character. Until the end of the phase, that character gains stealth, renown, and deadly.', NULL, NULL, NULL, NULL, NULL, 'oldtown10.jpg'),
(1497, 'At the Gates', 38, 6, NULL, 'When revealed, if you have no City plot cards in your used pile, search your deck for a Maester character of printed cost three or lower, and put it into play. Then, shuffle your deck.', 3, NULL, 1, NULL, 1, 'oldtown20.jpg'),
(1498, 'Oldtown Advisor', 38, 1, 3, 'If Oldtown Advisor has at least two Chain attachments attached, it gains : ""Response : kneel Oldtown Advisor to cancel the effects of an event card just played.""', NULL, NULL, NULL, 2, NULL, 'oldtown13.jpg'),
(1499, 'Leyton Hightower', 38, 1, 4, 'No attachments. Renown. Leyton Hightower cannot be saved. Maester characters you control gain : ""Immune to opponents'' events and attachments.""', NULL, NULL, NULL, 3, NULL, 'oldtown14.jpg'),
(1500, 'The Citadel of Oldtown', 38, 2, 2, 'Response : kneel The Citadel of Oldtown to save a Maester character from being killed or discarded from play, then return that character and all of its Chain attachments to their owners'' hands.', NULL, NULL, NULL, NULL, NULL, 'oldtown16.jpg'),
(1501, 'Beware of the Sphinx', 38, 5, NULL, 'Challenges : choose a participating Maester character. Until the end of the challenge, that character gets +1 STR for each Chain attachment it has. If you win the challenge, draw two cards.', NULL, NULL, NULL, NULL, NULL, 'oldtown15.jpg'),
(1502, 'Copper Link', 38, 4, 1, 'Setup. Maester character only. Response : after attached character kneels, choose one card in play. Until the end of the phase, that card gains one trait of your choice. (Limit once per phase).', NULL, NULL, NULL, NULL, NULL, 'oldtown17.jpg'),
(1503, 'Apprentice Collar', 38, 4, 0, 'Setup. Attached character gains the Maester trait and gets +1 STR for each Chain attachment it has.', NULL, NULL, NULL, NULL, NULL, 'oldtown18.jpg'),
(1504, 'The Maester''s Path', 38, 3, NULL, 'Before shuffling your deck during setup, remove up to twelve Chain attachments with different titles from your deck and place them on The Maester''s Path. You cannot win the game if there are any Chain attachments on this card. Response : after you win a challenge, attach one Chain from this card to a character you control.', NULL, NULL, NULL, NULL, NULL, 'oldtown19.jpg'),
(1505, 'Maester Creylen', 39, 1, 3, 'Response : after a player wins an intrigue challenge, pay one gold to have Maester Creylen claim one power.', NULL, NULL, NULL, 3, NULL, 'oldtown24.jpg'),
(1506, 'Black Ears', 39, 1, 4, 'Deadly. Challenges : discard one card from your hand to choose one character participating in the same challenge with Black Ears. If you have fewer cards in hand than each opponent, remove that character from the challenge. (Limit once per challenge.)', NULL, NULL, NULL, 4, NULL, 'oldtown25.jpg'),
(1507, 'Maester Luwin', 39, 1, 3, 'Response : after you win a challenge in which Maester Luwin participated, search the top five cards of your deck for an event card, reveal it, and add it to your hand. Shuffle the other cards back into your deck.', NULL, NULL, NULL, 3, NULL, 'oldtown21.jpg'),
(1508, 'Riders of the Red Fork', 39, 1, 3, 'Immune to opponents'' events. While Riders of the Red Fork is in your deck, it meets the criteria to be found by any search effect', NULL, NULL, NULL, 3, NULL, 'oldtown22.jpg'),
(1509, 'Freezing Rain', 39, 4, 2, 'Attach to a location. Treat attached location as if its printed text box were blank. Any phase : kneel one influence to move Freezing Rain to another location.', NULL, NULL, NULL, NULL, NULL, 'oldtown23.jpg'),
(1510, 'Maester Kedry', 39, 1, 2, '', NULL, 2, NULL, 2, NULL, 'oldtown33.jpg'),
(1511, 'Ghaston Grey', 39, 2, 1, 'Challenges : return a Martell noble character you own and control to your hand to choose an opponent''s character. Return that character to its owner''s hand.', NULL, NULL, NULL, NULL, NULL, 'oldtown34.jpg'),
(1512, 'Shireen Baratheon', 39, 1, 1, 'Any Phase : kneel Shireen Baratheon to choose a character. Until the end of the phase, that character cannot claim power.', NULL, NULL, NULL, 1, NULL, 'oldtown27.jpg'),
(1513, 'Cleansing Light', 39, 4, 0, 'Asshai character only. Attached character gets +1 STR for each card in Shadows. Challenges : discard a card from your Shadows area to give attached character deadly until the end of the phase.', NULL, NULL, NULL, NULL, NULL, 'oldtown28.jpg'),
(1514, 'Kingsmoot Hopeful', 39, 1, 2, 'Limited.', NULL, NULL, NULL, 3, NULL, 'oldtown29.jpg'),
(1515, 'Burned and Pillaged', 39, 2, 1, 'Limited. Attach to a location. Attached location gains -1 initiative, -1 gold.', -1, NULL, -1, NULL, NULL, 'oldtown30.jpg'),
(1516, 'Shadow Seer', 39, 1, 1, 'Response : after you win an intrigue challenge in which Shadow Seer participated, put a card with the shadow crest into Shadows from your hand.', NULL, NULL, NULL, 2, NULL, 'oldtown31.jpg'),
(1517, 'Pyrophobia', 39, 5, NULL, 'Targaryen only. Response : after a character''s STR is reduced to two or lower by a card effect, return that character and all attachments on it to their owner''s hand.', NULL, NULL, NULL, NULL, NULL, 'oldtown32.jpg'),
(1518, 'Forging the Chain', 39, 6, NULL, 'After you play a Chain attachment from your hand or put one into play from your Agenda, you may put another Chain attachment into play from your hand or discard pile.', 3, NULL, 4, NULL, 1, 'oldtown40.jpg'),
(1519, 'Jaqen H''ghar', 39, 1, 2, 'Any phase : bring Jaqen H''ghar out of Shadows by paying the rest of his cost to choose one non-Army character in an opponent''s dead pile that was killed this phase, and attach it to Jaqen H''ghar as a duplicate. Jaqen H''ghar gains the printed text, base STR, icons, traits and crests of that card. If that duplicate leaves play, return Jaqen H''ghar to Shadows.', NULL, NULL, NULL, 0, NULL, 'oldtown35.jpg'),
(1520, 'Oldtown Scholar', 39, 1, 1, '', NULL, NULL, NULL, 1, NULL, 'oldtown36.jpg'),
(1521, 'The Inn of the Kneeling Man', 39, 2, 1, 'Response : after a character with STR two or lower is knelt, kneel The Inn of the Kneeling Man to stand that character. Use this effect only if it is Summer or Winter. (Limit once per phase.)', NULL, NULL, NULL, NULL, NULL, 'oldtown26.jpg'),
(1522, 'Called by the Citadel', 39, 5, NULL, 'Any Phase : return a Maester character you control and all Chain attachments on that character to their owner''s hand. Then, draw one card.', NULL, NULL, NULL, NULL, NULL, 'oldtown37.jpg'),
(1523, 'Pale Steel Link', 39, 4, 1, 'Setup. Maester character only. Response : after attached character kneels, put a character or attachment card of printed cost one or lower into play from your hand. (Limit once per phase.)', NULL, NULL, NULL, NULL, NULL, 'oldtown38.jpg'),
(1524, 'Bronze Link', 39, 4, 1, 'Setup. Maester character only. Response : after attached character kneels, return the topmost attachment card from your discard pile to your hand. (Limit once per phase.)', NULL, NULL, NULL, NULL, NULL, 'oldtown39.jpg'),
(1525, 'Lady Genna', 40, 1, 2, 'Response : after you lose an intrigue challenge as the attacker, you may initiate an additional intrigue challenge this phase.', NULL, NULL, NULL, 2, NULL, 'oldtown43.jpg'),
(1526, 'Galbart Glover', 40, 1, 3, 'Immune to opponents'' events. While resolving any effect that would allow you to search your deck, you may instead search your discard pile.', NULL, NULL, NULL, 3, NULL, 'oldtown41.jpg'),
(1527, 'Karhold Rookery', 40, 2, 0, 'When you search the top X cards of your deck, search one additional card. ', NULL, NULL, 1, NULL, NULL, 'oldtown42.jpg'),
(1528, 'Hellholt Engineer', 40, 1, 2, 'Response : after an opponent kneels a location, choose and stand a location you control.', NULL, NULL, NULL, 2, NULL, 'oldtown53.jpg'),
(1529, 'Snakeskin Veil', 40, 4, 1, 'Sandsnake character only. Attached character is immune to opponent''s non-plot card effects.', NULL, NULL, NULL, NULL, NULL, 'oldtown54.jpg'),
(1530, 'Maester Lomys', 40, 1, 3, 'Any Phase : kneel Maester Lomys and discard one power each from any number of characters you control to have each of those characters gain ''cannot be killed'' until the end of the phase.', NULL, NULL, NULL, 3, NULL, 'oldtown45.jpg'),
(1531, 'Tower Library', 40, 2, 1, 'Response : after a character claims power for renown, kneel Tower library to give a learned character you control renown until the end of the phase.', NULL, NULL, NULL, NULL, NULL, 'oldtown47.jpg'),
(1532, 'Conflict of Interest', 40, 5, NULL, 'Baratheon only. Play at the beginning of the challenges phase. Challenges : kneel a learned character to choose a player. Until the end of the phase, all players use the base claim value from that player''s revealed plot card.', NULL, NULL, NULL, NULL, NULL, 'oldtown46.jpg'),
(1533, 'Maester Merenmure', 40, 1, 2, 'During the marshalling phase, Maester Murenmure gains : ''Response : kneel Maester Murenmure to cancel a triggered effect.''', NULL, NULL, NULL, 2, NULL, 'oldtown48.jpg'),
(1534, 'Longship Black Wind', 40, 2, 2, 'Challenges : kneel Longship Black Wind to choose an attacking character. Until the end of the challenge, that character gains deadly. If a character dies for deadly during this challenge, draw one card.', NULL, NULL, NULL, NULL, NULL, 'oldtown49.jpg'),
(1535, 'Called to Arms', 40, 5, NULL, 'Challenges : choose an opponent who must choose and discard one, two, or three cards from the top of his deck. If he chooses to discard one card, stand all Raider characters you control. If he chooses to discard two cards, claim one power for each Raider character you control. If he chooses to discard three cards, each Raider character you control gets +1 STR and gains deadly until the end of the phase.', NULL, NULL, NULL, NULL, NULL, 'oldtown50.jpg'),
(1536, 'Magister Illyrio', 40, 1, 4, 'You may play attachments from opponents'' discard piles as if they were in your hand.', NULL, NULL, NULL, 3, NULL, 'oldtown51.jpg'),
(1537, 'Dragon Lore', 40, 4, 1, 'Targaryen only. Maester character only. Marshalling : kneel Dragon Lore and kneel attached character to reduce the cost of the next Dragon character you play this phase to zero.', NULL, NULL, NULL, NULL, NULL, 'oldtown52.jpg'),
(1538, 'Dry Season', 40, 6, NULL, 'Treat all non-unique locations as if their printed text boxes were blank.', 2, NULL, 5, NULL, 2, 'oldtown60.jpg'),
(1539, 'Archmaester Ebrose', 40, 1, 4, 'Limited Response : after you win a challenge in which Archmaester Ebrose participated, he claims one power for each Chain attachment he has. (Limit one limited response per round.)', NULL, NULL, NULL, 4, NULL, 'oldtown55.jpg'),
(1540, 'The Conclave', 40, 1, 5, 'Reduce the cost to play The Conclave by one for each Maester character you control. Response : after The Conclave is declared as an attacker or defender, until the end of the phase it gains (choose one) Stealth, Renown, or Deadly.', NULL, NULL, NULL, 5, NULL, 'oldtown57.jpg'),
(1541, 'Citadel Custom', 40, 5, NULL, 'Challenges : kneel a Maester character to choose a player. That player may initiate an additional power challenge this phase.', NULL, NULL, NULL, NULL, NULL, 'oldtown56.jpg'),
(1542, 'Tin Link', 40, 4, 1, 'Setup. Maester character only. Response : after attached character kneels, choose and discard one non-Chain attachment from play. (Limit once per phase.)', NULL, NULL, NULL, NULL, NULL, 'oldtown58.jpg'),
(1543, 'Lead Link', 40, 4, 2, 'Setup. Maester character only. Any Phase : kneel attached character to choose a character. Until the end of the phase, that character gets -X STR. X is the number of Chain attachments on attached character (Limit once per phase).', NULL, NULL, NULL, NULL, NULL, 'oldtown59.jpg'),
(1544, 'The Regent''s Spy', 41, 1, 1, 'Response : after you win an intrigue challenge in which The Regent''s Spy participated, look at the top card of the losing opponent''s deck.', NULL, NULL, NULL, 2, NULL, 'oldtown63.jpg'),
(1545, 'Spidercraft', 41, 4, 2, 'Attach to a character you control with an intrigue and a power icon. When you win a challenge in which attached character attacked alone, instead of the normal claim effects, look at the losing opponent''s hand and choose and discard one card from that player''s hand.', NULL, NULL, NULL, NULL, NULL, 'oldtown64.jpg'),
(1546, 'Guardian Wolf', 41, 1, 1, 'Stark only. No attachments. Deadly. Challenges : pay the rest of Guardian Wolf''s cost to bring it out of Shadows, knelt, as a participant on your side in any challenge in which you control at least one participating Lord or Lady character.', NULL, NULL, NULL, 2, NULL, 'oldtown61.jpg'),
(1547, 'The Weasel''s Way', 41, 5, NULL, 'Stark only. Response : after a player searches his deck and reveals one or more cards, name one of those cards. That player must place that card in his discard pile. Any Phase : kneel one influence to draw one card.', NULL, NULL, NULL, NULL, NULL, 'oldtown62.jpg'),
(1548, 'Informed Acolyte', 41, 1, 3, 'Response : after an opponent draws one or more cards outside the draw phase, kneel Informed Acolyte to draw that many cards.', NULL, NULL, NULL, 3, NULL, 'oldtown72.jpg'),
(1549, 'Streets of Hellholt', 41, 2, 0, 'Response : after an opponent triggers a cost reducing effect, kneel Streets of Hellholt to reduce the cost of the next Martell card you play this phase by one.', NULL, NULL, NULL, NULL, NULL, 'oldtown73.jpg'),
(1550, 'The Prince''s Plans', 41, 5, NULL, 'Martell only. Any Phase : Kkneel four influence to return the top four cards of your discard pile to your hand.', NULL, NULL, NULL, NULL, NULL, 'oldtown74.jpg'),
(1551, 'Stormlands Bastard', 41, 1, 1, 'Challenges : kneel Stormlands Bastard to choose a unique Baratheon character. Until the end of the challenge, that character gains renown.', NULL, NULL, NULL, 1, NULL, 'oldtown65.jpg'),
(1552, 'Baelor Blacktyde', 41, 1, 3, 'Stealth. Opponents cannot play copies of event cards that are in their discard pile.', NULL, NULL, NULL, 3, NULL, 'oldtown67.jpg'),
(1553, 'Training Vessel', 41, 2, 1, 'Challenges : kneel Training Vessel to choose an attacking Raider character. Until the end of the challenge, that character gets +2 STR. If you win the challenge, discard the top card of the losing opponent''s deck.', NULL, NULL, NULL, NULL, NULL, 'oldtown68.jpg'),
(1554, 'Linked Advisor', 41, 1, 3, 'Linked Advisor gets +1 STR for each attachment it has.', NULL, NULL, NULL, 3, NULL, 'oldtown69.jpg'),
(1555, 'Plaza of Purification', 41, 2, 1, 'During the marshalling phase, you may pay any amount of the gold cost of Army characters using influence instead.', NULL, NULL, NULL, NULL, NULL, 'oldtown70.jpg'),
(1556, 'Royal Favor', 41, 5, NULL, 'Targaryen only. Challenges : choose a unique character. Until the end of the phase, that character does not kneel to attack or defend during challenges.', NULL, NULL, NULL, NULL, NULL, 'oldtown71.jpg'),
(1557, 'Outwit', 41, 6, NULL, 'Response : kneel a learned character to cancel the ''when revealed'' effects of a plot card just revealed.', 4, NULL, 0, NULL, 1, 'oldtown80.jpg'),
(1558, 'Oldtown Raven', 41, 1, 1, 'No attachments. Marshalling : kneel Oldtown Raven to reduce the cost of the next Maester character or Chain attachment you play this phase by one. Ignore all gold penalties while playing that card.', NULL, NULL, NULL, 1, NULL, 'oldtown75.jpg'),
(1559, 'The Isle of Ravens', 41, 2, 0, 'Response : after a Chain attachment leaves play, kneel The Isle of Ravens to return that card to its owner''s hand instead.', NULL, NULL, NULL, NULL, NULL, 'oldtown76.jpg'),
(1560, 'Litany of Light', 41, 5, NULL, 'Any Phase : until the end of the phase, each of your Asshai characters gets +1 STR and gains the learned crest.', NULL, NULL, NULL, NULL, NULL, 'oldtown66.jpg'),
(1561, 'Old Intrigues', 41, 5, NULL, 'Any Phase : kneel a Maester character to return one Citadel event card from your discard pile to your hand. (Limit one per phase.)', NULL, NULL, NULL, NULL, NULL, 'oldtown77.jpg'),
(1562, 'Gold Link', 41, 4, 2, 'Setup. Maester character only. Any Phase : kneel attached character to take X gold from the treasury and add it to your gold pool. X is the number of Chain attachments on attached character (Limit once per phase).', NULL, NULL, NULL, NULL, NULL, 'oldtown79.jpg'),
(1563, 'Steel Link', 41, 4, 1, 'Setup. Maester character only. Response : after attached character kneels, choose and stand one location. (Limit once per phase.)', NULL, NULL, NULL, NULL, NULL, 'oldtown78.jpg'),
(1564, 'House Payne Enforcer', 42, 1, 2, 'Deadly.', NULL, NULL, NULL, 2, NULL, 'oldtown83.jpg'),
(1565, 'Restrict and Restrain', 42, 5, NULL, 'Lannister only. Play before any challenges have been initiated this phase. Any Phase: Kneel a Learned character to have each player choose up to 3 characters. Characters not chosen cannot participate in challenges this phase.', NULL, NULL, NULL, NULL, NULL, 'oldtown84.jpg'),
(1566, 'Rickon Stark', 42, 1, 2, 'Response : after an effect allows you to search your deck, kneel Rickon Stark to copy that effect. (Limit once per phase.)', NULL, NULL, NULL, 1, NULL, 'oldtown81.jpg'),
(1567, 'Lonely Hills', 42, 2, 2, 'Response : after you win a challenge, raise the claim value on your revealed plot card by one for the next challenge of the same type you initiate this phase.', NULL, NULL, NULL, NULL, NULL, 'oldtown82.jpg'),
(1568, 'Starfall Cavalry', 42, 1, 5, 'No attachments. Renown. Reduce the cost to play Starfall Cavalry by one for each House Dayne character you control.', NULL, NULL, NULL, 5, NULL, 'oldtown91.jpg'),
(1569, 'Oberyn''s Guile', 42, 4, 2, 'Unique Martell character only. Response : after you lose a challenge, reveal the top card of your deck, then add it to your hand.', NULL, NULL, NULL, NULL, NULL, 'oldtown92.jpg'),
(1570, 'Ser Jon Fossoway', 42, 1, 3, 'Renown. Marshalling : kneel Ser Jon Fossoway to take X gold from the treasury and add it to your gold pool. X is the number of power on Ser Jon Fossoway.', NULL, NULL, NULL, 2, NULL, 'oldtown85.jpg'),
(1571, 'Dragonstone Watchtower', 42, 2, 1, 'Any Phase : kneel Dragonstone Watchtower and name a card. If an opponent plays or reveals that card this phase, claim one power for your house. If that card is not played or revealed, stand Dragonstone Watchtower at the end of the phase.', NULL, NULL, NULL, NULL, NULL, 'oldtown86.jpg'),
(1572, 'Iron Fleet Raiders', 42, 1, 2, 'No attachments. Any Phase : discard the top card of your deck to give Iron Fleed Raiders -2 STR until the end of the phase. Only opponents can trigger this effect.', NULL, NULL, NULL, 5, NULL, 'oldtown87.jpg'),
(1573, 'Iron Lore', 42, 5, NULL, 'Greyjoy only. Any Phase : pay the printed cost of one location in your discard pile to put it into play.', NULL, NULL, NULL, NULL, NULL, 'oldtown88.jpg'),
(1574, 'Bloodrider', 42, 1, 2, 'Targaryen only. Response : kneel two influence and put Bloodrider into play from your hand to cancel the effects of a character ability just triggered.', NULL, NULL, NULL, 2, NULL, 'oldtown89.jpg'),
(1575, 'House of Shadow', 42, 2, 2, 'Response : after a character''s STR is lowered by a card effect, kneel a learned character to give that character -1 STR until the end of the phase.', NULL, NULL, NULL, NULL, NULL, 'oldtown90.jpg'),
(1576, 'War of Attrition', 42, 6, NULL, 'After you lose a challenge as the attacker, discard one card at random from the defending player''s hand.', 2, NULL, 8, NULL, 1, 'oldtown100.jpg'),
(1577, 'The Mad Mouse', 42, 1, 3, 'Deadly. Response : after you play The Mad Mouse from your hand, choose an opponent''s character. If that character dies before the end of the next challenge phase and The Mad Mouse is still in play, The Mad Mouse claims three power.', NULL, NULL, NULL, 3, NULL, 'oldtown93.jpg'),
(1578, 'Archmaester Marwyn', 42, 1, 4, 'Response : after Archmaester Marwyn is killed, resolve the ''when revealed'' effect of any plot card in any player''s used pile.', NULL, NULL, NULL, 4, NULL, 'oldtown94.jpg'),
(1579, 'Citadel Law', 42, 5, NULL, 'Plot : kneel a Maester character to choose a player. That player must choose and reveal a new plot card.', NULL, NULL, NULL, NULL, NULL, 'oldtown95.jpg'),
(1580, 'We Light the Way', 42, 5, NULL, 'Play before any challenges have been declared this phase. Any Phase : kneel a Maester character to choose a challenge type. Until the end of the phase, your Maester characters do not kneel to attack or defend during challenges of that type.', NULL, NULL, NULL, NULL, NULL, 'oldtown96.jpg'),
(1581, 'The Archmaester''s Wrath', 42, 5, NULL, 'Dominance : kneel X Maester characters to have each player choose and discard X characters he or she controls from play.', NULL, NULL, NULL, NULL, NULL, 'oldtown97.jpg'),
(1582, 'Iron Link', 42, 4, 1, 'Setup. Maester character only. Response : after attached character kneels, choose one character. Until the end of the phase, that character gets +2 STR and gains a military icon. (Limit once per phase.)', NULL, NULL, NULL, NULL, NULL, 'oldtown98.jpg'),
(1583, 'Black Iron Link', 42, 4, 1, 'Setup. Maester character only. Response : after attached character kneels, choose one character. Until the end of the phase, that character either gains or loses an intrigue icon. (Limit once per phase.)', NULL, NULL, NULL, NULL, NULL, 'oldtown99.jpg'),
(1584, 'Corrupt Contender', 43, 1, 3, 'Challenges : Corrupt Contender gets +10 STR until the end of the challenge. After the challenge resolves, discard Corrupt Contender from play (cannot be saved). Limit once per challenge.', NULL, NULL, NULL, 2, NULL, 'oldtown103.jpg'),
(1585, 'Slander and Lies', 43, 4, 1, 'Attach to an opponent''s character. You may spend power counters on attached character as if they were gold tokens in your gold pool.', NULL, NULL, NULL, NULL, NULL, 'oldtown104.jpg'),
(1586, 'Maester of Last Hearth', 43, 1, 3, 'Your creature characters get +1 STR. If it is Winter, Maester of Last Hearth gains : ''Response : kneel Maester of Last Hearth to save a Creature from being killed or discarded from play.''', NULL, NULL, NULL, 3, NULL, 'oldtown101.jpg'),
(1587, 'Ser Brynden''s Guile', 43, 5, NULL, 'Challenges : choose a Stark character to get +1 STR until the end of the challenge. Then, search the top four cards of your deck for a House Tully card, reveal it, and add it to your hand. Shuffle the others cards back into your deck.', NULL, NULL, NULL, NULL, NULL, 'oldtown102.jpg'),
(1588, 'Spear Phalanx', 43, 1, 5, 'No attachments. Deadly. Response : after you lose a challenge as the defender, kneel Spear Phalanx and kneel three influence to choose and discard one attacking character from play.', NULL, NULL, NULL, 4, NULL, 'oldtown111.jpg'),
(1589, 'Advisor''s Chambers', 43, 2, 2, 'Any Phase : kneel a learned character to stand Advisor''s Chambers.', NULL, 2, NULL, NULL, NULL, 'oldtown112.jpg'),
(1590, 'Rotten Bastard', 43, 1, 1, 'Baratheon only. Each player''s draw cap is reduced from three additional cards per round to two addditional cards per round.', NULL, NULL, NULL, 1, NULL, 'oldtown105.jpg'),
(1591, 'Maester''s Tower', 43, 2, 1, 'Response : kneel a learned character to copy a triggered effect that returns a character from your discard or dead pile to your hand, deck, shadows area, or play.', NULL, NULL, NULL, NULL, NULL, 'oldtown106.jpg'),
(1592, 'Famished Deckhand', 43, 1, 2, 'Any player who controls more characters than each other player counts three fewer gold during the marshalling phase.', NULL, NULL, NULL, 2, NULL, 'oldtown107.jpg'),
(1593, 'The Iron Cliffs', 43, 2, 1, 'After The Iron Cliffs comes into play, place two gold tokens from the treasury on it. Response : discard one gold token from The Iron Cliffs to save a Greyjoy character from being killed.', NULL, NULL, NULL, NULL, NULL, 'oldtown108.jpg'),
(1594, 'Shadow Parasite', 43, 1, 0, 'Response : after a character''s STR is reduced by X, Shadow Parasite gets +X STR until the end of the phase.', NULL, NULL, NULL, 0, NULL, 'oldtown109.jpg'),
(1595, 'Litany of Fire', 43, 5, NULL, 'Targaryen only. Challenges : during the next dominance phase, treat all locations as if they were characters with STR 3 and no icons.', NULL, NULL, NULL, NULL, NULL, 'oldtown110.jpg'),
(1596, 'Schemes of the Scholar', 43, 6, NULL, 'Learned characters you control do not kneel to attack or defend during intrigue challenges. Raise your claim value by one during intrigue challenges you initiate.', 3, NULL, 6, NULL, 1, 'oldtown119.jpg'),
(1597, 'Search and Detain', 43, 6, NULL, 'When revealed, choose a card without any attachments controlled by the first player. Return that card to its owner''s hand (cannot be saved).', 4, NULL, 5, NULL, 1, 'oldtown120.jpg'),
(1598, 'Faceless Man', 43, 1, 3, 'If you control a war character, Faceless Man gets +2 STR.\r\nIf you control a shadow character, Faceless Man gains stealth.\r\nIf you control a holy character, Faceless Man gains deadly.\r\nIf you control a noble character, Faceless Man gains a power icon.', NULL, NULL, NULL, 2, NULL, 'oldtown113.jpg'),
(1599, 'Prolific Statesman', 43, 1, 2, 'Prolific Statesman gains the crests printed on every other character you control.', NULL, NULL, NULL, 2, NULL, 'oldtown114.jpg'),
(1600, 'Ser Gerold Hightower', 43, 1, 4, 'No attachments except weapon. Renown. Response : kneel a Kingsguard character to save a King or Queen character from being killed or discarded from play.', NULL, NULL, NULL, 4, NULL, 'oldtown115.jpg'),
(1601, 'Citadel Politics', 43, 5, NULL, 'Challenges : kneel a Maester character to choose a player. That player may initiate an additional intrigue challenge this phase. (Limit 1 per phase.)', NULL, NULL, NULL, NULL, NULL, 'oldtown116.jpg'),
(1602, 'Valyrian Steel Link', 43, 4, 2, 'Setup. Maester character only. Any Phase : kneel attached character to draw one card (two cards instead if attached character has three or more Chain attachments). (Limit once per phase).', NULL, NULL, NULL, NULL, NULL, 'oldtown117.jpg'),
(1603, 'Brass Link', 43, 4, 0, 'Setup. Maester character only. Any Phase : kneel attached character to discard the top X cards from any player''s deck. X is the number of Chain attachments on attached character. (Limit once per phase).', NULL, NULL, NULL, NULL, NULL, 'oldtown118.jpg'),
(1604, 'Hugor Hill', 50, 1, 4, 'Stealth. Discard Hugor Hill from play if you control Tyrion Lannister. If you win a challenge in chich Hugor Hill attacked alone, instead of the normal claim effects, choose a character in the losing opponent''s discard pile with a cost of X or lower. Put that character into play under your control. X is the amount by which you won the challenge.', NULL, NULL, NULL, 3, NULL, 'narrow4.jpg'),
(1605, 'Ser Kevan Lannister', 50, 1, 3, 'Lannister only. Stealth. If Ser Kevan Lannister would be killed, instead attach him to your House Card with the text : ''Response : after you win an intrigue challenge as the attacker, choose and kneel a character.''', NULL, NULL, NULL, 3, NULL, 'narrow5.jpg'),
(1606, 'Futile Gestures', 50, 5, NULL, 'Response : discard one power from a Lannister character you control to cancel a triggered effect that chooses that character as its only target. Then draw a card.', NULL, NULL, NULL, NULL, NULL, 'narrow6.jpg'),
(1607, 'The Kindly Man', 50, 1, 2, 'Stark only. Deadly. If The Kindly Man would be killed, instead attach him to your House card as your only agenda with text : ''Response : after you win an intrigue or power challenge, choose a non-unique character in any dead or discard pile and put it into play under your control. At the end of the phase, discard that character if it is still in play. (Limit once per phase.)''', NULL, NULL, NULL, 1, NULL, 'narrow1.jpg'),
(1608, 'Playing the Part', 50, 5, NULL, 'Challenges : choose a Martell character. Until the end of the phase that character gains stealth and ''Immune to triggered effects.''', NULL, NULL, NULL, NULL, NULL, 'narrow13.jpg'),
(1609, 'Thirst for Vengeance', 50, 4, 1, 'Attached character gains deadly. Response : after a character dies for deadly, attached character claims one power.', NULL, NULL, NULL, NULL, NULL, 'narrow12.jpg'),
(1610, 'Willas Tyrell', 50, 1, 2, 'While Willas Tyrell is participating in a challenge against an opponent running an agenda, he gains renown. While Willas Tyrell is participating in a challenge, participating Lannister and Martell characters do not count their STR.', NULL, NULL, NULL, 2, NULL, 'narrow9.jpg'),
(1611, 'The Bastard of Nightsong', 50, 1, 3, 'Response : after you win a challenge in which The Bastard of Nightsong participated, move one power from the losing opponent''s House card to The Bastard of Nightsong.', NULL, NULL, NULL, 3, NULL, 'narrow8.jpg'),
(1612, 'Aeron Damphair', 50, 1, 3, 'Greyjoy only. Stealth. If Aeron Damphair would be killed, instead attach him to your House card as your only agenda with the text : ''Response : after a Greyjoy character is saved, draw two cards.''', NULL, NULL, NULL, 3, NULL, 'narrow10.jpg'),
(1613, 'Maester Kerwin', 50, 1, 1, 'Response : kill Maester Kerwin (cannot be saved) to cancel any effect that chooses one of your ironborn characters as its only target.', NULL, NULL, NULL, 1, NULL, 'narrow11.jpg'),
(1614, 'Magister Illyrio', 50, 1, 3, 'Response : after a character enters play during the challenges phase, choose a non-unique character. Until the end of the phase, that character gets -1 STR and is killed if its STR is 0.', NULL, NULL, NULL, 3, NULL, 'narrow16.jpg'),
(1615, 'Incinerate', 50, 5, NULL, 'Targaryen only. Challenges : kneel one influence to choose a character and name a Trait. Until the end of the phase, that character gets -X STR and is killed if its STR is 0. X is the number of Targaryen characters you control with the named Trait.', NULL, NULL, NULL, NULL, NULL, 'narrow15.jpg'),
(1616, 'Harried by Dragons', 50, 4, 1, 'Targaryen only. Ambush. Attached character gets -1 STR. Response : after Harried by Dragons is played from your hand, search your deck for a card named Harried by Dragons and put it into your hand. Then, shuffle your deck.', NULL, NULL, NULL, NULL, NULL, 'narrow14.jpg'),
(1617, 'Above the Sorrows', 50, 6, NULL, 'When revealed, discard the top card of each opponent''s deck. Then, if this is your revealed plot card, trigger the ''when revealed'' effect of the top River plot card in your used pile.', 2, NULL, 5, NULL, 2, 'narrow18.jpg'),
(1618, 'Shores of Ny Sar', 50, 6, NULL, 'When revealed, reveal the top card of your deck and put it into your hand. Then, if this is your revealed plot card, trigger the ''when revealed'' effect of the top River card in your used pile.', 3, NULL, 0, NULL, 1, 'narrow19.jpg'),
(1619, 'At the Palace of Sorrows', 50, 6, NULL, 'When revealed, each player chooses a card in play which he or she controls and puts the chosen card on top of its owner''s deck. Then, if this is your revealed plot card, trigger the ''when revealed'' effect of the top River plot card in your used pile.', 3, NULL, 4, NULL, 1, 'narrow20.jpg'),
(1620, 'Volantis', 50, 2, 1, 'Lower the cost of the first out-of-House Greyjoy card you play each round by one.\r\nLower the cost of the first Mercenary character you play each round by one.', NULL, 1, NULL, NULL, NULL, 'narrow17.jpg'),
(1621, 'Ward', 50, 5, NULL, 'Stark or Targaryen only. Response : after you win a military challenge, choose a character of STR two or less controlled by the losing player. Attach Ward to the chosen character as a Condition attachment with the text : ''Take control of attached character. If the owner of attached characterd wins an intrigue or power challenge against you, discard Ward.''', NULL, NULL, NULL, NULL, NULL, 'narrow3.jpg'),
(1622, 'Turncloak', 50, 4, 0, 'Greyjoy or Stark only. Attached character gains the Traitor trait and the text : ''If you do not win dominance, discard this character from play.'' Response : after Turncloak comes out of Shadows during challenges phase, attach it to an opponent''s character.', NULL, NULL, NULL, NULL, NULL, 'narrow2.jpg'),
(1623, 'Penny', 51, 1, 1, 'Challenges : kneel Penny to choose a character without attachments. The controller of that character chooses to either kneel that character or choose and discard one card from his or her hand.', NULL, NULL, NULL, 1, NULL, 'narrow24.jpg'),
(1624, 'Merchant''s Widow', 51, 1, 2, 'Merchant''s Widow gets +1 STR for each gold token on it. Response : after an opponent returns gold to the treasury during the taxation phase, add one gold from the treasury to Merchant''s Widow.', NULL, NULL, NULL, 2, NULL, 'narrow25.jpg'),
(1625, 'Damon Dance-For-Me', 51, 1, 3, 'Immune to events. While Damon Dance-For-Me is participating in a challenge against an opponent running an agenda, he gains deadly and stealth. If you are not running an agenda, Damon Dance-For-Me gains renown.', NULL, NULL, NULL, 3, NULL, 'narrow21.jpg'),
(1626, 'Bran Stark', 51, 1, 2, 'Challenges : kneel a Direwolf to stand Bran Stark. Then, Bran Stark gains (choose one) : a military icon, stealth, or deadly until the end of phase.', NULL, NULL, NULL, 2, NULL, 'narrow22.jpg'),
(1627, 'Castle Battlements', 51, 4, 1, 'Stark only. Attach to a location you control. Attached location is immune to non-plot card effects. While you are the defending player, non-unique characters lose stealth and deadly.', NULL, NULL, NULL, NULL, NULL, 'narrow23.jpg'),
(1628, 'Quentyn Martell', 51, 1, 3, 'Martell only. Stealth. If Quentyn Martell would be killed, instead attach Quentyn Martell to your House card as your only agenda with the text : ''Unique Martell characters you control gain vengeful. Response : after one or more characters stand for vengeful, draw one card.''', NULL, NULL, NULL, 3, NULL, 'narrow30.jpg'),
(1629, 'Shireen Baratheon', 51, 1, 1, 'Baratheon only. If Shereen Baratheon would be killed, instead attach her to your House Card as your only agenda with the text : ''Response : after you win a power challenge, choose a character you control with renown. Until the end of the phase, when that character claims power for renown, it claims one additional power.''', NULL, NULL, NULL, 1, NULL, 'narrow26.jpg'),
(1630, 'Dragonstone Bannerman', 51, 1, 3, 'Response : after you win dominance, Dragonstone Bannerman claims one power.', NULL, NULL, NULL, 3, NULL, 'narrow27.jpg'),
(1631, 'Victarion Greyjoy', 51, 1, 4, 'Renown. Victarion Greyjoy gets +1 STR for each knelt Warship location you control.', NULL, NULL, NULL, 3, NULL, 'narrow28.jpg'),
(1632, 'Moqorro', 51, 1, 3, 'Response : kneel Moqorro to save a unique Greyjoy character from being killed or discarded. That character gets +2 STR and gains intimidate until the end of the phase.', NULL, NULL, NULL, 2, NULL, 'narrow29.jpg'),
(1633, 'Young Griff', 51, 1, 1, 'Targaryen only Stealth. After Young Griff comes out of Shadows, stand any number of characters you control. Then, you may immediately bring another card out of Shadows by paying the rest of its gold cost.', NULL, NULL, NULL, 3, NULL, 'narrow33.jpg'),
(1634, 'Strong Belwas', 51, 1, 2, 'No attachments except Boon. Strong Belwas gets -1 STR for each gold token on him and is killed if his STR is zero. Response : place one gold token from the treasury on Strong Belwas to save another unique Targaryen character from being killed or discarded from play. (Limit once per phase.)', NULL, NULL, NULL, 3, NULL, 'narrow34.jpg'),
(1635, 'Recruitment', 51, 5, NULL, 'Targaryen only. Any Phase : kneel X influence to choose a non-unique Mercenary or Ally character in your dead or discard pile and put that character into play. X is the printed cost of that character.', NULL, NULL, NULL, NULL, NULL, 'narrow32.jpg'),
(1636, 'Pulled from the Rhoyne', 51, 6, NULL, 'When revealed, each player returns the top character in his or her dead pile to the top of his or her deck. Then, if this is your revealed plot card, trigger the ''when revealed'' effect of the top River plot card in your used pile.', 2, NULL, 4, NULL, 1, 'narrow37.jpg'),
(1637, 'Under the Bridge of Dream', 51, 6, NULL, 'When revealed, add two gold from the treasury to your gold pool. Then, if this is your revealed plot card, trigger the ''when revealed'' effect on any River plot card in your used pile.', 1, NULL, 0, NULL, 1, 'narrow38.jpg'),
(1638, 'On Dagger Lake', 51, 6, NULL, 'When revealed, each opponent chooses and discards one card from his or her hand, if able. Then, if this is your revealed plot card, trigger the ''when revealed'' effect of the top River plot card in your used pile.', 1, NULL, 6, NULL, 1, 'narrow39.jpg'),
(1639, 'Before the Black Walls', 51, 6, NULL, 'When revealed, name a challenge type. In order to declare any characters to attack or defend during challenges of that type, a player must declare all of his or her eligible characters. Then, if this is your revealed plot card, trigger the ''when revealed'' effect of the top River plot card in your used pile.', 4, NULL, 2, NULL, 1, 'narrow40.jpg'),
(1640, 'Spiteful Bastard', 51, 1, 2, 'Response : after you lose a challenge as the attacker, stand Spiteful Bastard. Response : after you win a challenge as the defender, stand Spiteful Bastard.', NULL, NULL, NULL, 2, NULL, 'narrow31.jpg'),
(1641, 'Braavos', 51, 2, 1, 'Lower the cost of the first out-of-House Stark card you play each round by one. Lower the cost of the first Lady character you play each round by one.', NULL, 1, NULL, NULL, NULL, 'narrow35.jpg'),
(1642, 'Norvos', 51, 2, 1, 'Lower the cost of the first out-of-House Martell card you play each round by one. Lower the cost of the first Lord character you play each round by one.', NULL, 1, NULL, NULL, NULL, 'narrow36.jpg'),
(1643, 'Yezzan''s Grotesquerie', 52, 1, 3, 'Infamy. While Yezzan''s Grotesquerie is participating in a challenge, characters with a military icon do not count their STR.', NULL, NULL, NULL, 3, NULL, 'narrow43.jpg'),
(1644, 'Selhorys Customs Officer', 52, 1, 2, 'Response : after an opponent pays gold outside of the marshalling phase, move that gold into your gold pool.', NULL, NULL, NULL, 2, NULL, 'narrow44.jpg'),
(1645, 'Follower of the Many-Faced God', 52, 1, 1, 'Stalwart. Characters with stalwart gain stealth. Response : after you play a character with the stalwart keyword from your hand, choose and stand a Stark character.', NULL, NULL, NULL, 1, NULL, 'narrow41.jpg'),
(1646, 'Abel''s Washerwoman', 52, 1, 1, 'Melee. If Abel''s Washerwoman is attacking and all of your participating characters have the Wildling trait, she gains : ''Response : after the defending player declares no defenders, claim one power for your House.''', NULL, NULL, NULL, 0, NULL, 'narrow42.jpg'),
(1647, 'Ser Archibald Yronwood', 52, 1, 3, 'Deadly. Renown. If you are running a non-character agenda, treat Ser Archibald Yronwood''s printed text box as if it were blank. Response : after Ser Archibald Yronwood is declared as a defender, choose and kneel a location.', NULL, NULL, NULL, 3, NULL, 'narrow52.jpg'),
(1648, 'Ser Gerris Drinkwater', 52, 1, 3, 'Stealth. Renown. If you are running a non-character agenda, treat Ser Gerris Drinkwater''s printed text box as if it were blank. Response : after Ser Gerris Drinkwater is knelt as a defender, choose and stand another Martell character.', NULL, NULL, NULL, 3, NULL, 'narrow53.jpg'),
(1649, 'The Red Queen''s Faithful', 52, 1, 7, 'No attachments. Lower the cost to play The Red Queen''s Faithful by one for each unique Baratheon character you control. Response : after you win a challenge in which The Red Queen''s Faithful participated, choose a player. Move up to three power from his or her House card to a character he or she controls.', NULL, NULL, NULL, 7, NULL, 'narrow46.jpg'),
(1650, 'Follower of Two Gods', 52, 1, 1, 'If Follower of Two Gods would be killed, instead put it on the bottom of your deck. Response : after you win an unopposed challenge, Follower of Two Gods gains a power icon until the end of the phase.', NULL, NULL, NULL, 1, NULL, 'narrow47.jpg'),
(1651, 'Thrall', 52, 1, 1, 'Dominance : return Thrall from your dead pile to your hand. Use this ability only if there are at least three characters in your dead pile.', NULL, NULL, NULL, 1, NULL, 'narrow48.jpg'),
(1652, 'Iron Fleet Captain', 52, 1, 3, 'Stealth. Response : after you win an unopposed challenge in which Iron Fleet Captain participated, it claims one power.', NULL, NULL, NULL, 3, NULL, 'narrow49.jpg'),
(1653, 'Victarion''s Reavers', 52, 1, 7, 'No attachments. Lower the cost to play Victarion''s Reavers by one for each unique Greyjoy character you control. If you win a challenge in which Victarion''s Reavers attacked alone, instead of the normal claim effects, the losing player chooses and discards X locations he or she controls from play. X is the printed claim on your revealed plot card.', NULL, NULL, NULL, 7, NULL, 'narrow50.jpg'),
(1654, 'Longship Grief', 52, 2, 2, 'Raider and Captain characters you control do not kneel to attack or defend during the first challenge initiated each round.', NULL, NULL, NULL, NULL, NULL, 'narrow51.jpg'),
(1655, 'Archmaester Marwyn', 52, 1, 3, 'Dominance : kneel Archmaester Marwyn to choose three cards in your discard pile. Your opponent places one on the bottom of your deck, adds one to your hand, and returns the last to the top of your discard pile', NULL, NULL, NULL, 3, NULL, 'narrow55.jpg'),
(1656, 'Sellsword Deserter', 52, 1, 1, 'Ambush. Targaryen only. Characters with the Ally or Refugee trait get -1 STR. Challenges : discard an attachment from your hand to return Sellsword Deserter from your discard pile to your hand.', NULL, NULL, NULL, 2, NULL, 'narrow56.jpg'),
(1657, 'Griff', 52, 1, 3, 'If Griff would be killed, instead attach him to your House Card as your only agenda with text : ''If you do not control more attachments than each opponent, unattach Griff and return him to play. Response : after a Targaryen attachment you control is discarded from play, kneel one influence to return it to your hand.''', NULL, NULL, NULL, 3, NULL, 'narrow57.jpg'),
(1658, 'A City Besieged', 52, 6, NULL, 'When revealed, choose and discard from play one location with printed cost X or lower controlled by each player, if able. X is the number of city plots in your used pile.', 4, NULL, 4, NULL, 1, 'narrow59.jpg'),
(1659, 'Manning the City Walls', 52, 6, NULL, 'When revealed, if you have no City plots in your used pile, put an in-House Army character into play from your hand.', 1, NULL, 2, NULL, 2, 'narrow60.jpg'),
(1660, 'Wildling Bard', 52, 1, 3, 'Challenges : before any challenges are declared, discard a card from your hand to give a Baratheon or Stark character renown until the end of the phase. (Limit 3 times per round.)', NULL, NULL, NULL, 3, NULL, 'narrow45.jpg'),
(1661, 'Watchful Servant', 52, 1, 2, 'Challenges : kill Watchful Servant (cannot be saved) to choose a participating character with STR 3 or higher. Remove that character from the current challenge.', NULL, NULL, NULL, 2, NULL, 'narrow54.jpg'),
(1662, 'Pentos', 52, 2, 1, 'Lower the cost of the first out-of-House Targaryen card you play each round by one. Lower the cost of the first Army character you play each round by one.', NULL, 1, NULL, NULL, NULL, 'narrow58.jpg'),
(1663, 'Volantis Inn', 53, 2, 1, 'Standing : kneel Volantis Inn and kneel a character you control to choose and kneel a character without attachments.', NULL, NULL, NULL, NULL, NULL, 'narrow63.jpg'),
(1664, 'Pentoshi Manor', 53, 2, 1, 'Challenges : kneel Pentoshi Manor to choose an opponent''s attacking character. The controller of that character chooses to either have that character claim one power and remove it from the challenge, or that character gets -2 STR and loses all keywords until the end of the phase.', NULL, NULL, NULL, NULL, NULL, 'narrow64.jpg'),
(1665, 'Maege Mormont', 53, 1, 3, 'If you are not running an Agenda, Maege Mormont gains : ''Response : after you win a challenge in which Maege Mormont participated, return her to her owner''s hand to search your deck for a Stark location. Put that location into play knelt and shuffle your deck.''', NULL, NULL, NULL, 3, NULL, 'narrow61.jpg'),
(1666, 'Maester Myles', 53, 1, 2, 'Challenges : kneel Maester Myles to choose a participating character with only one icon. Remove that character from the challenge.', NULL, NULL, NULL, 1, NULL, 'narrow70.jpg'),
(1667, 'Rhoynar Emissary', 53, 1, 2, 'Challenges : kneel Rhoynar Emissary to choose a character. If that character is not declared as a participant in the next challenge this phase for which it is eligible, discard it from play. Any opponent may kneel two influences to cancel this effect.', NULL, NULL, NULL, 2, NULL, 'narrow71.jpg'),
(1668, 'The Windblown', 53, 1, 7, 'No attachments. Lower the cost to play The Windblown by one for each unique Martell character you control. While The Windblown is attacking, characters with fewer than two icons do not count their STR.', NULL, NULL, NULL, 7, NULL, 'narrow72.jpg'),
(1669, 'Watcher of the Nightfire', 53, 1, 3, 'Renown. Response : after you win dominance, draw one card.', NULL, NULL, NULL, 2, NULL, 'narrow65.jpg'),
(1670, 'The Nighfort', 53, 2, 1, 'Challenges : kneel The Nightfort to choose a Knight or Night''s Watch character. Until the end of the phase, that character gains melee.', NULL, NULL, NULL, NULL, NULL, 'narrow66.jpg'),
(1671, 'Longship Red Jester', 53, 2, 1, 'Response : kneel and discard Longship Red Jester to cancel a location ability just triggered.', NULL, NULL, NULL, NULL, NULL, 'narrow68.jpg'),
(1672, 'Captured Cog', 53, 2, 1, 'Captured Cog counts 4 STR during the dominance phase.', NULL, NULL, 2, NULL, NULL, 'narrow69.jpg'),
(1673, 'The Golden Company', 53, 1, 7, 'Renown. No attachments. Lower the cost to play The Golden Company by one for each unique Targaryen character you control. Response : after you win a challenge in which The Golden Company participated as an attacker, return one random card from your discard pile to your hand.', NULL, NULL, NULL, 7, NULL, 'narrow73.jpg'),
(1674, 'Great Pyramid of Meereen', 53, 2, 2, 'Limited. Marshalling : kneel Great Pyramid of Meereen to lower the cost of the next Targaryen character you play this phase by two.', NULL, 2, NULL, NULL, NULL, 'narrow75.jpg'),
(1675, 'Dragon Egg', 53, 4, 1, 'Targaryen only. Attach to a card controlled by an opponent. Targaryen cards of the attached card''s type in your hand gain ambush during the challenges phase.', NULL, NULL, NULL, NULL, NULL, 'narrow74.jpg'),
(1676, 'Men of Honor', 53, 6, NULL, 'Unique characters gain renown during the first challenge initiated each phase.', 2, NULL, 4, NULL, 1, 'narrow79.jpg'),
(1677, 'Men of Duty', 53, 6, NULL, 'Unique characters you control get +1 STR and a military, an intrigue, and a power icon during the first challenge initiated this round.', 3, NULL, 7, NULL, 1, 'narrow80.jpg'),
(1678, 'Much and More', 53, 5, NULL, 'Any Phase : reveal the top four cards of each player''s deck. Choose one revealed card owned by each player, and add it to its owner''s hand. Shuffle all other cards back into their owners'' decks.', NULL, NULL, NULL, NULL, NULL, 'narrow78.jpg'),
(1679, 'Ghost of Winterfell', 53, 1, 2, 'Deadly. Response : after a character is killed for deadly, draw one card.', NULL, NULL, NULL, 1, NULL, 'narrow67.jpg'),
(1680, 'Hall of Dragons', 53, 2, 2, 'Challenges : kneel Hall of Dragons and kneel one influence to choose a character you control. Until the end of the phase, that character gains deadly, and a Trait of your choice.', NULL, NULL, NULL, NULL, NULL, 'narrow62.jpg'),
(1681, 'Myr', 53, 2, 1, 'Lower the cost of the first out-of-House Baratheon card you play each round by one. Lower the cost of the first Knight character you play each round by one.', NULL, 1, NULL, NULL, NULL, 'narrow76.jpg'),
(1682, 'Tyrosh', 53, 2, 1, 'Lower the cost of the first out-of-House Lannister card you play each round by one. Lower the cost of the first Ally character you play each round by one.', NULL, 1, NULL, NULL, NULL, 'narrow77.jpg'),
(1683, 'Dockside Brothel', 54, 2, 0, 'Limited Response : after an opponent''s character is knelt by a card effect, kneel Dockside Brothel to have a unique Lannister character claim one power.', NULL, NULL, NULL, NULL, NULL, 'narrow85.jpg'),
(1684, 'Dragonbone Dagger', 54, 4, 1, 'Attached character gets +1 STR and gains deadly. Any Phase : pay one gold to return Dragonbone Dagger from your discard pile to your hand.', NULL, NULL, NULL, NULL, NULL, 'narrow86.jpg');
INSERT INTO `carte_carte` (`CarteID`, `Nom`, `Extension`, `Type`, `Cout`, `Texte`, `Gold`, `Influence`, `Initiative`, `Force`, `Prise`, `Image`) VALUES
(1685, 'Enslaved', 54, 4, 2, 'Attach to a character with printed cost two or lower. Take control of attached character.', NULL, NULL, NULL, NULL, NULL, 'narrow87.jpg'),
(1686, 'Arya Stark', 54, 1, 2, 'Deadly. Response : after a unique character is killed, discard Arya Stark from play (cannot be saved) to choose and kill a character with STR 3 or less.', NULL, NULL, NULL, 2, NULL, 'narrow81.jpg'),
(1687, 'The House of Black and White', 54, 2, 2, 'Response : after an opponent''s character is killed by a card effect, kneel The House of Black and White to move one power from that opponent''s House card to your House card.', NULL, NULL, NULL, NULL, NULL, 'narrow82.jpg'),
(1688, 'I Am No One', 54, 5, NULL, 'Dominance : if you lost dominance this phase, choose a standing unique Stark character. That character claims two power. (Limit 1 per round.)', NULL, NULL, NULL, NULL, NULL, 'narrow84.jpg'),
(1689, 'Poisoned Coin', 54, 4, 1, 'Stark only. Response : after attached character stands, kill attached character. Then, draw one card.', NULL, NULL, NULL, NULL, NULL, 'narrow83.jpg'),
(1690, 'Noyne', 54, 2, 0, 'Each opponent plays with the top card of his or her deck revealed.', NULL, NULL, NULL, NULL, NULL, 'narrow92.jpg'),
(1691, 'Qhoyne', 54, 2, 1, 'Challenges : kneel Qhoyne to choose a character. Until the end of the phase, that character loses a power icon. If that character has no power icon, it instead gets -1 STR until the end of the phase.', NULL, NULL, NULL, NULL, NULL, 'narrow93.jpg'),
(1692, 'Lhorulu', 54, 2, 2, 'Challenges : kneel Lhourulu and two influence to choose one attacking and one defending character. Stand and remove both characters from the challenge.', NULL, NULL, NULL, NULL, NULL, 'narrow94.jpg'),
(1693, 'Northern Encampment', 54, 2, 1, 'Any Phase : kneel two influence and discard Northern Encampment from play to stand all unique Knight characters in play.', NULL, NULL, NULL, NULL, NULL, 'narrow88.jpg'),
(1694, 'Banner Bearer', 54, 4, 1, 'Setup. Challenges : kneel Banner Bearer to choose a Knight or Lord character you control. Attached character gains all keywords the chosen character has until the end of the phase.', NULL, NULL, NULL, NULL, NULL, 'narrow89.jpg'),
(1695, 'Freed Galley', 54, 2, 1, 'Response : after you win an unopposed challenge, kneel Freed Galley to claim one power for any participating unique Greyjoy character.', NULL, NULL, NULL, NULL, NULL, 'narrow90.jpg'),
(1696, 'Cowed', 54, 4, 0, 'Attached character cannot be declared alone as attacker or defender.', NULL, NULL, NULL, NULL, NULL, 'narrow91.jpg'),
(1697, 'Company of the Cat', 54, 1, 4, 'Targaryen only. Ambush. Response : after Company of the Cat is put into play through a card effect, draw one card.', NULL, NULL, NULL, 4, NULL, 'narrow95.jpg'),
(1698, 'Long Lances', 54, 1, 3, 'Targaryen only. Ambush. Response : after a character comes into play, choose and stand a Targaryen character you control. (Limit once per phase.)', NULL, NULL, NULL, 3, NULL, 'narrow96.jpg'),
(1699, 'Men of Pride', 54, 6, NULL, 'Non-unique characters lose all keywords.', 4, NULL, 0, NULL, 2, 'narrow99.jpg'),
(1700, 'The Pale Mare', 54, 6, NULL, 'When revealed, each player chooses one non-unique character he or she controls. All non-unique characters not chosen are discarded from play.', 0, NULL, 3, NULL, 1, 'narrow100.jpg'),
(1701, 'Execution', 54, 5, NULL, 'Dominance : after you win dominance, kneel two influence or kneel one Lord character to choose and kill a non-unique character.', NULL, NULL, NULL, NULL, NULL, 'narrow98.jpg'),
(1702, 'Greyscale', 54, 4, 0, 'Attached character gains renown. Attached character gets -1 STR for each gold token on it and is discarded if its STR is zero. When attached character claims one or more power, put one gold token from the treasury on that character.', NULL, NULL, NULL, NULL, NULL, 'narrow97.jpg'),
(1703, 'Walk of Shame', 55, 5, NULL, 'Lannister only. Challenges : kneel one influence to choose a participating character. Remove that character from the challenge. Then, discard one power from that character and one power from your House card.)', NULL, NULL, NULL, NULL, NULL, 'narrow104.jpg'),
(1704, 'The Bastard''s Boys', 55, 1, 7, 'No attachments. Lower the cost to play The Bastard''s Boys by one for each House Bolton character you control. Response : after The Bastard''s Boys are knelt as an attacker and the defending player controls no House Bolton characters, raise the claim value on your revealed plot card by one (to a maximum of three) until the end of the phase.', NULL, NULL, NULL, 7, NULL, 'narrow101.jpg'),
(1705, 'Ramsay''s Hunting Dogs', 55, 4, 1, 'Setup. Attached character gets +2 STR and cannot be bypassed by stealth.', NULL, NULL, NULL, NULL, NULL, 'narrow102.jpg'),
(1706, 'Old Bill Bone', 55, 1, 2, 'You may spend gold tokens on Martell characters you control as if they are in your gold pool.', NULL, NULL, NULL, 2, NULL, 'narrow111.jpg'),
(1707, 'Greenblood Merchant', 55, 1, 1, 'Challenges : kneel Greenblood Merchant to choose a character. That character gains or loses an icon of your choice until the end of the phase. Any opponent may kneel one influence to cancel this effect.', NULL, NULL, NULL, 1, NULL, 'narrow112.jpg'),
(1708, 'Deceit', 55, 5, NULL, 'Martell only. Challenges : choose two characters controlled by two different players. Until the end of the phase, the character of your choice loses all keywords and the other characters gains each of those lost keywords. Response: after you lose a challenge as the attacker, choose and stand a participating character.', NULL, NULL, NULL, NULL, NULL, 'narrow114.jpg'),
(1709, 'Outthought', 55, 4, 1, 'After you play Outthought, draw one card. Response : after you lose a challenge, kneel attached character.', NULL, NULL, NULL, NULL, NULL, 'narrow113.jpg'),
(1710, 'Snowed In', 55, 5, NULL, 'Baratheon only. Any Phase : until the end of the phase, character abilities cannot be triggered.', NULL, NULL, NULL, NULL, NULL, 'narrow106.jpg'),
(1711, 'Glamor of Fire', 55, 5, NULL, 'Baratheon only. Any Phase : choose and kill a character you control (cannot be saved) to choose and put into play a character in your dead pile that was killed this phase.', NULL, NULL, NULL, NULL, NULL, 'narrow107.jpg'),
(1712, 'Sacrificed to Two Gods', 55, 5, NULL, 'Greyjoy only. Response : after a challenge resolves in which a character did not count its STR because of intimidate, kill that character. Response : save a holy character from being killed. Then, that character claims one power.', NULL, NULL, NULL, NULL, NULL, 'narrow109.jpg'),
(1713, 'Outfitted for War', 55, 4, 1, 'Greyjoy only. Attach to a Warship location you control. Attached location is immune to non-plot card effects. Add three to your total STR during any military challenge in which you control at least one attacking character.', NULL, NULL, NULL, NULL, NULL, 'narrow108.jpg'),
(1714, 'The Brazen Beasts', 55, 1, 4, 'Renown. Response : after an opponent''s character''s STR is reduced to zero, The Brazen Beasts claim one power. (Limit once per phase.)', NULL, NULL, NULL, 3, NULL, 'narrow115.jpg'),
(1715, 'Meereenese Fighting Pit', 55, 2, 1, 'Challenges : kneel Meereenese Fighting Pit to choose and stand a Dragon character or a character with one or more Weapon attachments.', NULL, NULL, NULL, NULL, NULL, 'narrow116.jpg'),
(1716, 'Dragonbone Bow', 55, 4, 1, 'Attached character gains deadly. Challenges : kneel attached character to have it participate as an attacker in the current challenge.', NULL, NULL, NULL, NULL, NULL, 'narrow117.jpg'),
(1717, 'Lead by Example', 55, 6, NULL, 'Players must declare two or more characters to attack or defend in a challenge.', 3, NULL, 4, NULL, 1, 'narrow120.jpg'),
(1718, 'Flood Waters', 55, 5, NULL, 'Any Phase : kneel two influence or kneel one Warship location to choose a River plot card in any player''s used plot pile. Trigger that plot''s ''When revealed'' effect as if you had just revealed it.', NULL, NULL, NULL, NULL, NULL, 'narrow110.jpg'),
(1719, 'Little and Less', 55, 5, NULL, 'You may play this card during any response window. Response : until the end of the phase, players cannot play any additional responses. (Cannot be canceled.)', NULL, NULL, NULL, NULL, NULL, 'narrow118.jpg'),
(1720, 'House of Dreams', 55, 3, NULL, 'After you announce House of Dreams as your Agenda, choose from your deck a unique, in-House, non-limited location. That location starts the game in play and gains the text : ''Immune to opponents'' non-plot card effects.'' Draw six cards for your setup hand. You cannot spend more than three gold during setup.', NULL, NULL, NULL, NULL, NULL, 'narrow119.jpg'),
(1721, 'The Second Sons', 55, 1, 7, 'Stealth. No attachments. Lower the cost to play The Second Sons by one for each unique Lannister or Targaryen character you control. Response : after a player draws a card through a card effect during the challenges phase, choose a character. That character gets -1 STR until the end of the phase.', NULL, NULL, NULL, 7, NULL, 'narrow105.jpg'),
(1722, 'Rhymes with Meek', 55, 5, NULL, 'Response : kneel one influence to save a unique Stark or Greyjoy character from being killed. Then, attach Rhymes with Meek to the saved character (counts as a Condition attachment with the text ''Attached character cannot have its STR raised or lowered by card effects.'')', NULL, NULL, NULL, NULL, NULL, 'narrow103.jpg');

-- --------------------------------------------------------

--
-- Structure de la table `carte_cycle`
--

CREATE TABLE IF NOT EXISTS `carte_cycle` (
  `CycleID` int(11) NOT NULL AUTO_INCREMENT,
  `CycleNom` varchar(100) CHARACTER SET utf8 NOT NULL,
  PRIMARY KEY (`CycleID`)
) ENGINE=InnoDB  DEFAULT CHARSET=utf8 COLLATE=utf8_unicode_ci AUTO_INCREMENT=12 ;

--
-- Contenu de la table `carte_cycle`
--

INSERT INTO `carte_cycle` (`CycleID`, `CycleNom`) VALUES
(1, 'Edition de base'),
(2, 'A Clash of Arms'),
(3, 'A Time of Ravens'),
(4, 'King''s Landing'),
(5, 'Defenders of the North'),
(6, 'Brotherhood Without Banners'),
(7, 'Secrets of Oldtown'),
(8, 'A Tale of Champions'),
(9, 'Beyond the Narrow Sea'),
(10, 'Song of the Sea'),
(11, 'King''s Road');

-- --------------------------------------------------------

--
-- Structure de la table `carte_defier`
--

CREATE TABLE IF NOT EXISTS `carte_defier` (
  `CarteID` int(11) NOT NULL,
  `IconeID` int(11) NOT NULL,
  PRIMARY KEY (`CarteID`,`IconeID`),
  KEY `IconeID` (`IconeID`)
) ENGINE=InnoDB DEFAULT CHARSET=utf8 COMMENT='carte_';

--
-- Contenu de la table `carte_defier`
--

INSERT INTO `carte_defier` (`CarteID`, `IconeID`) VALUES
(1, 1),
(22, 1),
(23, 1),
(26, 1),
(32, 1),
(71, 1),
(75, 1),
(79, 1),
(87, 1),
(95, 1),
(97, 1),
(101, 1),
(111, 1),
(117, 1),
(118, 1),
(131, 1),
(134, 1),
(136, 1),
(146, 1),
(153, 1),
(177, 1),
(179, 1),
(186, 1),
(187, 1),
(194, 1),
(195, 1),
(196, 1),
(197, 1),
(200, 1),
(201, 1),
(226, 1),
(339, 1),
(340, 1),
(341, 1),
(342, 1),
(345, 1),
(346, 1),
(351, 1),
(352, 1),
(357, 1),
(358, 1),
(360, 1),
(362, 1),
(363, 1),
(369, 1),
(371, 1),
(377, 1),
(382, 1),
(385, 1),
(399, 1),
(400, 1),
(402, 1),
(404, 1),
(407, 1),
(411, 1),
(412, 1),
(415, 1),
(416, 1),
(437, 1),
(438, 1),
(440, 1),
(444, 1),
(456, 1),
(460, 1),
(462, 1),
(466, 1),
(479, 1),
(485, 1),
(492, 1),
(503, 1),
(508, 1),
(510, 1),
(511, 1),
(513, 1),
(514, 1),
(516, 1),
(519, 1),
(536, 1),
(540, 1),
(543, 1),
(545, 1),
(555, 1),
(561, 1),
(562, 1),
(564, 1),
(565, 1),
(576, 1),
(582, 1),
(594, 1),
(597, 1),
(599, 1),
(612, 1),
(614, 1),
(622, 1),
(623, 1),
(627, 1),
(630, 1),
(636, 1),
(650, 1),
(652, 1),
(653, 1),
(657, 1),
(662, 1),
(665, 1),
(673, 1),
(683, 1),
(684, 1),
(687, 1),
(689, 1),
(692, 1),
(697, 1),
(699, 1),
(705, 1),
(708, 1),
(709, 1),
(710, 1),
(712, 1),
(720, 1),
(732, 1),
(734, 1),
(743, 1),
(747, 1),
(748, 1),
(754, 1),
(763, 1),
(769, 1),
(774, 1),
(776, 1),
(777, 1),
(778, 1),
(779, 1),
(780, 1),
(782, 1),
(784, 1),
(785, 1),
(786, 1),
(787, 1),
(788, 1),
(792, 1),
(823, 1),
(826, 1),
(843, 1),
(844, 1),
(846, 1),
(850, 1),
(853, 1),
(854, 1),
(860, 1),
(874, 1),
(875, 1),
(877, 1),
(878, 1),
(881, 1),
(888, 1),
(890, 1),
(935, 1),
(936, 1),
(937, 1),
(941, 1),
(961, 1),
(965, 1),
(967, 1),
(970, 1),
(971, 1),
(973, 1),
(977, 1),
(1003, 1),
(1005, 1),
(1006, 1),
(1015, 1),
(1016, 1),
(1017, 1),
(1018, 1),
(1020, 1),
(1021, 1),
(1023, 1),
(1024, 1),
(1025, 1),
(1027, 1),
(1030, 1),
(1068, 1),
(1074, 1),
(1076, 1),
(1077, 1),
(1079, 1),
(1081, 1),
(1127, 1),
(1129, 1),
(1131, 1),
(1139, 1),
(1144, 1),
(1146, 1),
(1149, 1),
(1151, 1),
(1152, 1),
(1153, 1),
(1161, 1),
(1172, 1),
(1174, 1),
(1184, 1),
(1189, 1),
(1193, 1),
(1202, 1),
(1209, 1),
(1211, 1),
(1215, 1),
(1217, 1),
(1222, 1),
(1223, 1),
(1227, 1),
(1229, 1),
(1239, 1),
(1251, 1),
(1265, 1),
(1270, 1),
(1284, 1),
(1285, 1),
(1290, 1),
(1295, 1),
(1306, 1),
(1316, 1),
(1324, 1),
(1325, 1),
(1328, 1),
(1330, 1),
(1333, 1),
(1336, 1),
(1339, 1),
(1343, 1),
(1344, 1),
(1345, 1),
(1349, 1),
(1351, 1),
(1352, 1),
(1355, 1),
(1359, 1),
(1363, 1),
(1365, 1),
(1367, 1),
(1369, 1),
(1379, 1),
(1383, 1),
(1385, 1),
(1395, 1),
(1398, 1),
(1401, 1),
(1406, 1),
(1408, 1),
(1413, 1),
(1419, 1),
(1425, 1),
(1429, 1),
(1442, 1),
(1449, 1),
(1453, 1),
(1459, 1),
(1474, 1),
(1478, 1),
(1479, 1),
(1485, 1),
(1495, 1),
(1498, 1),
(1505, 1),
(1507, 1),
(1512, 1),
(1514, 1),
(1516, 1),
(1520, 1),
(1525, 1),
(1528, 1),
(1530, 1),
(1533, 1),
(1536, 1),
(1539, 1),
(1540, 1),
(1544, 1),
(1548, 1),
(1554, 1),
(1558, 1),
(1564, 1),
(1568, 1),
(1578, 1),
(1584, 1),
(1586, 1),
(1594, 1),
(1598, 1),
(1604, 1),
(1605, 1),
(1607, 1),
(1610, 1),
(1611, 1),
(1612, 1),
(1613, 1),
(1614, 1),
(1623, 1),
(1624, 1),
(1625, 1),
(1626, 1),
(1632, 1),
(1633, 1),
(1640, 1),
(1643, 1),
(1644, 1),
(1646, 1),
(1648, 1),
(1649, 1),
(1655, 1),
(1656, 1),
(1657, 1),
(1660, 1),
(1661, 1),
(1666, 1),
(1668, 1),
(1669, 1),
(1673, 1),
(1679, 1),
(1686, 1),
(1697, 1),
(1706, 1),
(1721, 1),
(2, 2),
(3, 2),
(4, 2),
(5, 2),
(6, 2),
(7, 2),
(17, 2),
(18, 2),
(19, 2),
(20, 2),
(21, 2),
(24, 2),
(25, 2),
(26, 2),
(27, 2),
(28, 2),
(29, 2),
(30, 2),
(31, 2),
(33, 2),
(34, 2),
(73, 2),
(77, 2),
(79, 2),
(81, 2),
(91, 2),
(93, 2),
(99, 2),
(106, 2),
(113, 2),
(115, 2),
(117, 2),
(121, 2),
(125, 2),
(126, 2),
(131, 2),
(132, 2),
(138, 2),
(140, 2),
(145, 2),
(151, 2),
(153, 2),
(155, 2),
(157, 2),
(159, 2),
(160, 2),
(164, 2),
(165, 2),
(174, 2),
(181, 2),
(186, 2),
(194, 2),
(195, 2),
(196, 2),
(197, 2),
(198, 2),
(199, 2),
(202, 2),
(340, 2),
(341, 2),
(343, 2),
(349, 2),
(350, 2),
(351, 2),
(352, 2),
(355, 2),
(357, 2),
(358, 2),
(359, 2),
(362, 2),
(363, 2),
(371, 2),
(372, 2),
(373, 2),
(379, 2),
(397, 2),
(399, 2),
(400, 2),
(403, 2),
(405, 2),
(406, 2),
(408, 2),
(409, 2),
(411, 2),
(414, 2),
(415, 2),
(416, 2),
(417, 2),
(419, 2),
(420, 2),
(421, 2),
(422, 2),
(423, 2),
(424, 2),
(425, 2),
(426, 2),
(427, 2),
(429, 2),
(436, 2),
(437, 2),
(438, 2),
(440, 2),
(441, 2),
(443, 2),
(446, 2),
(449, 2),
(452, 2),
(453, 2),
(459, 2),
(460, 2),
(464, 2),
(466, 2),
(469, 2),
(472, 2),
(493, 2),
(496, 2),
(497, 2),
(500, 2),
(501, 2),
(502, 2),
(503, 2),
(505, 2),
(507, 2),
(508, 2),
(510, 2),
(511, 2),
(514, 2),
(516, 2),
(517, 2),
(519, 2),
(522, 2),
(524, 2),
(527, 2),
(528, 2),
(536, 2),
(538, 2),
(540, 2),
(543, 2),
(545, 2),
(546, 2),
(548, 2),
(555, 2),
(557, 2),
(558, 2),
(563, 2),
(567, 2),
(570, 2),
(574, 2),
(580, 2),
(586, 2),
(595, 2),
(597, 2),
(600, 2),
(602, 2),
(603, 2),
(606, 2),
(609, 2),
(618, 2),
(620, 2),
(622, 2),
(628, 2),
(634, 2),
(636, 2),
(637, 2),
(640, 2),
(643, 2),
(645, 2),
(649, 2),
(652, 2),
(653, 2),
(655, 2),
(658, 2),
(659, 2),
(663, 2),
(668, 2),
(669, 2),
(673, 2),
(678, 2),
(681, 2),
(687, 2),
(689, 2),
(694, 2),
(699, 2),
(702, 2),
(708, 2),
(710, 2),
(711, 2),
(712, 2),
(715, 2),
(717, 2),
(720, 2),
(725, 2),
(726, 2),
(736, 2),
(737, 2),
(743, 2),
(744, 2),
(747, 2),
(753, 2),
(756, 2),
(757, 2),
(767, 2),
(770, 2),
(774, 2),
(775, 2),
(776, 2),
(781, 2),
(782, 2),
(784, 2),
(787, 2),
(789, 2),
(790, 2),
(791, 2),
(809, 2),
(810, 2),
(812, 2),
(813, 2),
(814, 2),
(815, 2),
(816, 2),
(817, 2),
(820, 2),
(821, 2),
(822, 2),
(824, 2),
(825, 2),
(827, 2),
(841, 2),
(842, 2),
(843, 2),
(844, 2),
(845, 2),
(848, 2),
(849, 2),
(851, 2),
(852, 2),
(853, 2),
(855, 2),
(856, 2),
(858, 2),
(860, 2),
(873, 2),
(874, 2),
(876, 2),
(878, 2),
(880, 2),
(882, 2),
(884, 2),
(885, 2),
(886, 2),
(887, 2),
(888, 2),
(889, 2),
(890, 2),
(891, 2),
(892, 2),
(932, 2),
(933, 2),
(934, 2),
(938, 2),
(939, 2),
(959, 2),
(960, 2),
(962, 2),
(964, 2),
(965, 2),
(966, 2),
(967, 2),
(968, 2),
(971, 2),
(972, 2),
(976, 2),
(978, 2),
(979, 2),
(980, 2),
(1004, 2),
(1005, 2),
(1015, 2),
(1018, 2),
(1019, 2),
(1020, 2),
(1022, 2),
(1024, 2),
(1026, 2),
(1027, 2),
(1029, 2),
(1030, 2),
(1053, 2),
(1055, 2),
(1066, 2),
(1067, 2),
(1068, 2),
(1070, 2),
(1072, 2),
(1073, 2),
(1074, 2),
(1075, 2),
(1078, 2),
(1082, 2),
(1083, 2),
(1107, 2),
(1108, 2),
(1109, 2),
(1119, 2),
(1120, 2),
(1121, 2),
(1122, 2),
(1125, 2),
(1127, 2),
(1129, 2),
(1133, 2),
(1135, 2),
(1137, 2),
(1138, 2),
(1144, 2),
(1147, 2),
(1157, 2),
(1160, 2),
(1161, 2),
(1166, 2),
(1167, 2),
(1168, 2),
(1174, 2),
(1176, 2),
(1178, 2),
(1180, 2),
(1183, 2),
(1185, 2),
(1187, 2),
(1189, 2),
(1191, 2),
(1193, 2),
(1194, 2),
(1195, 2),
(1199, 2),
(1202, 2),
(1205, 2),
(1207, 2),
(1210, 2),
(1217, 2),
(1219, 2),
(1225, 2),
(1227, 2),
(1228, 2),
(1229, 2),
(1235, 2),
(1237, 2),
(1242, 2),
(1245, 2),
(1248, 2),
(1251, 2),
(1254, 2),
(1256, 2),
(1259, 2),
(1265, 2),
(1269, 2),
(1272, 2),
(1273, 2),
(1274, 2),
(1276, 2),
(1277, 2),
(1285, 2),
(1287, 2),
(1288, 2),
(1289, 2),
(1291, 2),
(1293, 2),
(1296, 2),
(1303, 2),
(1305, 2),
(1306, 2),
(1308, 2),
(1309, 2),
(1310, 2),
(1313, 2),
(1316, 2),
(1323, 2),
(1330, 2),
(1334, 2),
(1336, 2),
(1339, 2),
(1340, 2),
(1341, 2),
(1345, 2),
(1346, 2),
(1347, 2),
(1350, 2),
(1351, 2),
(1353, 2),
(1355, 2),
(1358, 2),
(1359, 2),
(1360, 2),
(1361, 2),
(1362, 2),
(1363, 2),
(1364, 2),
(1366, 2),
(1368, 2),
(1370, 2),
(1371, 2),
(1373, 2),
(1374, 2),
(1376, 2),
(1377, 2),
(1380, 2),
(1383, 2),
(1388, 2),
(1392, 2),
(1395, 2),
(1397, 2),
(1413, 2),
(1417, 2),
(1425, 2),
(1427, 2),
(1429, 2),
(1432, 2),
(1433, 2),
(1435, 2),
(1438, 2),
(1439, 2),
(1445, 2),
(1451, 2),
(1452, 2),
(1453, 2),
(1454, 2),
(1456, 2),
(1466, 2),
(1467, 2),
(1469, 2),
(1474, 2),
(1479, 2),
(1483, 2),
(1485, 2),
(1489, 2),
(1491, 2),
(1493, 2),
(1499, 2),
(1506, 2),
(1508, 2),
(1526, 2),
(1536, 2),
(1546, 2),
(1552, 2),
(1564, 2),
(1568, 2),
(1570, 2),
(1572, 2),
(1574, 2),
(1577, 2),
(1588, 2),
(1592, 2),
(1594, 2),
(1598, 2),
(1599, 2),
(1600, 2),
(1607, 2),
(1611, 2),
(1625, 2),
(1628, 2),
(1630, 2),
(1631, 2),
(1633, 2),
(1634, 2),
(1640, 2),
(1647, 2),
(1648, 2),
(1649, 2),
(1650, 2),
(1652, 2),
(1653, 2),
(1656, 2),
(1657, 2),
(1665, 2),
(1668, 2),
(1669, 2),
(1673, 2),
(1679, 2),
(1697, 2),
(1698, 2),
(1704, 2),
(1706, 2),
(1714, 2),
(1721, 2),
(1, 3),
(2, 3),
(3, 3),
(4, 3),
(7, 3),
(18, 3),
(20, 3),
(21, 3),
(23, 3),
(25, 3),
(27, 3),
(28, 3),
(29, 3),
(31, 3),
(32, 3),
(33, 3),
(34, 3),
(60, 3),
(61, 3),
(77, 3),
(81, 3),
(91, 3),
(97, 3),
(111, 3),
(113, 3),
(118, 3),
(124, 3),
(125, 3),
(134, 3),
(136, 3),
(138, 3),
(145, 3),
(146, 3),
(151, 3),
(155, 3),
(157, 3),
(159, 3),
(164, 3),
(165, 3),
(171, 3),
(174, 3),
(175, 3),
(177, 3),
(179, 3),
(181, 3),
(184, 3),
(186, 3),
(187, 3),
(193, 3),
(195, 3),
(196, 3),
(197, 3),
(199, 3),
(201, 3),
(202, 3),
(339, 3),
(342, 3),
(343, 3),
(345, 3),
(346, 3),
(352, 3),
(359, 3),
(369, 3),
(371, 3),
(372, 3),
(377, 3),
(379, 3),
(382, 3),
(385, 3),
(397, 3),
(400, 3),
(402, 3),
(404, 3),
(405, 3),
(406, 3),
(407, 3),
(408, 3),
(409, 3),
(411, 3),
(414, 3),
(416, 3),
(417, 3),
(418, 3),
(419, 3),
(420, 3),
(421, 3),
(422, 3),
(423, 3),
(424, 3),
(426, 3),
(427, 3),
(429, 3),
(436, 3),
(443, 3),
(446, 3),
(447, 3),
(449, 3),
(452, 3),
(453, 3),
(456, 3),
(459, 3),
(462, 3),
(464, 3),
(466, 3),
(469, 3),
(472, 3),
(479, 3),
(482, 3),
(485, 3),
(492, 3),
(493, 3),
(495, 3),
(496, 3),
(497, 3),
(500, 3),
(501, 3),
(502, 3),
(505, 3),
(507, 3),
(510, 3),
(511, 3),
(517, 3),
(519, 3),
(522, 3),
(524, 3),
(528, 3),
(536, 3),
(538, 3),
(540, 3),
(555, 3),
(557, 3),
(561, 3),
(562, 3),
(563, 3),
(564, 3),
(567, 3),
(574, 3),
(578, 3),
(580, 3),
(592, 3),
(594, 3),
(595, 3),
(597, 3),
(599, 3),
(600, 3),
(602, 3),
(603, 3),
(606, 3),
(612, 3),
(615, 3),
(618, 3),
(620, 3),
(627, 3),
(630, 3),
(634, 3),
(640, 3),
(643, 3),
(645, 3),
(652, 3),
(655, 3),
(657, 3),
(658, 3),
(659, 3),
(668, 3),
(669, 3),
(678, 3),
(683, 3),
(689, 3),
(695, 3),
(699, 3),
(700, 3),
(702, 3),
(703, 3),
(709, 3),
(710, 3),
(711, 3),
(715, 3),
(720, 3),
(725, 3),
(726, 3),
(732, 3),
(734, 3),
(737, 3),
(743, 3),
(744, 3),
(748, 3),
(753, 3),
(754, 3),
(756, 3),
(757, 3),
(761, 3),
(763, 3),
(764, 3),
(766, 3),
(767, 3),
(770, 3),
(775, 3),
(779, 3),
(783, 3),
(785, 3),
(786, 3),
(787, 3),
(788, 3),
(791, 3),
(792, 3),
(810, 3),
(815, 3),
(816, 3),
(819, 3),
(820, 3),
(821, 3),
(822, 3),
(823, 3),
(824, 3),
(825, 3),
(826, 3),
(827, 3),
(841, 3),
(842, 3),
(844, 3),
(845, 3),
(846, 3),
(847, 3),
(848, 3),
(849, 3),
(850, 3),
(851, 3),
(852, 3),
(853, 3),
(854, 3),
(855, 3),
(857, 3),
(858, 3),
(859, 3),
(873, 3),
(874, 3),
(876, 3),
(878, 3),
(879, 3),
(880, 3),
(881, 3),
(882, 3),
(883, 3),
(884, 3),
(885, 3),
(886, 3),
(888, 3),
(889, 3),
(890, 3),
(891, 3),
(932, 3),
(933, 3),
(935, 3),
(936, 3),
(938, 3),
(941, 3),
(959, 3),
(960, 3),
(961, 3),
(962, 3),
(964, 3),
(965, 3),
(966, 3),
(967, 3),
(968, 3),
(969, 3),
(972, 3),
(974, 3),
(975, 3),
(977, 3),
(978, 3),
(979, 3),
(995, 3),
(1003, 3),
(1004, 3),
(1005, 3),
(1006, 3),
(1015, 3),
(1016, 3),
(1017, 3),
(1019, 3),
(1021, 3),
(1022, 3),
(1029, 3),
(1030, 3),
(1043, 3),
(1054, 3),
(1066, 3),
(1067, 3),
(1068, 3),
(1072, 3),
(1073, 3),
(1075, 3),
(1079, 3),
(1082, 3),
(1083, 3),
(1107, 3),
(1108, 3),
(1119, 3),
(1120, 3),
(1121, 3),
(1122, 3),
(1123, 3),
(1124, 3),
(1125, 3),
(1126, 3),
(1129, 3),
(1131, 3),
(1133, 3),
(1135, 3),
(1137, 3),
(1138, 3),
(1139, 3),
(1144, 3),
(1146, 3),
(1147, 3),
(1151, 3),
(1152, 3),
(1153, 3),
(1155, 3),
(1157, 3),
(1160, 3),
(1166, 3),
(1167, 3),
(1168, 3),
(1172, 3),
(1176, 3),
(1178, 3),
(1184, 3),
(1187, 3),
(1189, 3),
(1191, 3),
(1193, 3),
(1194, 3),
(1207, 3),
(1211, 3),
(1219, 3),
(1222, 3),
(1225, 3),
(1228, 3),
(1233, 3),
(1235, 3),
(1237, 3),
(1245, 3),
(1248, 3),
(1254, 3),
(1256, 3),
(1259, 3),
(1266, 3),
(1267, 3),
(1270, 3),
(1272, 3),
(1273, 3),
(1274, 3),
(1276, 3),
(1277, 3),
(1284, 3),
(1287, 3),
(1289, 3),
(1291, 3),
(1293, 3),
(1295, 3),
(1296, 3),
(1302, 3),
(1303, 3),
(1304, 3),
(1305, 3),
(1308, 3),
(1309, 3),
(1310, 3),
(1313, 3),
(1316, 3),
(1323, 3),
(1324, 3),
(1325, 3),
(1328, 3),
(1333, 3),
(1334, 3),
(1341, 3),
(1343, 3),
(1344, 3),
(1345, 3),
(1347, 3),
(1349, 3),
(1352, 3),
(1353, 3),
(1355, 3),
(1358, 3),
(1360, 3),
(1362, 3),
(1364, 3),
(1366, 3),
(1367, 3),
(1368, 3),
(1369, 3),
(1370, 3),
(1371, 3),
(1373, 3),
(1374, 3),
(1375, 3),
(1376, 3),
(1377, 3),
(1378, 3),
(1379, 3),
(1380, 3),
(1385, 3),
(1389, 3),
(1392, 3),
(1394, 3),
(1397, 3),
(1398, 3),
(1406, 3),
(1408, 3),
(1417, 3),
(1419, 3),
(1427, 3),
(1432, 3),
(1433, 3),
(1435, 3),
(1438, 3),
(1439, 3),
(1442, 3),
(1445, 3),
(1447, 3),
(1451, 3),
(1456, 3),
(1459, 3),
(1466, 3),
(1469, 3),
(1479, 3),
(1483, 3),
(1487, 3),
(1491, 3),
(1493, 3),
(1495, 3),
(1498, 3),
(1499, 3),
(1506, 3),
(1507, 3),
(1508, 3),
(1510, 3),
(1512, 3),
(1514, 3),
(1520, 3),
(1526, 3),
(1528, 3),
(1530, 3),
(1533, 3),
(1539, 3),
(1540, 3),
(1548, 3),
(1551, 3),
(1552, 3),
(1554, 3),
(1566, 3),
(1570, 3),
(1572, 3),
(1578, 3),
(1584, 3),
(1586, 3),
(1588, 3),
(1590, 3),
(1592, 3),
(1599, 3),
(1600, 3),
(1604, 3),
(1605, 3),
(1607, 3),
(1610, 3),
(1612, 3),
(1614, 3),
(1624, 3),
(1626, 3),
(1628, 3),
(1629, 3),
(1630, 3),
(1631, 3),
(1632, 3),
(1633, 3),
(1643, 3),
(1644, 3),
(1645, 3),
(1647, 3),
(1651, 3),
(1652, 3),
(1653, 3),
(1655, 3),
(1657, 3),
(1660, 3),
(1661, 3),
(1665, 3),
(1666, 3),
(1667, 3),
(1686, 3),
(1698, 3),
(1704, 3),
(1714, 3);

-- --------------------------------------------------------

--
-- Structure de la table `carte_extension`
--

CREATE TABLE IF NOT EXISTS `carte_extension` (
  `ExtensionID` int(11) NOT NULL AUTO_INCREMENT,
  `ExtensionNom` varchar(100) CHARACTER SET utf8 NOT NULL,
  `Cycle` int(11) NOT NULL,
  PRIMARY KEY (`ExtensionID`),
  KEY `fk_cycle` (`Cycle`)
) ENGINE=InnoDB  DEFAULT CHARSET=utf8 COLLATE=utf8_unicode_ci AUTO_INCREMENT=68 ;

--
-- Contenu de la table `carte_extension`
--

INSERT INTO `carte_extension` (`ExtensionID`, `ExtensionNom`, `Cycle`) VALUES
(1, 'Core Set', 1),
(2, 'Kings of the Sea', 1),
(3, 'Princes of the Sun', 1),
(4, 'Lords of Winter', 1),
(5, 'Kings of the Storm', 1),
(6, 'Queen of the Dragons', 1),
(7, 'Lions of the Rock', 1),
(8, 'War of the Five Kings', 2),
(9, 'Ancient Enemies', 2),
(10, 'Sacred Bonds', 2),
(11, 'Epic Battles', 2),
(12, 'Battle of Ruby Ford', 2),
(13, 'Calling the Banners', 2),
(14, 'A Song of Summer', 3),
(15, 'The Winds of Winter', 3),
(16, 'A Change of Seasons', 3),
(17, 'The Raven''s Song', 3),
(18, 'Refugees of War', 3),
(19, 'Scattered Armies', 3),
(20, 'City of Secrets', 4),
(21, 'Time of Trials', 4),
(22, 'Tales From the Red Keep', 4),
(23, 'Secrets and Spies', 4),
(24, 'The Battle of Blackwater Bay', 4),
(25, 'The Tower of the Hand', 4),
(26, 'Wolves of the North', 5),
(27, 'Beyond the Wall', 5),
(28, 'A Sword in the Darkness', 5),
(29, 'The Wildling Horde', 5),
(30, 'A King in the North', 5),
(31, 'Return of the Others', 5),
(32, 'Illyrio''s Gift', 6),
(33, 'Rituals of R''hllor', 6),
(34, 'Mountains of the Moon', 6),
(35, 'A Song of Silence', 6),
(36, 'Of Snakes and Sand', 6),
(37, 'Dreadfort Betrayal', 6),
(38, 'Gates of the Citadel', 7),
(39, 'Forging the Chain', 7),
(40, 'Called by the Conclave', 7),
(41, 'The Isle of Ravens', 7),
(42, 'Mask of the Archmaester', 7),
(43, 'Here to Serve', 7),
(44, 'Tourney for the Hand', 8),
(45, 'The Grand Melee', 8),
(46, 'On Dangerous Grounds', 8),
(47, 'Where Loyalty Lies', 8),
(48, 'Trial by Combat', 8),
(49, 'A Poisoned Spear', 8),
(50, 'Valar Morghulis', 9),
(51, 'Valar Dohaeris', 9),
(52, 'Chasing Dragons', 9),
(53, 'A Harsh Mistress', 9),
(54, 'The House of Black and White', 9),
(55, 'A Roll of the Dice', 9),
(56, 'Reach of the Kraken', 10),
(57, 'The Great Fleet', 10),
(58, 'The Pirates of Lys', 10),
(59, 'A Turn of the Tide', 10),
(60, 'The Captain''s Command', 10),
(61, 'A Journey''s End', 10),
(62, 'The Banners Gather', 11),
(63, 'Fire and Ice', 11),
(64, 'The Horn That Wakes', 11),
(65, 'Forgotten Fellowship', 11),
(66, 'A Hidden Agenda', 11),
(67, 'The Kingsguard', 11);

-- --------------------------------------------------------

--
-- Structure de la table `carte_icone`
--

CREATE TABLE IF NOT EXISTS `carte_icone` (
  `IconeID` int(11) NOT NULL AUTO_INCREMENT,
  `IconeAdresse` varchar(255) NOT NULL,
  `IconeNom` varchar(255) NOT NULL,
  PRIMARY KEY (`IconeID`)
) ENGINE=InnoDB  DEFAULT CHARSET=utf8 AUTO_INCREMENT=4 ;

--
-- Contenu de la table `carte_icone`
--

INSERT INTO `carte_icone` (`IconeID`, `IconeAdresse`, `IconeNom`) VALUES
(1, '<img src="http://www.agotcards.org/images/icons/ico_intrigue.png" alt="icone_intrigue"/>', 'Intrigue'),
(2, '<img src="http://www.agotcards.org/images/icons/ico_military.png" alt="icone_militaire"/>', 'Militaire'),
(3, '<img src="http://www.agotcards.org/images/icons/ico_power.png" alt="icone_pouvoir"/>', 'Pouvoir');

-- --------------------------------------------------------

--
-- Structure de la table `carte_qualifier`
--

CREATE TABLE IF NOT EXISTS `carte_qualifier` (
  `CarteID` int(11) NOT NULL,
  `VertuID` int(11) NOT NULL,
  PRIMARY KEY (`CarteID`,`VertuID`),
  KEY `fk_qualifier_vertu` (`VertuID`)
) ENGINE=InnoDB DEFAULT CHARSET=utf8 COLLATE=utf8_unicode_ci;

--
-- Contenu de la table `carte_qualifier`
--

INSERT INTO `carte_qualifier` (`CarteID`, `VertuID`) VALUES
(143, 1),
(146, 1),
(195, 1),
(203, 1),
(352, 1),
(513, 1),
(710, 1),
(734, 1),
(785, 1),
(935, 1),
(936, 1),
(1161, 1),
(1325, 1),
(1378, 1),
(1398, 1),
(1498, 1),
(1499, 1),
(1505, 1),
(1507, 1),
(1536, 1),
(1539, 1),
(1540, 1),
(1548, 1),
(1554, 1),
(1578, 1),
(1586, 1),
(1598, 1),
(1604, 1),
(1610, 1),
(1613, 1),
(1624, 1),
(1644, 1),
(1655, 1),
(1666, 1),
(1, 2),
(2, 2),
(32, 2),
(81, 2),
(118, 2),
(157, 2),
(193, 2),
(194, 2),
(197, 2),
(200, 2),
(294, 2),
(296, 2),
(297, 2),
(298, 2),
(382, 2),
(437, 2),
(443, 2),
(462, 2),
(464, 2),
(466, 2),
(492, 2),
(493, 2),
(495, 2),
(507, 2),
(508, 2),
(519, 2),
(545, 2),
(562, 2),
(564, 2),
(580, 2),
(592, 2),
(597, 2),
(600, 2),
(630, 2),
(652, 2),
(655, 2),
(658, 2),
(743, 2),
(783, 2),
(786, 2),
(787, 2),
(822, 2),
(823, 2),
(825, 2),
(826, 2),
(851, 2),
(852, 2),
(881, 2),
(882, 2),
(960, 2),
(962, 2),
(964, 2),
(1015, 2),
(1016, 2),
(1017, 2),
(1120, 2),
(1121, 2),
(1122, 2),
(1124, 2),
(1131, 2),
(1274, 2),
(1293, 2),
(1328, 2),
(1369, 2),
(1385, 2),
(1493, 2),
(1495, 2),
(1514, 2),
(1552, 2),
(1614, 2),
(1629, 2),
(1657, 2),
(79, 3),
(85, 3),
(97, 3),
(136, 3),
(177, 3),
(179, 3),
(224, 3),
(237, 3),
(238, 3),
(302, 3),
(345, 3),
(346, 3),
(506, 3),
(543, 3),
(546, 3),
(565, 3),
(683, 3),
(699, 3),
(754, 3),
(850, 3),
(854, 3),
(969, 3),
(974, 3),
(975, 3),
(977, 3),
(1006, 3),
(1151, 3),
(1160, 3),
(1215, 3),
(1254, 3),
(1289, 3),
(1352, 3),
(1375, 3),
(1406, 3),
(1512, 3),
(1607, 3),
(1612, 3),
(1631, 3),
(1632, 3),
(1645, 3),
(1649, 3),
(1650, 3),
(17, 4),
(20, 4),
(31, 4),
(99, 4),
(106, 4),
(145, 4),
(159, 4),
(162, 4),
(198, 4),
(227, 4),
(237, 4),
(251, 4),
(253, 4),
(256, 4),
(259, 4),
(260, 4),
(261, 4),
(263, 4),
(276, 4),
(277, 4),
(305, 4),
(307, 4),
(310, 4),
(351, 4),
(420, 4),
(421, 4),
(452, 4),
(496, 4),
(500, 4),
(510, 4),
(511, 4),
(540, 4),
(563, 4),
(628, 4),
(653, 4),
(678, 4),
(702, 4),
(712, 4),
(725, 4),
(743, 4),
(744, 4),
(756, 4),
(814, 4),
(816, 4),
(827, 4),
(849, 4),
(965, 4),
(968, 4),
(978, 4),
(979, 4),
(1004, 4),
(1019, 4),
(1030, 4),
(1078, 4),
(1082, 4),
(1133, 4),
(1137, 4),
(1138, 4),
(1147, 4),
(1167, 4),
(1187, 4),
(1193, 4),
(1194, 4),
(1227, 4),
(1228, 4),
(1237, 4),
(1273, 4),
(1276, 4),
(1309, 4),
(1310, 4),
(1366, 4),
(1367, 4),
(1368, 4),
(1370, 4),
(1374, 4),
(1376, 4),
(1377, 4),
(1380, 4),
(1425, 4),
(1427, 4),
(1429, 4),
(1432, 4),
(1435, 4),
(1439, 4),
(1483, 4),
(1491, 4),
(1508, 4),
(1568, 4),
(1588, 4),
(1630, 4),
(1665, 4),
(1668, 4),
(1673, 4),
(1706, 4),
(1721, 4),
(23, 5),
(27, 5),
(28, 5),
(29, 5),
(30, 5),
(52, 5),
(105, 5),
(322, 5),
(323, 5),
(438, 5),
(456, 5),
(479, 5),
(483, 5),
(548, 5),
(555, 5),
(557, 5),
(567, 5),
(568, 5),
(574, 5),
(579, 5),
(583, 5),
(589, 5),
(590, 5),
(591, 5),
(596, 5),
(599, 5),
(601, 5),
(603, 5),
(609, 5),
(610, 5),
(612, 5),
(616, 5),
(619, 5),
(622, 5),
(623, 5),
(627, 5),
(629, 5),
(632, 5),
(636, 5),
(643, 5),
(645, 5),
(649, 5),
(650, 5),
(660, 5),
(664, 5),
(1002, 5),
(1003, 5),
(1065, 5),
(1079, 5),
(1191, 5),
(1271, 5),
(1291, 5),
(1343, 5),
(1346, 5),
(1348, 5),
(1349, 5),
(1351, 5),
(1354, 5),
(1355, 5),
(1359, 5),
(1360, 5),
(1361, 5),
(1362, 5),
(1363, 5),
(1364, 5),
(1367, 5),
(1383, 5),
(1458, 5),
(1519, 5),
(1546, 5),
(1622, 5),
(1633, 5);

-- --------------------------------------------------------

--
-- Structure de la table `carte_trait`
--

CREATE TABLE IF NOT EXISTS `carte_trait` (
  `TraitID` int(11) NOT NULL AUTO_INCREMENT,
  `TraitAdresse` varchar(255) NOT NULL,
  PRIMARY KEY (`TraitID`)
) ENGINE=InnoDB  DEFAULT CHARSET=utf8 AUTO_INCREMENT=126 ;

--
-- Contenu de la table `carte_trait`
--

INSERT INTO `carte_trait` (`TraitID`, `TraitAdresse`) VALUES
(4, 'Knight'),
(5, 'Dragon'),
(6, 'Queen'),
(7, 'Lady'),
(8, 'Lord'),
(9, 'King'),
(10, 'Ally'),
(11, 'Mercenary'),
(12, 'Army'),
(13, 'Clansman'),
(14, 'Kingsguard'),
(15, 'Creature'),
(16, 'Lannisport'),
(17, 'Winterfell'),
(18, 'Westeros'),
(19, 'Treaty'),
(20, 'Item'),
(21, 'Weapon'),
(22, 'Free Cities'),
(23, 'Unsullied'),
(24, 'Dothraki'),
(25, 'Qartheen'),
(26, 'The East'),
(27, 'Condition'),
(28, 'Crown'),
(29, 'Intrigue Gambit'),
(30, 'Power Struggle'),
(31, 'Military Battle'),
(32, 'Maester'),
(33, 'King''s Landing'),
(34, 'Night''s Watch'),
(35, 'Skill'),
(36, 'Direwolf'),
(37, 'Ironborn'),
(38, 'Boon'),
(39, 'Septon'),
(40, 'Wildling'),
(41, 'The North'),
(42, 'Vehicle'),
(43, 'Armor'),
(44, 'Asshai'),
(45, 'Iron Islands'),
(46, 'House Dayne'),
(47, 'Dorne'),
(48, 'House Tyrell'),
(49, 'Warship'),
(50, 'Skinchanger'),
(51, 'Traitor'),
(52, 'House Clegane'),
(53, 'Stronghold'),
(54, 'Siege'),
(55, 'House Umber'),
(56, 'House Florent'),
(57, 'Ward'),
(58, 'House Frey'),
(59, 'House Tully'),
(60, 'House Reed'),
(61, 'House Glover'),
(62, 'House Mormont'),
(63, 'Bannerman'),
(64, 'Raven'),
(65, 'Bastard'),
(66, 'Sand Snake'),
(67, 'Conscriptor'),
(68, 'Dragonstone'),
(69, 'Kingdom'),
(70, 'Refugee'),
(71, 'House Bolton'),
(72, 'House Harlaw'),
(73, 'Reinforcements'),
(74, 'Stormlands'),
(75, 'Raider'),
(76, 'Queensguard'),
(77, 'Title'),
(78, 'Brotherhood'),
(79, 'Westerlands'),
(80, 'Riverlands'),
(81, 'House Karstark'),
(82, 'Smuggler'),
(83, 'Warhorse'),
(84, 'Decree'),
(85, 'Merchant'),
(86, 'Small Council'),
(87, 'City'),
(88, 'The South'),
(89, 'Fool'),
(90, 'Poison'),
(91, 'Epic Battle'),
(92, 'House Arryn'),
(93, 'Captain'),
(94, 'Herald'),
(95, 'House Brax'),
(96, 'House Celtigar'),
(97, 'Storyteller'),
(98, 'Battlefield'),
(99, 'House Botley'),
(100, 'Others'),
(101, 'House Tarly'),
(102, 'Rainbow Guard'),
(103, 'Storm''s End'),
(104, 'Tactic'),
(105, 'Seasons'),
(106, 'Favor'),
(107, 'River'),
(108, 'Citadel'),
(109, 'House Redwyne'),
(110, 'House Manderly'),
(111, 'Tyroshi'),
(112, 'The Reach'),
(113, 'House Uller'),
(114, 'Master of Ships'),
(115, 'Prayer'),
(116, 'House Hightower'),
(117, 'Oldtown'),
(118, 'Chain'),
(119, 'House Goodbrother'),
(120, 'Conclave'),
(121, 'House Blacktyde'),
(122, 'House Payne'),
(123, 'Fugitive'),
(124, 'Fortification'),
(125, 'Oarsman');

-- --------------------------------------------------------

--
-- Structure de la table `carte_type`
--

CREATE TABLE IF NOT EXISTS `carte_type` (
  `TypeID` int(11) NOT NULL AUTO_INCREMENT,
  `TypeNom` varchar(100) CHARACTER SET utf8 NOT NULL,
  PRIMARY KEY (`TypeID`)
) ENGINE=InnoDB  DEFAULT CHARSET=utf8 COLLATE=utf8_unicode_ci AUTO_INCREMENT=7 ;

--
-- Contenu de la table `carte_type`
--

INSERT INTO `carte_type` (`TypeID`, `TypeNom`) VALUES
(1, 'Personnage'),
(2, 'Lieu'),
(3, 'Agenda'),
(4, 'Attachement'),
(5, 'Evènement'),
(6, 'Complot');

-- --------------------------------------------------------

--
-- Structure de la table `carte_vertu`
--

CREATE TABLE IF NOT EXISTS `carte_vertu` (
  `VertuID` int(11) NOT NULL AUTO_INCREMENT,
  `Titre` varchar(255) NOT NULL,
  `VertuNom` varchar(255) NOT NULL,
  PRIMARY KEY (`VertuID`)
) ENGINE=InnoDB  DEFAULT CHARSET=utf8 AUTO_INCREMENT=6 ;

--
-- Contenu de la table `carte_vertu`
--

INSERT INTO `carte_vertu` (`VertuID`, `Titre`, `VertuNom`) VALUES
(1, '<img src="http://www.agotcards.org/images/icons/ico_learned.png" alt="vertu_lettre"/>', 'Lettré'),
(2, '<img src="http://www.agotcards.org/images/icons/ico_noble.png" alt="vertu_noble"/>', 'Noble'),
(3, '<img src="http://www.agotcards.org/images/icons/ico_holy.png" alt="vertu_beni"/>', 'Mystique'),
(4, '<img src="http://www.agotcards.org/images/icons/ico_war.png" alt="vertu_guerrier"/>', 'Guerrier'),
(5, '<img src="http://www.agotcards.org/images/icons/ico_shadow.png" alt="vertu_ombre"/>', 'Ombre');

-- --------------------------------------------------------

--
-- Structure de la table `log_log`
--

CREATE TABLE IF NOT EXISTS `log_log` (
  `LogID` int(11) NOT NULL AUTO_INCREMENT,
  `Membre` int(11) NOT NULL,
  `Creation` datetime NOT NULL,
  `Action` varchar(255) NOT NULL,
  `Rubrique` int(11) NOT NULL,
  PRIMARY KEY (`LogID`),
  KEY `fk_log_rubrique` (`Rubrique`),
  KEY `fk_log_membre` (`Membre`)
) ENGINE=InnoDB  DEFAULT CHARSET=utf8 AUTO_INCREMENT=426 ;

--
-- Contenu de la table `log_log`
--

INSERT INTO `log_log` (`LogID`, `Membre`, `Creation`, `Action`, `Rubrique`) VALUES
(2, 2, '2014-06-29 14:56:24', '<i class=''fa fa-plus-square''></i> Ajout de l''extension That''s not True', 5),
(3, 2, '2014-06-29 15:25:58', '<i class=''fa fa-plus-square''></i> Ajout du cycle Test pour'' de Vrai', 6),
(4, 2, '2014-06-29 17:24:52', '<i class=''fa fa-plus-square''></i> Ajout du cycle King s Road', 6),
(5, 2, '2014-06-29 17:32:00', '<i class=''fa fa-pencil-square''></i> Mise à jour du cycle King s Road', 6),
(6, 2, '2014-06-29 17:33:05', '<i class=''fa fa-pencil-square''></i> Mise à jour du cycle King''s Road', 6),
(7, 2, '2014-06-29 17:55:19', '<i class=''fa fa-pencil-square''></i> Mise à jour de l''extension A Hidden Agenda', 5),
(8, 2, '2014-06-29 17:57:30', '<i class=''fa fa-pencil-square''></i> Mise à jour de l''extension A Hidden Agenda', 5),
(9, 1, '2014-07-01 11:10:40', '<i class="fa fa-plus-square"></i> Ajout de l''article FAQ 5.01  post CF', 2),
(10, 1, '2014-07-01 11:17:01', '<i class="fa fa-minus-square"></i> Suppression de l''article FAQ 5.01  post CF', 2),
(11, 1, '2014-05-07 11:17:43', '<i class="fa fa-plus-square"></i> Ajout de l''article erezar', 2),
(12, 1, '2014-07-01 11:18:36', '<i class="fa fa-plus-square"></i> Ajout de l''article qfqze', 2),
(13, 1, '2014-07-01 11:19:17', '<i class="fa fa-minus-square"></i> Suppression de l''article qfqze', 2),
(14, 1, '2014-07-01 16:10:07', '<i class="fa fa-minus-square"></i> Suppression de l''article =tototqrgqrgf', 2),
(15, 1, '2014-07-01 16:10:25', '<i class="fa fa-minus-square"></i> Suppression de l''article =tototqrgqrgf', 2),
(16, 1, '2014-07-01 16:10:46', '<i class="fa fa-minus-square"></i> Suppression de l''article =tototqrgqrgf', 2),
(17, 1, '2014-07-01 16:10:50', '<i class="fa fa-minus-square"></i> Suppression de l''article toto', 2),
(18, 1, '2014-07-01 16:10:50', '<i class="fa fa-minus-square"></i> Suppression de l''article toto', 2),
(19, 1, '2014-07-01 16:10:51', '<i class="fa fa-minus-square"></i> Suppression de l''article ''toto''', 2),
(20, 1, '2014-07-01 16:10:53', '<i class="fa fa-minus-square"></i> Suppression de l''article ''toto''', 2),
(21, 1, '2014-07-01 16:31:25', '<i class="fa fa-plus-square"></i> Ajout de la catégorie News', 1),
(22, 2, '2014-07-02 08:33:54', '<i class="fa fa-plus-square"></i> Ajout de la carte Mustering Yard', 4),
(23, 2, '2014-07-02 08:34:50', '<i class="fa fa-plus-square"></i> Ajout de la carte Hunting Spear', 4),
(24, 2, '2014-07-02 08:35:52', '<i class="fa fa-plus-square"></i> Ajout de la carte Martial Law', 4),
(25, 2, '2014-07-02 08:37:08', '<i class="fa fa-plus-square"></i> Ajout de la carte Rhaegar Targaryen', 4),
(26, 2, '2014-07-02 08:38:20', '<i class="fa fa-plus-square"></i> Ajout de la carte Disgruntled Mercenary', 4),
(27, 2, '2014-07-02 08:39:54', '<i class="fa fa-plus-square"></i> Ajout de la carte Scorched Earth', 4),
(28, 2, '2014-07-02 08:41:07', '<i class="fa fa-plus-square"></i> Ajout de la carte Rhaegar''''s Harp', 4),
(29, 2, '2014-07-02 08:42:16', '<i class="fa fa-plus-square"></i> Ajout de la carte Overzealous Scout', 4),
(30, 2, '2014-07-02 08:43:16', '<i class="fa fa-plus-square"></i> Ajout de la carte Herald of the King', 4),
(31, 2, '2014-07-02 08:45:10', '<i class="fa fa-plus-square"></i> Ajout de la carte Battle of Ruby Ford', 4),
(32, 2, '2014-07-02 08:46:15', '<i class="fa fa-plus-square"></i> Ajout de la carte Desperate Tactics', 4),
(33, 2, '2014-07-02 08:47:14', '<i class="fa fa-plus-square"></i> Ajout de la carte Lie for Your King !', 4),
(34, 2, '2014-07-02 08:48:05', '<i class="fa fa-plus-square"></i> Ajout de la carte Starve for Your King !', 4),
(35, 2, '2014-07-02 08:49:47', '<i class="fa fa-plus-square"></i> Ajout de la carte Ser Lancel Lannister', 4),
(36, 2, '2014-07-02 08:58:38', '<i class="fa fa-plus-square"></i> Ajout de la carte Practical Believer', 4),
(37, 2, '2014-07-02 08:59:32', '<i class="fa fa-plus-square"></i> Ajout de la carte Compelled by the Rock', 4),
(38, 2, '2014-07-02 09:00:37', '<i class="fa fa-plus-square"></i> Ajout de la carte Jory Cassel', 4),
(39, 2, '2014-07-02 09:02:02', '<i class="fa fa-plus-square"></i> Ajout de la carte Banner for the North', 4),
(40, 2, '2014-07-02 09:03:24', '<i class="fa fa-plus-square"></i> Ajout de la carte Gates of Winterfell', 4),
(41, 2, '2014-07-02 09:06:28', '<i class="fa fa-plus-square"></i> Ajout de la carte Compelled by the North', 4),
(42, 2, '2014-07-02 09:07:53', '<i class="fa fa-plus-square"></i> Ajout de la carte Campfire Lights', 4),
(43, 2, '2014-07-02 09:09:17', '<i class="fa fa-plus-square"></i> Ajout de la carte Banner for the South', 4),
(44, 2, '2014-07-02 09:10:44', '<i class="fa fa-plus-square"></i> Ajout de la carte Compelled by the Sun', 4),
(45, 2, '2014-07-02 09:13:47', '<i class="fa fa-plus-square"></i> Ajout de la carte Zealous Collector', 4),
(46, 2, '2014-07-02 09:15:38', '<i class="fa fa-plus-square"></i> Ajout de la carte Banner for the Storm', 4),
(47, 2, '2014-07-02 09:18:32', '<i class="fa fa-plus-square"></i> Ajout de la carte Compelled by the Crown', 4),
(48, 2, '2014-07-02 09:19:58', '<i class="fa fa-plus-square"></i> Ajout de la carte Banner for the Kraken', 4),
(49, 2, '2014-07-02 09:21:51', '<i class="fa fa-plus-square"></i> Ajout de la carte Fishwhiskers', 4),
(50, 2, '2014-07-02 09:22:50', '<i class="fa fa-plus-square"></i> Ajout de la carte Compelled by the Sea', 4),
(51, 2, '2014-07-02 09:35:33', '<i class="fa fa-plus-square"></i> Ajout de la carte Ascetic Follower', 4),
(52, 2, '2014-07-02 09:36:43', '<i class="fa fa-plus-square"></i> Ajout de la carte Banner for the Dragon', 4),
(53, 2, '2014-07-02 09:37:42', '<i class="fa fa-plus-square"></i> Ajout de la carte Compelled by the Queen', 4),
(54, 2, '2014-07-02 09:38:35', '<i class="fa fa-plus-square"></i> Ajout de la carte For Family and Honor', 4),
(55, 1, '2014-07-02 10:18:21', '<i class="fa fa-plus-square"></i> Ajout de la catégorie ttt', 1),
(56, 1, '2014-07-02 10:18:24', '<i class="fa fa-minus-square"></i> Suppression de l''article ttt', 2),
(57, 1, '2014-07-02 11:03:30', '<i class="fa fa-minus-square"></i> Suppression de la catégorie News', 1),
(58, 1, '2014-07-02 11:09:55', '<i class="fa fa-plus-square"></i> Ajout de la catégorie toto', 1),
(59, 1, '2014-07-02 11:17:25', '<i class="fa fa-plus-square"></i> Ajout de la catégorie toto', 1),
(60, 1, '2014-07-02 11:17:27', '<i class="fa fa-minus-square"></i> Suppression de la catégorie toto', 1),
(61, 1, '2014-07-02 11:17:28', '<i class="fa fa-minus-square"></i> Suppression de la catégorie toto', 1),
(62, 1, '2014-07-02 11:17:38', '<i class="fa fa-plus-square"></i> Ajout de la catégorie Interview', 1),
(63, 1, '2014-07-02 11:17:40', '<i class="fa fa-minus-square"></i> Suppression de la catégorie Interview', 1),
(64, 1, '2014-07-02 11:17:49', '<i class="fa fa-pencil-square"></i> Edition de la catégorie Actualité', 1),
(65, 1, '2014-07-02 14:34:11', '<i class=''fa fa-pencil-square''></i> Mise à jour de l''extension The Kingsguards', 5),
(66, 1, '2014-07-02 14:34:20', '<i class=''fa fa-pencil-square''></i> Mise à jour de l''extension The Kingsguard', 5),
(67, 1, '2014-07-02 15:31:17', '<i class="fa fa-plus-square"></i> Ajout de la catégorie toto', 1),
(68, 1, '2014-07-02 15:50:00', '<i class="fa fa-pencil-square"></i> Edition de la catégorie Actualité', 1),
(69, 1, '2014-07-02 15:52:10', '<i class="fa fa-pencil-square"></i> Edition de la catégorie totoparNews', 1),
(70, 1, '2014-07-02 15:52:18', '<i class="fa fa-pencil-square"></i> Edition de la catégorie totoparTournoi', 1),
(71, 1, '2014-07-02 15:52:25', '<i class="fa fa-pencil-square"></i> Edition de la catégorie totoparSérie', 1),
(72, 1, '2014-07-02 15:52:32', '<i class="fa fa-pencil-square"></i> Edition de la catégorie egezparInterview', 1),
(73, 1, '2014-07-02 15:52:42', '<i class="fa fa-pencil-square"></i> Edition de la catégorie totoparAnalyse', 1),
(74, 1, '2014-07-02 15:52:46', '<i class="fa fa-minus-square"></i> Suppression de la catégorie toto', 1),
(75, 1, '2014-07-02 15:59:54', '<i class="fa fa-pencil-square"></i> Edition de la catégorie Analyse par Analyses', 1),
(76, 1, '2014-07-02 16:06:23', '<i class="fa fa-pencil-square"></i> Edition de la catégorie Série par Série TV', 1),
(77, 1, '2014-07-02 16:08:12', '<i class="fa fa-pencil-square"></i> Edition de la catégorie Actualité par Actualité', 1),
(78, 1, '2014-07-03 09:42:12', '<i class="fa fa-plus-square"></i> Ajout de l''article ergezrgezr', 2),
(79, 1, '2014-07-03 09:43:23', '<i class="fa fa-plus-square"></i> Ajout de l''article ergezrgezr', 2),
(80, 1, '2014-07-03 14:36:21', '<i class="fa fa-minus-square"></i> Suppression de l''article Test date', 2),
(81, 1, '2014-07-03 14:36:30', '<i class="fa fa-minus-square"></i> Suppression de l''article ergezrgezr', 2),
(82, 1, '2014-07-03 14:36:33', '<i class="fa fa-minus-square"></i> Suppression de l''article ergezrgezr', 2),
(83, 1, '2014-07-03 14:41:36', '<i class="fa fa-plus-square"></i> Ajout de l''article Cersei Lannister', 2),
(84, 1, '2014-07-03 14:41:36', '<i class="fa fa-plus-square"></i> Ajout de l''image de l''article Cersei Lannister', 3),
(85, 1, '2014-07-03 15:11:56', '<i class="fa fa-plus-square"></i> Ajout de l''article Cersei Lannister', 2),
(86, 1, '2014-07-03 15:11:56', '<i class="fa fa-plus-square"></i> Ajout de l''image de l''article Cersei Lannister', 3),
(87, 1, '2014-07-03 16:24:31', '<i class="fa fa-minus-square"></i> Suppression de l''article Cersei Lannister', 2),
(88, 1, '2014-07-03 16:25:10', '<i class="fa fa-minus-square"></i> Suppression de l''article Cersei Lannister', 2),
(89, 1, '2014-07-03 16:30:27', '<i class="fa fa-plus-square"></i> Ajout de l''article FAQ 5.01', 2),
(90, 1, '2014-07-03 16:30:27', '<i class="fa fa-plus-square"></i> Ajout de l''image de l''article FAQ 5.01', 3),
(91, 1, '2014-07-03 16:30:49', '<i class="fa fa-plus-square"></i> Ajout de l''article FAQ 5.01', 2),
(92, 1, '2014-07-03 16:30:49', '<i class="fa fa-plus-square"></i> Ajout de l''image de l''article FAQ 5.01', 3),
(93, 1, '2014-07-03 16:30:51', '<i class="fa fa-plus-square"></i> Ajout de l''article FAQ 5.01', 2),
(94, 1, '2014-07-03 16:30:51', '<i class="fa fa-plus-square"></i> Ajout de l''image de l''article FAQ 5.01', 3),
(95, 1, '2014-07-03 16:30:55', '<i class="fa fa-plus-square"></i> Ajout de l''article FAQ 5.01', 2),
(96, 1, '2014-07-03 16:30:55', '<i class="fa fa-plus-square"></i> Ajout de l''image de l''article FAQ 5.01', 3),
(97, 1, '2014-07-03 21:10:51', '<i class="fa fa-minus-square"></i> Suppression de l''article FAQ 5.01', 2),
(98, 1, '2014-07-03 21:10:52', '<i class="fa fa-minus-square"></i> Suppression de l''article FAQ 5.01', 2),
(99, 1, '2014-07-03 21:10:57', '<i class="fa fa-minus-square"></i> Suppression de l''article FAQ 5.01', 2),
(100, 1, '2014-07-03 21:11:02', '<i class="fa fa-minus-square"></i> Suppression de l''article FAQ 5.01', 2),
(101, 1, '2014-07-03 21:11:31', '<i class="fa fa-plus-square"></i> Ajout de l''article Classeement CF 2014', 2),
(102, 1, '2014-07-03 21:11:31', '<i class="fa fa-plus-square"></i> Ajout de l''image de l''article Classeement CF 2014', 3),
(103, 1, '2014-07-03 21:33:05', '<i class="fa fa-plus-square"></i> Ajout de l''article Cersei', 2),
(104, 1, '2014-07-03 21:33:05', '<i class="fa fa-plus-square"></i> Ajout de l''image de l''article Cersei', 3),
(105, 1, '2014-07-03 21:36:55', '<i class="fa fa-minus-square"></i> Suppression de l''article Classeement CF 2014', 2),
(106, 1, '2014-07-03 21:37:00', '<i class="fa fa-minus-square"></i> Suppression de l''article Cersei', 2),
(107, 1, '2014-07-04 08:43:15', '<i class="fa fa-plus-square"></i> Ajout de l''article  [Joute] Les cartes indispensables à acheter en Lannister', 4),
(108, 1, '2014-07-04 08:43:15', '<i class="fa fa-plus-square"></i> Ajout de l''image de l''article  [Joute] Les cartes indispensables à acheter en Lannister', 4),
(109, 1, '2014-07-04 08:43:23', '<i class="fa fa-minus-square"></i> Suppression de l''article Classeement CF 2014', 2),
(110, 2, '2014-07-04 08:44:31', '<i class="fa fa-plus-square"></i> Ajout de la carte House Tully Recruiter', 4),
(111, 2, '2014-07-04 08:46:32', '<i class="fa fa-plus-square"></i> Ajout de la carte Trident Reinforcements', 4),
(112, 2, '2014-07-04 08:47:37', '<i class="fa fa-plus-square"></i> Ajout de la carte Winterfell Reserves', 4),
(113, 2, '2014-07-04 08:48:34', '<i class="fa fa-plus-square"></i> Ajout de la carte Ser Rodrik Cassel', 4),
(114, 2, '2014-07-04 08:49:20', '<i class="fa fa-plus-square"></i> Ajout de la carte Eddard Stark', 4),
(115, 2, '2014-07-04 08:50:22', '<i class="fa fa-plus-square"></i> Ajout de la carte Catelyn Stark', 4),
(116, 2, '2014-07-04 08:51:21', '<i class="fa fa-plus-square"></i> Ajout de la carte Arya Stark', 4),
(117, 2, '2014-07-04 08:52:10', '<i class="fa fa-plus-square"></i> Ajout de la carte Robb Stark', 4),
(118, 2, '2014-07-04 08:53:06', '<i class="fa fa-plus-square"></i> Ajout de la carte Sansa Stark', 4),
(119, 2, '2014-07-04 08:54:08', '<i class="fa fa-plus-square"></i> Ajout de la carte Greatjon Umber', 4),
(120, 2, '2014-07-04 08:55:20', '<i class="fa fa-plus-square"></i> Ajout de la carte Winterfell Kennels', 4),
(121, 2, '2014-07-04 08:56:11', '<i class="fa fa-plus-square"></i> Ajout de la carte Winterfell Castle', 4),
(122, 2, '2014-07-04 08:57:43', '<i class="fa fa-plus-square"></i> Ajout de la carte Northern Fiefdoms', 4),
(123, 2, '2014-07-04 08:59:31', '<i class="fa fa-plus-square"></i> Ajout de la carte Lord Eddard''''s Chambers', 4),
(124, 2, '2014-07-04 09:09:17', '<i class="fa fa-plus-square"></i> Ajout de la carte Great Keep', 4),
(125, 2, '2014-07-04 09:12:11', '<i class="fa fa-plus-square"></i> Ajout de la carte Godswood', 4),
(126, 1, '2014-07-04 09:35:49', '<i class="fa fa-plus-square"></i> Ajout de l''article Cycle 11 / Chapitre 2 – La Bourse du Champion', 6),
(127, 1, '2014-07-04 09:35:49', '<i class="fa fa-plus-square"></i> Ajout de l''image de l''article Cycle 11 / Chapitre 2 – La Bourse du Champion', 6),
(128, 1, '2014-07-04 09:36:25', '<i class="fa fa-minus-square"></i> Suppression de l''article Cycle 11 / Chapitre 2 – La Bourse du Champion', 6),
(129, 1, '2014-07-04 09:39:01', '<i class="fa fa-plus-square"></i> Ajout de l''article Cycle 11 / Chapitre 2 – La Bourse du Champion', 6),
(130, 1, '2014-07-04 09:39:01', '<i class="fa fa-plus-square"></i> Ajout de l''image de l''article Cycle 11 / Chapitre 2 – La Bourse du Champion', 6),
(131, 2, '2014-07-04 13:19:13', '<i class="fa fa-plus-square"></i> Ajout de la carte Lethal Counterattack', 4),
(132, 2, '2014-07-04 13:21:20', '<i class="fa fa-plus-square"></i> Ajout de la carte Bran the Builder''''s Legacy', 4),
(133, 2, '2014-07-04 13:22:21', '<i class="fa fa-plus-square"></i> Ajout de la carte Guilty !', 4),
(134, 2, '2014-07-04 13:23:23', '<i class="fa fa-plus-square"></i> Ajout de la carte Winter is Coming', 4),
(135, 2, '2014-07-04 13:24:15', '<i class="fa fa-plus-square"></i> Ajout de la carte Kings in the North', 4),
(136, 2, '2014-07-04 13:38:01', '<i class="fa fa-plus-square"></i> Ajout de la carte Ice', 4),
(137, 2, '2014-07-04 13:38:57', '<i class="fa fa-plus-square"></i> Ajout de la carte Nymeria', 4),
(138, 2, '2014-07-04 13:40:03', '<i class="fa fa-plus-square"></i> Ajout de la carte Summer', 4),
(139, 2, '2014-07-04 13:41:43', '<i class="fa fa-plus-square"></i> Ajout de la carte Knight of the Rainwood', 4),
(140, 2, '2014-07-04 13:42:50', '<i class="fa fa-plus-square"></i> Ajout de la carte Stannis''''s Northern Cavalry', 4),
(141, 2, '2014-07-04 13:44:17', '<i class="fa fa-plus-square"></i> Ajout de la carte Highgarden Honor Guard', 4),
(142, 2, '2014-07-04 13:45:17', '<i class="fa fa-plus-square"></i> Ajout de la carte Old Red Priest', 4),
(143, 2, '2014-07-04 13:46:20', '<i class="fa fa-plus-square"></i> Ajout de la carte Army of the Faithful', 4),
(144, 2, '2014-07-04 13:47:25', '<i class="fa fa-plus-square"></i> Ajout de la carte Renly''''s Courtier', 4),
(145, 2, '2014-07-04 13:48:05', '<i class="fa fa-plus-square"></i> Ajout de la carte Bastard of Robert', 4),
(146, 2, '2014-07-04 13:49:07', '<i class="fa fa-plus-square"></i> Ajout de la carte House Tyrell Guard', 4),
(147, 2, '2014-07-04 13:49:57', '<i class="fa fa-plus-square"></i> Ajout de la carte Host of Storm''''s End', 4),
(148, 2, '2014-07-07 08:46:58', '<i class="fa fa-plus-square"></i> Ajout de la carte Selyse Baratheon', 4),
(149, 2, '2014-07-07 08:47:50', '<i class="fa fa-plus-square"></i> Ajout de la carte Robert Baratheon', 4),
(150, 2, '2014-07-07 08:48:57', '<i class="fa fa-plus-square"></i> Ajout de la carte Stannis Baratheon', 4),
(151, 2, '2014-07-07 08:49:46', '<i class="fa fa-plus-square"></i> Ajout de la carte Renly Baratheon', 4),
(152, 2, '2014-07-07 08:50:41', '<i class="fa fa-plus-square"></i> Ajout de la carte Melisandre', 4),
(153, 2, '2014-07-07 08:51:40', '<i class="fa fa-plus-square"></i> Ajout de la carte Ser Davos Seaworth', 4),
(154, 2, '2014-07-07 08:52:44', '<i class="fa fa-plus-square"></i> Ajout de la carte Brienne of Tarth', 4),
(155, 2, '2014-07-07 08:53:34', '<i class="fa fa-plus-square"></i> Ajout de la carte Maester Cressen', 4),
(156, 2, '2014-07-07 08:54:30', '<i class="fa fa-plus-square"></i> Ajout de la carte Ser Axell Florent', 4),
(157, 2, '2014-07-07 08:55:49', '<i class="fa fa-plus-square"></i> Ajout de la carte Edric Storm', 4),
(158, 2, '2014-07-07 08:56:43', '<i class="fa fa-plus-square"></i> Ajout de la carte Devan Seaworth', 4),
(159, 2, '2014-07-07 08:57:49', '<i class="fa fa-plus-square"></i> Ajout de la carte Dragonstone Port', 4),
(160, 2, '2014-07-07 09:00:12', '<i class="fa fa-plus-square"></i> Ajout de la carte Stormlands Fiefdoms', 4),
(161, 2, '2014-07-07 09:01:00', '<i class="fa fa-plus-square"></i> Ajout de la carte King Robert''''s Chambers', 4),
(162, 2, '2014-07-07 09:02:13', '<i class="fa fa-plus-square"></i> Ajout de la carte Great Hall', 4),
(163, 2, '2014-07-07 09:02:54', '<i class="fa fa-plus-square"></i> Ajout de la carte Aegon''''s Garden', 4),
(164, 2, '2014-07-07 09:03:59', '<i class="fa fa-plus-square"></i> Ajout de la carte Prosperity and Plenty', 4),
(165, 2, '2014-07-07 09:05:37', '<i class="fa fa-plus-square"></i> Ajout de la carte Lords of the Narrow Sea', 4),
(166, 2, '2014-07-07 09:06:40', '<i class="fa fa-plus-square"></i> Ajout de la carte Shadow''''s Blessing', 4),
(167, 2, '2014-07-07 09:07:33', '<i class="fa fa-plus-square"></i> Ajout de la carte Motley', 4),
(168, 2, '2014-07-07 09:12:07', '<i class="fa fa-plus-square"></i> Ajout de la carte Lightbringer', 4),
(169, 2, '2014-07-07 09:15:00', '<i class="fa fa-plus-square"></i> Ajout de la carte Stinking Drunk', 4),
(170, 2, '2014-07-09 17:26:57', '<i class="fa fa-pencil-square"></i> Mise à jour de la carte Summoning Seasons', 4),
(171, 2, '2014-07-09 17:31:25', '<i class="fa fa-pencil-square"></i> Mise à jour de la carte Summoning Season', 4),
(172, 2, '2014-07-09 17:31:37', '<i class="fa fa-pencil-square"></i> Mise à jour de la carte Summoning Season', 4),
(173, 2, '2014-07-09 17:32:32', '<i class="fa fa-pencil-square"></i> Mise à jour de la carte Mutual Cause', 4),
(178, 2, '2014-07-24 22:24:03', '<i class="fa fa-pencil-square"></i> Mise à jour de la carte Lem Lemoncloak', 4),
(179, 2, '2014-07-24 22:36:26', '<i class="fa fa-pencil-square"></i> Mise à jour de la carte Lady Stoneheart', 4),
(180, 2, '2014-07-28 08:55:22', '<i class="fa fa-plus-square"></i> Ajout de la carte Damon Marbrand', 4),
(181, 2, '2014-07-28 08:56:13', '<i class="fa fa-plus-square"></i> Ajout de la carte Ashemark', 4),
(182, 2, '2014-07-28 08:57:04', '<i class="fa fa-plus-square"></i> Ajout de la carte Trebuchet', 4),
(183, 2, '2014-07-28 08:58:17', '<i class="fa fa-plus-square"></i> Ajout de la carte Mors Umber', 4),
(184, 2, '2014-07-28 08:59:19', '<i class="fa fa-plus-square"></i> Ajout de la carte Northland Keep', 4),
(185, 2, '2014-07-28 09:01:02', '<i class="fa fa-plus-square"></i> Ajout de la carte Breaching the Wall', 4),
(186, 2, '2014-07-28 09:02:52', '<i class="fa fa-plus-square"></i> Ajout de la carte Edric Dayne', 4),
(187, 2, '2014-07-28 09:03:44', '<i class="fa fa-plus-square"></i> Ajout de la carte Southron Stronghold', 4),
(188, 2, '2014-07-28 09:05:02', '<i class="fa fa-plus-square"></i> Ajout de la carte Poisoned Well', 4),
(189, 2, '2014-07-28 09:06:17', '<i class="fa fa-plus-square"></i> Ajout de la carte Alester Florent', 4),
(190, 2, '2014-07-28 09:07:09', '<i class="fa fa-plus-square"></i> Ajout de la carte Brightwater Keep', 4),
(191, 2, '2014-07-28 09:21:17', '<i class="fa fa-plus-square"></i> Ajout de la carte Gorold Goodbrother', 4),
(192, 2, '2014-07-28 09:22:20', '<i class="fa fa-plus-square"></i> Ajout de la carte Hammerhorn', 4),
(193, 2, '2014-07-28 09:23:15', '<i class="fa fa-plus-square"></i> Ajout de la carte Scaling Ladder', 4),
(194, 2, '2014-07-28 09:24:16', '<i class="fa fa-plus-square"></i> Ajout de la carte Ser Raymun Darry', 4),
(195, 2, '2014-07-28 09:25:12', '<i class="fa fa-plus-square"></i> Ajout de la carte Castle Darry', 4),
(196, 2, '2014-07-28 09:26:46', '<i class="fa fa-plus-square"></i> Ajout de la carte Rain of Fire', 4),
(197, 2, '2014-07-28 09:27:46', '<i class="fa fa-plus-square"></i> Ajout de la carte Rally Cry', 4),
(198, 2, '2014-07-28 09:28:39', '<i class="fa fa-plus-square"></i> Ajout de la carte Into the Breach', 4),
(199, 2, '2014-07-28 09:31:23', '<i class="fa fa-plus-square"></i> Ajout de la carte Storm the Gate', 4),
(200, 2, '2014-07-28 10:33:39', '<i class="fa fa-plus-square"></i> Ajout de la carte King''''s Landing Guard', 4),
(201, 2, '2014-07-29 09:01:55', '<i class="fa fa-plus-square"></i> Ajout de la carte Janos Slynt', 4),
(202, 2, '2014-07-29 09:03:32', '<i class="fa fa-plus-square"></i> Ajout de la carte Janos''''s Conspirator', 4),
(203, 2, '2014-07-29 09:04:32', '<i class="fa fa-plus-square"></i> Ajout de la carte Secret Orders', 4),
(204, 2, '2014-07-29 09:06:01', '<i class="fa fa-plus-square"></i> Ajout de la carte Jon Snow', 4),
(205, 2, '2014-07-29 09:07:11', '<i class="fa fa-plus-square"></i> Ajout de la carte Yoren', 4),
(206, 2, '2014-07-29 09:32:33', '<i class="fa fa-plus-square"></i> Ajout de la carte Damphair''''s Drowned', 4),
(207, 2, '2014-07-29 10:25:40', '<i class="fa fa-plus-square"></i> Ajout de la carte Viper''''s Paramour', 4),
(208, 2, '2014-07-29 11:12:38', '<i class="fa fa-plus-square"></i> Ajout de la carte Dayne Spearman', 4),
(210, 2, '2014-07-29 14:20:59', '<i class="fa fa-plus-square"></i> Ajout de la carte Gormond Goodbrother', 4),
(211, 2, '2014-07-29 14:21:49', '<i class="fa fa-plus-square"></i> Ajout de la carte Hammerhorn Raiders', 4),
(212, 2, '2014-07-29 14:22:30', '<i class="fa fa-plus-square"></i> Ajout de la carte Plunder', 4),
(213, 2, '2014-07-30 08:12:43', '<i class="fa fa-plus-square"></i> Ajout de la carte Loyal to the Last', 4),
(214, 2, '2014-07-30 08:13:33', '<i class="fa fa-plus-square"></i> Ajout de la carte Aegon''''s Favor', 4),
(215, 2, '2014-07-30 08:15:02', '<i class="fa fa-plus-square"></i> Ajout de la carte Betrayal at the Wall', 4),
(216, 2, '2014-07-30 08:17:03', '<i class="fa fa-plus-square"></i> Ajout de la carte Befouled River', 4),
(217, 2, '2014-07-30 08:18:16', '<i class="fa fa-plus-square"></i> Ajout de la carte Eastwatch Envoy', 4),
(218, 2, '2014-07-30 08:19:27', '<i class="fa fa-plus-square"></i> Ajout de la carte Ygritte', 4),
(219, 2, '2014-07-30 08:20:36', '<i class="fa fa-plus-square"></i> Ajout de la carte Coldhands', 4),
(220, 2, '2014-07-30 08:21:55', '<i class="fa fa-plus-square"></i> Ajout de la carte Ashemark Knight', 4),
(221, 2, '2014-07-30 08:23:26', '<i class="fa fa-plus-square"></i> Ajout de la carte Ser Gregor''''s Dog', 4),
(222, 2, '2014-07-30 08:24:35', '<i class="fa fa-plus-square"></i> Ajout de la carte Harry the Riverlands', 4),
(223, 2, '2014-07-30 08:25:41', '<i class="fa fa-plus-square"></i> Ajout de la carte Harwin', 4),
(224, 2, '2014-07-30 08:26:34', '<i class="fa fa-plus-square"></i> Ajout de la carte Robb Stark', 4),
(225, 2, '2014-07-30 08:27:59', '<i class="fa fa-plus-square"></i> Ajout de la carte Obara Sand', 4),
(226, 2, '2014-07-30 08:28:51', '<i class="fa fa-plus-square"></i> Ajout de la carte Prepare for War', 4),
(227, 2, '2014-07-30 08:30:15', '<i class="fa fa-plus-square"></i> Ajout de la carte Doran''''s Favor', 4),
(228, 2, '2014-07-30 08:31:25', '<i class="fa fa-plus-square"></i> Ajout de la carte Brightwater Man-at-Arms', 4),
(229, 2, '2014-07-30 08:32:20', '<i class="fa fa-plus-square"></i> Ajout de la carte Forced March', 4),
(230, 2, '2014-07-30 08:33:24', '<i class="fa fa-plus-square"></i> Ajout de la carte A Noble Cause', 4),
(231, 2, '2014-07-30 08:34:45', '<i class="fa fa-plus-square"></i> Ajout de la carte Asha Greyjoy', 4),
(232, 2, '2014-07-30 08:36:04', '<i class="fa fa-plus-square"></i> Ajout de la carte Pyke', 4),
(233, 2, '2014-07-30 08:36:58', '<i class="fa fa-plus-square"></i> Ajout de la carte Storming the Shore', 4),
(234, 2, '2014-07-30 08:37:58', '<i class="fa fa-plus-square"></i> Ajout de la carte The Old Way', 4),
(235, 2, '2014-07-30 08:39:11', '<i class="fa fa-plus-square"></i> Ajout de la carte Griffin''''s Roost', 4),
(236, 2, '2014-07-30 08:40:31', '<i class="fa fa-plus-square"></i> Ajout de la carte Daenerys''''s Favor', 4),
(237, 2, '2014-07-30 08:41:43', '<i class="fa fa-plus-square"></i> Ajout de la carte Redwyne Straits', 4),
(238, 2, '2014-07-30 08:42:50', '<i class="fa fa-plus-square"></i> Ajout de la carte Gendry', 4),
(239, 2, '2014-07-30 08:43:58', '<i class="fa fa-plus-square"></i> Ajout de la carte Lady of the Leaves', 4),
(240, 2, '2014-07-30 08:48:27', '<i class="fa fa-plus-square"></i> Ajout de la carte Grand Maester Pycelle', 4),
(241, 2, '2014-07-30 08:49:36', '<i class="fa fa-plus-square"></i> Ajout de la carte Lashing Out', 4),
(242, 2, '2014-07-30 08:50:40', '<i class="fa fa-plus-square"></i> Ajout de la carte Tywin''''s Favor', 4),
(243, 2, '2014-07-30 09:05:38', '<i class="fa fa-plus-square"></i> Ajout de la carte Sansa Stark', 4),
(244, 2, '2014-07-30 09:08:00', '<i class="fa fa-plus-square"></i> Ajout de la carte Robb''''s Favor', 4),
(245, 2, '2014-07-30 09:09:09', '<i class="fa fa-plus-square"></i> Ajout de la carte Southron Heiress', 4),
(246, 2, '2014-07-30 09:10:35', '<i class="fa fa-plus-square"></i> Ajout de la carte Secret Schemes', 4),
(247, 2, '2014-07-30 23:01:51', '<i class="fa fa-plus-square"></i> Ajout de la carte Maester Cressen', 4),
(248, 2, '2014-07-30 23:02:45', '<i class="fa fa-plus-square"></i> Ajout de la carte Mace Tyrell', 4),
(249, 2, '2014-07-30 23:03:52', '<i class="fa fa-plus-square"></i> Ajout de la carte Riches of the Reach', 4),
(250, 2, '2014-07-30 23:04:43', '<i class="fa fa-plus-square"></i> Ajout de la carte Gran Goodbrother', 4),
(251, 2, '2014-07-30 23:05:41', '<i class="fa fa-plus-square"></i> Ajout de la carte Longship Maiden''''s Bane', 4),
(252, 2, '2014-07-30 23:06:33', '<i class="fa fa-plus-square"></i> Ajout de la carte Euron''''s Favor', 4),
(253, 2, '2014-07-30 23:07:29', '<i class="fa fa-plus-square"></i> Ajout de la carte Viserion', 4),
(254, 2, '2014-07-30 23:08:12', '<i class="fa fa-plus-square"></i> Ajout de la carte Drogon', 4),
(255, 2, '2014-07-30 23:08:52', '<i class="fa fa-plus-square"></i> Ajout de la carte Rhaegal', 4),
(256, 2, '2014-07-30 23:09:44', '<i class="fa fa-plus-square"></i> Ajout de la carte Summoned by the Conclave', 4),
(257, 2, '2014-07-30 23:11:00', '<i class="fa fa-plus-square"></i> Ajout de la carte Littlefinger', 4),
(258, 2, '2014-07-30 23:13:02', '<i class="fa fa-plus-square"></i> Ajout de la carte Alleras', 4),
(259, 2, '2014-07-31 08:52:52', '<i class="fa fa-plus-square"></i> Ajout de la carte Tywin Lannister', 4),
(260, 2, '2014-07-31 08:53:47', '<i class="fa fa-plus-square"></i> Ajout de la carte The Hound', 4),
(261, 2, '2014-07-31 08:54:43', '<i class="fa fa-plus-square"></i> Ajout de la carte Umber Champion', 4),
(262, 2, '2014-07-31 08:55:51', '<i class="fa fa-plus-square"></i> Ajout de la carte Moat Cailin', 4),
(263, 2, '2014-07-31 08:56:55', '<i class="fa fa-plus-square"></i> Ajout de la carte Arianne Martell', 4),
(264, 2, '2014-07-31 08:58:03', '<i class="fa fa-plus-square"></i> Ajout de la carte Palestone Sword Guard', 4),
(265, 2, '2014-07-31 08:59:20', '<i class="fa fa-plus-square"></i> Ajout de la carte Shadow Killer', 4),
(266, 2, '2014-07-31 09:00:48', '<i class="fa fa-plus-square"></i> Ajout de la carte Melisandre', 4),
(267, 2, '2014-07-31 09:01:41', '<i class="fa fa-plus-square"></i> Ajout de la carte Greydon Goodbrother', 4),
(268, 2, '2014-07-31 09:02:50', '<i class="fa fa-plus-square"></i> Ajout de la carte Longship Grey Ghost', 4),
(269, 2, '2014-07-31 09:04:23', '<i class="fa fa-plus-square"></i> Ajout de la carte Ser Jorah Mormont', 4),
(270, 2, '2014-07-31 09:05:27', '<i class="fa fa-plus-square"></i> Ajout de la carte Harpy''''s Scourge', 4),
(271, 2, '2014-07-31 09:06:39', '<i class="fa fa-plus-square"></i> Ajout de la carte On My Oath', 4),
(272, 2, '2014-07-31 09:07:50', '<i class="fa fa-plus-square"></i> Ajout de la carte Ser Barristan Selmy', 4),
(273, 2, '2014-07-31 09:09:26', '<i class="fa fa-plus-square"></i> Ajout de la carte Ser Jaime Lannister', 4),
(274, 2, '2014-07-31 09:10:22', '<i class="fa fa-plus-square"></i> Ajout de la carte Ser Meryn Trant', 4),
(275, 2, '2014-07-31 09:11:25', '<i class="fa fa-plus-square"></i> Ajout de la carte Ser Mandon Moore', 4),
(276, 2, '2014-07-31 09:12:14', '<i class="fa fa-plus-square"></i> Ajout de la carte Ser Preston Greenfield', 4),
(277, 2, '2014-07-31 09:13:08', '<i class="fa fa-plus-square"></i> Ajout de la carte Ser Arys Oakheart', 4),
(278, 2, '2014-07-31 09:14:17', '<i class="fa fa-plus-square"></i> Ajout de la carte Ser Boros Blount', 4),
(279, 2, '2014-09-27 22:38:43', '<i class="fa fa-plus-square"></i> Ajout de la carte Little Bird', 4),
(280, 2, '2014-09-27 22:41:18', '<i class="fa fa-plus-square"></i> Ajout de la carte Blackwater Bay Veteran', 4),
(281, 2, '2014-09-27 22:43:27', '<i class="fa fa-plus-square"></i> Ajout de la carte Fleet form The Arbor', 4),
(282, 2, '2014-09-27 22:45:10', '<i class="fa fa-plus-square"></i> Ajout de la carte Fleet from Wolf''''s Den', 4),
(283, 2, '2014-09-27 23:40:38', '<i class="fa fa-plus-square"></i> Ajout de la carte Wyman Manderly', 4),
(284, 2, '2014-09-29 08:35:52', '<i class="fa fa-plus-square"></i> Ajout de la carte Lady Nym''''s Guard', 4),
(285, 2, '2014-09-29 08:39:27', '<i class="fa fa-plus-square"></i> Ajout de la carte Areo Hotah', 4),
(286, 2, '2014-09-29 08:42:49', '<i class="fa fa-plus-square"></i> Ajout de la carte Melisandre''''s Scheme', 4),
(287, 2, '2014-09-29 08:46:22', '<i class="fa fa-plus-square"></i> Ajout de la carte Lady Olenna''''s Guard', 4),
(288, 2, '2014-09-29 08:48:01', '<i class="fa fa-plus-square"></i> Ajout de la carte Fleet from Lysene', 4),
(289, 2, '2014-09-29 08:49:38', '<i class="fa fa-plus-square"></i> Ajout de la carte Apostle of The Drowned God', 4),
(290, 2, '2014-09-29 08:52:10', '<i class="fa fa-plus-square"></i> Ajout de la carte Fleet from Pyke', 4),
(291, 2, '2014-09-29 08:53:21', '<i class="fa fa-plus-square"></i> Ajout de la carte Victarion Greyjoy', 4),
(292, 2, '2014-09-29 08:54:36', '<i class="fa fa-plus-square"></i> Ajout de la carte Missandei', 4),
(293, 2, '2014-09-29 09:03:44', '<i class="fa fa-plus-square"></i> Ajout de la carte Captain Groleo', 4),
(294, 2, '2014-09-29 09:04:56', '<i class="fa fa-plus-square"></i> Ajout de la carte Fleet from Volantis', 4),
(295, 2, '2014-09-29 09:06:26', '<i class="fa fa-plus-square"></i> Ajout de la carte Naval Reinforcement', 4),
(296, 2, '2014-09-29 09:40:53', '<i class="fa fa-plus-square"></i> Ajout de la carte Crossing the Ruby Ford', 4),
(297, 2, '2014-09-29 09:42:40', '<i class="fa fa-plus-square"></i> Ajout de la carte Summer Sea Corsair', 4),
(298, 2, '2014-09-29 09:44:08', '<i class="fa fa-plus-square"></i> Ajout de la carte Black Sails', 4),
(300, 2, '2014-10-05 11:42:15', '<i class="fa fa-plus-square"></i> Ajout de la carte Sitting the Iron Throne', 4),
(301, 2, '2014-10-06 08:28:21', '<i class="fa fa-plus-square"></i> Ajout de la carte Riders of Karhold', 4),
(302, 2, '2014-10-06 08:29:26', '<i class="fa fa-plus-square"></i> Ajout de la carte Passing the Wall', 4),
(303, 2, '2014-10-06 08:32:12', '<i class="fa fa-plus-square"></i> Ajout de la carte Host of the Boneway', 4),
(304, 2, '2014-10-06 08:33:10', '<i class="fa fa-plus-square"></i> Ajout de la carte Greenblood Vessel', 4),
(305, 2, '2014-10-06 08:34:09', '<i class="fa fa-plus-square"></i> Ajout de la carte Shores of the Summer Sea', 4),
(306, 2, '2014-10-06 08:35:38', '<i class="fa fa-plus-square"></i> Ajout de la carte Blackcrown Knights', 4),
(307, 2, '2014-10-06 08:36:47', '<i class="fa fa-plus-square"></i> Ajout de la carte Dale Seaworth', 4),
(308, 2, '2014-10-06 08:37:48', '<i class="fa fa-plus-square"></i> Ajout de la carte Shores of the Blackwater', 4),
(309, 2, '2014-10-06 08:40:50', '<i class="fa fa-plus-square"></i> Ajout de la carte Raiders of Orkmont', 4),
(310, 2, '2014-10-06 08:42:15', '<i class="fa fa-plus-square"></i> Ajout de la carte Deepwood Motte', 4),
(311, 2, '2014-10-06 08:43:19', '<i class="fa fa-plus-square"></i> Ajout de la carte Seized', 4),
(312, 2, '2014-10-06 08:44:16', '<i class="fa fa-plus-square"></i> Ajout de la carte Dothraki Outrider', 4),
(313, 2, '2014-10-06 08:45:40', '<i class="fa fa-plus-square"></i> Ajout de la carte Braided Screamers', 4),
(314, 2, '2014-10-06 08:46:35', '<i class="fa fa-plus-square"></i> Ajout de la carte Port at Slaver''s Bay', 4),
(315, 2, '2014-10-06 08:47:45', '<i class="fa fa-plus-square"></i> Ajout de la carte King''s Landing Coup', 4),
(316, 2, '2014-10-06 08:54:41', '<i class="fa fa-plus-square"></i> Ajout de la carte Margaery Tyrell', 4),
(317, 2, '2014-10-06 08:56:08', '<i class="fa fa-plus-square"></i> Ajout de la carte Blazewater Bay', 4),
(318, 2, '2014-10-06 09:01:28', '<i class="fa fa-plus-square"></i> Ajout de la carte Blackwater Rush', 4),
(319, 2, '2014-10-07 08:19:39', '<i class="fa fa-plus-square"></i> Ajout de la carte Lyseni Pirate', 4),
(320, 2, '2014-10-07 08:20:52', '<i class="fa fa-plus-square"></i> Ajout de la carte Khorane Sathmantes', 4),
(321, 2, '2014-10-07 08:21:52', '<i class="fa fa-plus-square"></i> Ajout de la carte Iron Islands Brigand', 4),
(322, 2, '2014-10-07 08:23:30', '<i class="fa fa-plus-square"></i> Ajout de la carte Iron Fleet Scout', 4),
(323, 2, '2014-10-07 08:24:29', '<i class="fa fa-plus-square"></i> Ajout de la carte Ser Rolly Duckfield', 4),
(324, 2, '2014-10-07 08:26:48', '<i class="fa fa-plus-square"></i> Ajout de la carte Guided by Quaithe', 4),
(325, 2, '2014-10-07 08:28:40', '<i class="fa fa-plus-square"></i> Ajout de la carte Blood Magic Ritual', 4),
(326, 2, '2014-10-07 08:31:01', '<i class="fa fa-plus-square"></i> Ajout de la carte Aurane Waters', 4),
(327, 2, '2014-10-07 08:32:03', '<i class="fa fa-plus-square"></i> Ajout de la carte Dagger Lake Galley', 4),
(328, 2, '2014-10-07 08:33:28', '<i class="fa fa-plus-square"></i> Ajout de la carte Anointed by the Mother', 4),
(329, 2, '2014-10-07 08:34:38', '<i class="fa fa-plus-square"></i> Ajout de la carte Judged by the Father', 4),
(330, 2, '2014-10-07 08:35:34', '<i class="fa fa-plus-square"></i> Ajout de la carte Nurtured by the Crone', 4),
(331, 2, '2014-10-07 08:36:45', '<i class="fa fa-plus-square"></i> Ajout de la carte Desperate Measures', 4),
(332, 2, '2014-10-07 08:38:52', '<i class="fa fa-plus-square"></i> Ajout de la carte King''s Landing Dromon', 4),
(333, 2, '2014-10-07 08:43:40', '<i class="fa fa-plus-square"></i> Ajout de la carte House Manderly Escort', 4),
(334, 2, '2014-10-07 08:44:35', '<i class="fa fa-plus-square"></i> Ajout de la carte Trident Guard', 4),
(335, 2, '2014-10-07 08:45:30', '<i class="fa fa-plus-square"></i> Ajout de la carte Call of the Three-Eyed Crow', 4),
(336, 2, '2014-10-08 09:19:45', '<i class="fa fa-plus-square"></i> Ajout de la carte Daven Lannister', 4),
(337, 2, '2014-10-08 09:19:48', '<i class="fa fa-plus-square"></i> Ajout de la carte Daven Lannister', 4),
(338, 2, '2014-10-08 09:20:40', '<i class="fa fa-plus-square"></i> Ajout de la carte Deep Den', 4),
(339, 2, '2014-10-08 15:52:12', '<i class="fa fa-plus-square"></i> Ajout de la carte Lucky Bones', 4),
(340, 2, '2014-10-08 15:55:46', '<i class="fa fa-plus-square"></i> Ajout de la carte Gylbert Farwynd', 4),
(341, 2, '2014-10-13 08:20:01', '<i class="fa fa-plus-square"></i> Ajout de la carte Jaqen H''ghar', 4),
(342, 2, '2014-10-13 08:20:39', '<i class="fa fa-plus-square"></i> Ajout de la carte Oldtown Scholar', 4),
(343, 2, '2014-10-13 08:21:45', '<i class="fa fa-plus-square"></i> Ajout de la carte The Inn of the Kneeling Man', 4),
(344, 2, '2014-10-13 08:22:43', '<i class="fa fa-plus-square"></i> Ajout de la carte Called by the Citadel', 4),
(345, 2, '2014-10-13 08:23:49', '<i class="fa fa-plus-square"></i> Ajout de la carte Pale Steel Link', 4),
(346, 2, '2014-10-13 08:24:39', '<i class="fa fa-plus-square"></i> Ajout de la carte Bronze Link', 4),
(347, 2, '2014-10-13 08:26:21', '<i class="fa fa-plus-square"></i> Ajout de la carte Lady Genna', 4),
(348, 2, '2014-10-16 08:20:19', '<i class="fa fa-plus-square"></i> Ajout de la carte Rickon Stark', 4),
(349, 2, '2014-10-16 08:21:11', '<i class="fa fa-plus-square"></i> Ajout de la carte Lonely Hills', 4),
(350, 2, '2014-10-16 08:24:30', '<i class="fa fa-plus-square"></i> Ajout de la carte Starfall Cavalry', 4),
(351, 2, '2014-10-16 08:27:09', '<i class="fa fa-plus-square"></i> Ajout de la carte Oberyn''s Guile', 4),
(352, 2, '2014-10-16 08:29:39', '<i class="fa fa-plus-square"></i> Ajout de la carte Ser Jon Fossoway', 4),
(353, 2, '2014-10-16 08:31:11', '<i class="fa fa-plus-square"></i> Ajout de la carte Dragonstone Watchtower', 4),
(354, 2, '2014-10-16 08:32:12', '<i class="fa fa-plus-square"></i> Ajout de la carte Iron Fleet Raiders', 4),
(355, 2, '2014-10-16 08:33:13', '<i class="fa fa-plus-square"></i> Ajout de la carte Iron Lore', 4),
(356, 2, '2014-10-16 08:34:22', '<i class="fa fa-plus-square"></i> Ajout de la carte Bloodrider', 4),
(357, 2, '2014-10-16 08:35:26', '<i class="fa fa-plus-square"></i> Ajout de la carte House of Shadow', 4),
(358, 2, '2014-10-16 08:37:33', '<i class="fa fa-plus-square"></i> Ajout de la carte War of Attrition', 4),
(359, 2, '2014-10-16 08:38:40', '<i class="fa fa-plus-square"></i> Ajout de la carte The Mad Mouse', 4),
(360, 2, '2014-10-16 08:39:45', '<i class="fa fa-plus-square"></i> Ajout de la carte Archmaester Marwyn', 4),
(361, 2, '2014-10-16 08:40:43', '<i class="fa fa-plus-square"></i> Ajout de la carte Citadel Law', 4),
(362, 2, '2014-10-16 08:41:46', '<i class="fa fa-plus-square"></i> Ajout de la carte We Light the Way', 4),
(363, 2, '2014-10-16 08:43:03', '<i class="fa fa-plus-square"></i> Ajout de la carte The Archmaester''s Wrath', 4),
(364, 2, '2014-10-16 08:44:14', '<i class="fa fa-plus-square"></i> Ajout de la carte Iron Link', 4),
(365, 2, '2014-10-16 08:45:24', '<i class="fa fa-plus-square"></i> Ajout de la carte Black Iron Link', 4),
(366, 2, '2014-10-16 08:46:32', '<i class="fa fa-pencil-square"></i> Mise à jour de la carte Citadel Law', 4),
(367, 2, '2014-10-16 08:47:17', '<i class="fa fa-pencil-square"></i> Mise à jour de la carte We Light the Way', 4),
(368, 2, '2014-10-16 08:47:45', '<i class="fa fa-pencil-square"></i> Mise à jour de la carte The Archmaester''s Wrath', 4),
(369, 2, '2014-10-16 08:48:11', '<i class="fa fa-pencil-square"></i> Mise à jour de la carte Iron Link', 4),
(370, 2, '2014-10-16 08:49:12', '<i class="fa fa-pencil-square"></i> Mise à jour de la carte Black Iron Link', 4),
(371, 2, '2014-10-20 09:06:00', '<i class="fa fa-plus-square"></i> Ajout de la carte Corrupt Contender', 4),
(372, 2, '2014-10-20 09:08:21', '<i class="fa fa-plus-square"></i> Ajout de la carte Slander and Lies', 4),
(373, 2, '2014-10-20 09:11:21', '<i class="fa fa-plus-square"></i> Ajout de la carte Maester of Last Hearth', 4),
(374, 2, '2014-10-20 09:30:30', '<i class="fa fa-plus-square"></i> Ajout de la carte Ser Brynden''s Guile', 4),
(375, 2, '2014-10-20 09:31:40', '<i class="fa fa-plus-square"></i> Ajout de la carte Spear Phalanx', 4),
(376, 2, '2014-10-20 09:32:47', '<i class="fa fa-plus-square"></i> Ajout de la carte Advisor''s Chambers', 4),
(377, 2, '2014-10-20 09:34:14', '<i class="fa fa-plus-square"></i> Ajout de la carte Rotten Bastard', 4),
(378, 2, '2014-10-20 09:35:16', '<i class="fa fa-plus-square"></i> Ajout de la carte Maester''s Tower', 4),
(379, 2, '2014-10-20 09:40:07', '<i class="fa fa-plus-square"></i> Ajout de la carte Famished Deckhand', 4),
(380, 2, '2014-10-20 09:41:10', '<i class="fa fa-plus-square"></i> Ajout de la carte The Iron Cliffs', 4),
(381, 2, '2014-10-20 14:42:14', '<i class="fa fa-plus-square"></i> Ajout de la carte Prolific Statesman', 4),
(382, 2, '2014-10-20 14:43:16', '<i class="fa fa-plus-square"></i> Ajout de la carte Ser Gerold Hightower', 4),
(383, 2, '2014-10-20 14:44:42', '<i class="fa fa-plus-square"></i> Ajout de la carte Citadel Politics', 4),
(384, 2, '2014-10-20 14:47:46', '<i class="fa fa-plus-square"></i> Ajout de la carte Valyrian Steel Link', 4),
(385, 2, '2014-10-20 14:49:04', '<i class="fa fa-plus-square"></i> Ajout de la carte Brass Link', 4),
(386, 2, '2014-10-20 15:08:57', '<i class="fa fa-plus-square"></i> Ajout de la carte Ser Kevan Lannister', 4),
(387, 2, '2014-10-20 15:09:54', '<i class="fa fa-plus-square"></i> Ajout de la carte Futile Gestures', 4),
(388, 2, '2014-10-20 15:18:45', '<i class="fa fa-plus-square"></i> Ajout de la carte The Kindly Man', 4),
(389, 2, '2014-10-20 16:16:55', '<i class="fa fa-plus-square"></i> Ajout de la carte Playing the Part', 4),
(390, 2, '2014-10-20 16:18:05', '<i class="fa fa-plus-square"></i> Ajout de la carte Thirst for Vengeance', 4),
(391, 2, '2014-10-20 16:20:07', '<i class="fa fa-plus-square"></i> Ajout de la carte Willas Tyrell', 4),
(392, 2, '2014-10-20 16:21:13', '<i class="fa fa-plus-square"></i> Ajout de la carte The Bastard of Nightsong', 4),
(393, 2, '2014-10-20 16:22:54', '<i class="fa fa-plus-square"></i> Ajout de la carte Aeron Damphair', 4),
(394, 2, '2014-10-20 16:23:51', '<i class="fa fa-plus-square"></i> Ajout de la carte Maester Kerwin', 4),
(395, 2, '2014-10-20 16:29:37', '<i class="fa fa-plus-square"></i> Ajout de la carte Magister Illyrio', 4),
(396, 2, '2014-10-20 16:30:39', '<i class="fa fa-plus-square"></i> Ajout de la carte Incinerate', 4),
(397, 2, '2014-10-20 16:32:01', '<i class="fa fa-plus-square"></i> Ajout de la carte Harried by Dragons', 4),
(398, 2, '2014-10-20 16:33:03', '<i class="fa fa-plus-square"></i> Ajout de la carte Above the Sorrows', 4),
(399, 2, '2014-10-20 16:35:28', '<i class="fa fa-plus-square"></i> Ajout de la carte Shores of Ny Sar', 4),
(400, 2, '2014-10-20 16:37:29', '<i class="fa fa-plus-square"></i> Ajout de la carte At the Palace of Sorrows', 4),
(401, 2, '2014-10-20 16:39:25', '<i class="fa fa-plus-square"></i> Ajout de la carte Volantis', 4),
(402, 2, '2014-10-20 16:40:55', '<i class="fa fa-plus-square"></i> Ajout de la carte Ward', 4),
(403, 2, '2014-10-20 16:42:14', '<i class="fa fa-plus-square"></i> Ajout de la carte Turncloak', 4),
(404, 2, '2014-10-20 16:45:25', '<i class="fa fa-plus-square"></i> Ajout de la carte Penny', 4),
(405, 2, '2014-10-20 17:04:34', '<i class="fa fa-plus-square"></i> Ajout de la carte Merchant''s Widow', 4),
(406, 2, '2014-10-20 17:31:41', '<i class="fa fa-plus-square"></i> Ajout de la carte Damon Dance-For-Me', 4),
(407, 2, '2014-10-20 17:32:54', '<i class="fa fa-plus-square"></i> Ajout de la carte Bran Stark', 4),
(408, 2, '2014-10-20 17:40:02', '<i class="fa fa-plus-square"></i> Ajout de la carte Castle Battlements', 4),
(409, 2, '2014-10-20 17:41:56', '<i class="fa fa-plus-square"></i> Ajout de la carte Quentyn Martell', 4),
(410, 2, '2014-10-20 17:43:44', '<i class="fa fa-plus-square"></i> Ajout de la carte Shireen Baratheon', 4),
(411, 2, '2014-10-21 11:25:53', '<i class="fa fa-plus-square"></i> Ajout de la carte Spiteful Bastard', 4),
(412, 2, '2014-10-21 11:27:10', '<i class="fa fa-plus-square"></i> Ajout de la carte Braavos', 4),
(413, 2, '2014-10-21 11:28:11', '<i class="fa fa-plus-square"></i> Ajout de la carte Norvos', 4),
(414, 2, '2014-10-21 11:35:00', '<i class="fa fa-plus-square"></i> Ajout de la carte Yezzan''s Grotesquerie', 4),
(415, 2, '2014-10-21 11:36:05', '<i class="fa fa-plus-square"></i> Ajout de la carte Selhorys Customs Officer', 4),
(416, 2, '2014-10-21 11:37:20', '<i class="fa fa-plus-square"></i> Ajout de la carte Follower of the Many-Faced God', 4),
(417, 2, '2014-10-21 11:38:32', '<i class="fa fa-plus-square"></i> Ajout de la carte Abel''s Washerwoman', 4),
(418, 2, '2014-10-21 11:39:54', '<i class="fa fa-plus-square"></i> Ajout de la carte Ser Archibald Yronwood', 4),
(419, 2, '2014-10-21 12:18:09', '<i class="fa fa-plus-square"></i> Ajout de la carte Ser Gerris Drinkwater', 4),
(420, 2, '2014-10-21 12:22:10', '<i class="fa fa-plus-square"></i> Ajout de la carte The Red Queen''s Faithful', 4),
(421, 2, '2014-10-21 17:14:49', '<i class="fa fa-pencil-square"></i> Mise à jour de la carte Walk of Shame', 4),
(422, 2, '2014-10-23 09:00:31', '<i class="fa fa-plus-square"></i> Ajout de la carte The Brazen Beasts', 4),
(423, 2, '2014-10-23 09:25:50', '<i class="fa fa-plus-square"></i> Ajout de la carte Meereenese Fighting Pit', 4),
(424, 2, '2014-10-23 09:45:37', '<i class="fa fa-plus-square"></i> Ajout de la carte Dragonbone Bow', 4),
(425, 2, '2014-10-24 08:36:58', '<i class="fa fa-plus-square"></i> Ajout de la carte Rhymes with Meek', 4);

-- --------------------------------------------------------

--
-- Structure de la table `log_rubrique`
--

CREATE TABLE IF NOT EXISTS `log_rubrique` (
  `RubriqueID` int(11) NOT NULL AUTO_INCREMENT,
  `Nom` varchar(20) NOT NULL,
  PRIMARY KEY (`RubriqueID`)
) ENGINE=InnoDB  DEFAULT CHARSET=utf8 AUTO_INCREMENT=9 ;

--
-- Contenu de la table `log_rubrique`
--

INSERT INTO `log_rubrique` (`RubriqueID`, `Nom`) VALUES
(1, 'Catégories'),
(2, 'Articles'),
(3, 'Images'),
(4, 'Cartes'),
(5, 'Extensions'),
(6, 'Cycles'),
(7, 'Inscriptions'),
(8, 'Connexions');

-- --------------------------------------------------------

--
-- Structure de la table `membre_groupe`
--

CREATE TABLE IF NOT EXISTS `membre_groupe` (
  `GroupeId` int(11) NOT NULL AUTO_INCREMENT,
  `Nom` varchar(255) CHARACTER SET utf8 NOT NULL,
  `Description` text CHARACTER SET utf8 NOT NULL,
  PRIMARY KEY (`GroupeId`)
) ENGINE=InnoDB  DEFAULT CHARSET=utf8 COLLATE=utf8_unicode_ci AUTO_INCREMENT=4 ;

--
-- Contenu de la table `membre_groupe`
--

INSERT INTO `membre_groupe` (`GroupeId`, `Nom`, `Description`) VALUES
(1, 'Administrateur', 'Administrateur'),
(2, 'Modérateur', 'Modérateur'),
(3, 'Utilisateur', 'Utilisateur');

-- --------------------------------------------------------

--
-- Structure de la table `membre_membre`
--

CREATE TABLE IF NOT EXISTS `membre_membre` (
  `MembreID` int(11) NOT NULL AUTO_INCREMENT,
  `Pseudo` varchar(20) CHARACTER SET utf8 NOT NULL,
  `Mail` varchar(200) CHARACTER SET utf8 NOT NULL,
  `Password` varchar(40) CHARACTER SET utf8 NOT NULL,
  `DateNaissance` date NOT NULL,
  `Pays` varchar(255) COLLATE utf8_unicode_ci NOT NULL,
  `Ville` varchar(255) COLLATE utf8_unicode_ci NOT NULL,
  `Meta` varchar(255) COLLATE utf8_unicode_ci NOT NULL,
  `MaisonFavorite` varchar(255) COLLATE utf8_unicode_ci NOT NULL,
  `Facebook` varchar(255) COLLATE utf8_unicode_ci NOT NULL,
  `Twitter` varchar(255) COLLATE utf8_unicode_ci NOT NULL,
  `Skype` varchar(255) COLLATE utf8_unicode_ci NOT NULL,
  `OCTGN` varchar(255) COLLATE utf8_unicode_ci NOT NULL,
  `Token` varchar(100) CHARACTER SET utf8 NOT NULL,
  `Rang` int(11) NOT NULL,
  `Actif` int(1) NOT NULL,
  PRIMARY KEY (`MembreID`),
  UNIQUE KEY `Pseudo` (`Pseudo`),
  KEY `fk_groupe` (`Rang`)
) ENGINE=InnoDB  DEFAULT CHARSET=utf8 COLLATE=utf8_unicode_ci AUTO_INCREMENT=33 ;

--
-- Contenu de la table `membre_membre`
--

INSERT INTO `membre_membre` (`MembreID`, `Pseudo`, `Mail`, `Password`, `DateNaissance`, `Pays`, `Ville`, `Meta`, `MaisonFavorite`, `Facebook`, `Twitter`, `Skype`, `OCTGN`, `Token`, `Rang`, `Actif`) VALUES
(1, 'Elgrim', 'bennit38070@gmail.com', 'e6f481f6feb2eb2697a74b8eec478fa4805145a5', '0000-00-00', 'France', 'Saint Quentin Fallavier', 'Lyonnaise', 'Lannister', 'Aucun', 'Aucun', 'Aucun', 'Aucune', '77dc5e01feee8439a02bc769c0fb87fa222becab', 1, 1),
(2, 'plug&play', 'melanierosset@free.fr', '25aba44f3a661fbf7b12caead6a44ea93c5baa10', '0000-00-00', 'France', 'Brignais', '-', 'Martell', '-', '-', 'Mélanie ROSSET', '-', '07ba0c3e52792366eb208394281be894c8f92f39', 1, 1),
(3, 'Tygrou', 'superquentin21@hotmail.fr', '624c22a8c8f8c93f18fe5ecd4713100c8d754507', '0000-00-00', '0', '', '0', '0', '', '', '', '', 'f634a2c89333b91bdd4665286d905b0930190657', 3, 1),
(4, 'invité', 'pierre@yopmail.com', '5baa61e4c9b93f3f0682250b6cf8331b7ee68fd8', '0000-00-00', '0', '', '0', '0', '', '', '', '', '643b8d2bfb8ba084811c38b8c9a9544a2ab98009', 3, 1),
(11, 'Jinshin', 'test@yopmail.com', '624c22a8c8f8c93f18fe5ecd4713100c8d754507', '0000-00-00', '', '', '', '', '', '', '', '', 'fb3a8fdeb2caed89f5628f15e816b4eff705b8f7', 3, 1),
(24, 'Elgrimosa', 'bdieu@itafran.com', 'e6f481f6feb2eb2697a74b8eec478fa4805145a5', '0000-00-00', '', '', '', '', '', '', '', '', 'a6e266791827b46ba21d0f1fd21a70bf234021de', 3, 1),
(27, 'yaplu2pseudo', 'melanierosset@free.fr', '4853b499346146b72cf8a2c479d8e4313038f88e', '0000-00-00', '', '', '', '', '', '', '', '', '14d25c09d98dd70b081834bfacf97afccaac520c', 3, 1),
(30, 'Fredlink', 'fredlink123@hotmail.com', '58692fd42329d32571d999fbcdd2ddd08a5186db', '0000-00-00', '', '', '', '', '', '', '', '', '4d89338396ec47060239b1a1bc0ee46dae4921be', 3, 1),
(31, 'moimeme', 'moimeme@test.com', '816ac5b1b33efef2156fdadabb6c8128f6fc6368', '0000-00-00', '', '', '', '', '', '', '', '', '5533463ef12dc96d198095a3d205718e548a5f28', 3, 0),
(32, 'Ergheiz', 'beber_sharack@hotmail.com', 'fe81d13c8763ec1c873989f9c426e7db70833ca6', '0000-00-00', '', '', '', '', '', '', '', '', '81cd56fc6bb9c05e439e7d2308fa6b3ce0942e81', 3, 0);

--
-- Contraintes pour les tables exportées
--

--
-- Contraintes pour la table `article_article`
--
ALTER TABLE `article_article`
  ADD CONSTRAINT `fk_article_categorie` FOREIGN KEY (`Categorie`) REFERENCES `article_categorie` (`CategorieID`) ON UPDATE CASCADE,
  ADD CONSTRAINT `fk_article_membre` FOREIGN KEY (`Auteur`) REFERENCES `membre_membre` (`MembreID`) ON UPDATE CASCADE;

--
-- Contraintes pour la table `carte_adouber`
--
ALTER TABLE `carte_adouber`
  ADD CONSTRAINT `fk_adouber_carte` FOREIGN KEY (`CarteID`) REFERENCES `carte_carte` (`CarteID`) ON DELETE CASCADE ON UPDATE CASCADE,
  ADD CONSTRAINT `fk_adouber_trait` FOREIGN KEY (`TraitID`) REFERENCES `carte_trait` (`TraitID`) ON DELETE CASCADE ON UPDATE CASCADE;

--
-- Contraintes pour la table `carte_appartenir`
--
ALTER TABLE `carte_appartenir`
  ADD CONSTRAINT `fk_appartenir_affiliation` FOREIGN KEY (`AffiliationID`) REFERENCES `carte_affiliation` (`AffiliationID`) ON DELETE CASCADE ON UPDATE CASCADE,
  ADD CONSTRAINT `fk_appartenir_carte` FOREIGN KEY (`CarteID`) REFERENCES `carte_carte` (`CarteID`) ON DELETE CASCADE ON UPDATE CASCADE;

--
-- Contraintes pour la table `carte_carte`
--
ALTER TABLE `carte_carte`
  ADD CONSTRAINT `fk_carte_extension` FOREIGN KEY (`Extension`) REFERENCES `carte_extension` (`ExtensionID`) ON UPDATE CASCADE,
  ADD CONSTRAINT `fk_carte_type` FOREIGN KEY (`Type`) REFERENCES `carte_type` (`TypeID`) ON UPDATE CASCADE;

--
-- Contraintes pour la table `carte_defier`
--
ALTER TABLE `carte_defier`
  ADD CONSTRAINT `fk_defier_carte` FOREIGN KEY (`CarteID`) REFERENCES `carte_carte` (`CarteID`) ON DELETE CASCADE ON UPDATE CASCADE,
  ADD CONSTRAINT `fk_defier_icone` FOREIGN KEY (`IconeID`) REFERENCES `carte_icone` (`IconeID`) ON DELETE CASCADE ON UPDATE CASCADE;

--
-- Contraintes pour la table `carte_extension`
--
ALTER TABLE `carte_extension`
  ADD CONSTRAINT `fk_extension_cycle` FOREIGN KEY (`Cycle`) REFERENCES `carte_cycle` (`CycleID`) ON UPDATE CASCADE;

--
-- Contraintes pour la table `carte_qualifier`
--
ALTER TABLE `carte_qualifier`
  ADD CONSTRAINT `fk_qualifier_carte` FOREIGN KEY (`CarteID`) REFERENCES `carte_carte` (`CarteID`) ON DELETE CASCADE ON UPDATE CASCADE,
  ADD CONSTRAINT `fk_qualifier_vertu` FOREIGN KEY (`VertuID`) REFERENCES `carte_vertu` (`VertuID`) ON DELETE CASCADE ON UPDATE CASCADE;

--
-- Contraintes pour la table `log_log`
--
ALTER TABLE `log_log`
  ADD CONSTRAINT `fk_log_membre` FOREIGN KEY (`Membre`) REFERENCES `membre_membre` (`MembreID`) ON UPDATE CASCADE,
  ADD CONSTRAINT `fk_log_rubrique` FOREIGN KEY (`Rubrique`) REFERENCES `log_rubrique` (`RubriqueID`) ON UPDATE CASCADE;

--
-- Contraintes pour la table `membre_membre`
--
ALTER TABLE `membre_membre`
  ADD CONSTRAINT `fk_membre_groupe` FOREIGN KEY (`Rang`) REFERENCES `membre_groupe` (`GroupeId`) ON UPDATE CASCADE;

/*!40101 SET CHARACTER_SET_CLIENT=@OLD_CHARACTER_SET_CLIENT */;
/*!40101 SET CHARACTER_SET_RESULTS=@OLD_CHARACTER_SET_RESULTS */;
/*!40101 SET COLLATION_CONNECTION=@OLD_COLLATION_CONNECTION */;
